met_day,fire_count,VPD_mean,VPD_max,VPD_min,air_temperature_mean,air_temperature_max,air_temperature_min,dewpoint_mean,dewpoint_max,dewpoint_min,wetb_temp_mean,wetb_temp_max,wetb_temp_min,rltv_hum_mean,rltv_hum_max,rltv_hum_min,msl_pressure_mean,stn_pres_mean,alt_pres_mean,wind_speed_mean,wind_speed_max,visibility_mean,visibility_min,q10mnt_mxgst_spd_max,cs_hr_sun_dur_sum,wmo_hr_sun_dur_sum,drv_hr_sun_dur_sum,snow_depth_max,air_temperature_q_max,dewpoint_q_max,wetb_temp_q_max,msl_pressure_q_max,stn_pres_q_max,alt_pres_q_max,wind_direction_q_max,wind_speed_q_max,visibility_q_max,q10mnt_mxgst_spd_q_max,cs_hr_sun_dur_q_max,wmo_hr_sun_dur_q_max,drv_hr_sun_dur_q_max,snow_depth_q_max,ground_state_id_q_max,VPD_hourly_mean,VPD_hourly_max,VPD_hourly_min,wind_direction_circmean,ground_state_id_mode,station_count
2022-01-01,5,235.42,523.59,86.819,13.342,15.067,12.583,10.836,12.183,9.15,12.021,12.65,11.217,85.014,94.267,69.45,1017.396,1010.369,,8.85,12.4,1762.604,600.0,21.0,0.0,0.117,1.133,,22.667,22.667,22.667,6.0,6.0,,26.0,26.0,6.0,56.0,,6.0,1.0,,6.0,235.42,523.59,86.819,200.606,1.0,6
2022-01-02,0,198.833,302.901,81.498,11.335,13.0,9.3,8.906,11.4,5.867,10.138,12.1,7.833,85.106,94.25,77.1,1010.471,1003.448,,10.225,14.4,3156.042,590.0,25.0,0.0,0.033,0.533,,22.667,22.667,22.667,6.0,6.0,,26.0,26.0,6.0,26.0,,6.0,1.0,,6.0,198.833,302.901,81.498,228.553,1.0,6
2022-01-03,2,199.409,285.577,85.601,9.528,10.6,8.517,6.856,7.517,6.083,8.268,8.867,7.75,83.492,92.383,77.467,1007.948,1000.894,,8.442,12.8,2241.667,1375.0,20.0,0.0,0.0,0.033,,22.667,22.667,22.667,6.0,6.0,,26.0,26.0,6.0,6.0,,6.0,1.0,,6.0,199.409,285.577,85.601,226.415,1.0,6
2022-01-04,2,122.552,215.989,52.298,5.144,8.483,1.6,2.87,7.4,-1.65,4.251,7.967,0.467,85.306,94.633,73.05,1001.376,994.264,,6.633,11.4,2542.188,590.0,24.0,0.0,0.0,0.15,,22.667,22.667,22.667,6.0,6.0,,26.0,26.0,6.0,106.0,,6.0,1.0,,6.0,122.552,215.989,52.298,284.43,1.0,6
2022-01-05,0,172.202,324.028,56.737,2.825,6.15,-0.033,-0.622,0.7,-1.933,1.544,3.9,-0.55,78.139,90.917,65.567,1013.784,1006.511,,7.092,11.0,3170.833,1675.0,,0.0,0.817,2.983,,22.667,22.667,22.667,6.0,6.0,,26.0,26.0,6.0,,,6.0,1.0,,6.0,172.202,324.028,56.737,290.141,0.0,6
2022-01-06,1,102.742,267.666,21.322,2.281,7.15,-3.033,0.463,6.233,-3.717,1.558,6.7,-3.283,87.306,96.833,71.65,1016.522,1009.233,,5.692,13.8,2100.417,385.0,23.667,0.0,0.15,1.183,,22.667,22.667,22.667,6.0,6.0,,26.0,26.0,6.0,39.333,,6.0,1.0,,6.0,102.742,267.666,21.322,206.804,1.0,6
2022-01-07,1,146.36,287.736,44.427,3.915,6.183,0.65,1.187,4.133,-0.333,2.85,5.167,0.3,82.68,93.333,68.833,1010.634,1003.419,,9.192,14.4,3993.75,1525.0,23.667,0.0,0.417,1.283,,22.667,22.667,22.667,6.0,6.0,,26.0,26.0,6.0,39.333,,6.0,1.0,,6.0,146.36,287.736,44.427,250.696,1.0,6
2022-01-08,1,96.385,286.78,22.429,6.126,10.017,0.617,4.56,9.1,-0.15,5.462,9.533,0.333,90.056,97.533,72.167,1001.515,994.426,,8.15,14.2,2103.021,427.5,23.667,0.0,0.0,0.0,,22.667,22.667,22.667,6.0,6.0,,26.0,26.0,6.0,6.0,,6.0,1.0,,6.0,96.385,286.78,22.429,231.879,1.0,6
2022-01-09,0,163.761,356.37,39.355,4.359,7.967,1.783,1.408,2.75,0.033,3.185,5.6,1.217,81.562,94.533,66.683,1003.007,995.861,,5.917,10.0,2621.875,1325.0,,0.0,0.783,2.567,,22.667,22.667,22.667,6.0,6.0,,26.0,26.0,6.0,,,6.0,1.0,,6.0,163.761,356.37,39.355,249.484,0.0,6
2022-01-10,1,69.221,165.987,19.569,5.671,8.65,1.467,4.622,7.917,0.883,5.207,8.2,1.233,93.077,98.0,84.483,1018.459,1011.254,,2.933,5.8,1203.646,400.0,,0.0,0.0,0.05,,22.667,22.667,22.667,6.0,6.0,,26.0,26.0,6.0,,,6.0,1.0,,6.0,69.221,165.987,19.569,148.958,0.0,6
2022-01-11,2,55.717,120.449,16.033,9.081,10.183,7.783,8.342,9.817,6.383,8.728,9.967,7.183,95.154,98.667,89.217,1029.854,1022.64,,4.183,6.8,863.351,122.5,,0.0,0.0,0.133,,22.667,22.667,22.667,6.0,6.0,,26.0,26.0,6.0,,,6.0,1.0,,6.0,55.717,120.449,16.033,222.205,2.0,6
2022-01-12,0,86.531,289.484,12.342,4.485,8.733,1.017,3.115,5.65,0.5,3.899,7.05,0.833,91.039,98.467,74.333,1040.508,1033.106,,2.067,4.2,1033.229,340.0,,0.0,0.867,3.0,,22.667,22.667,22.667,6.0,6.0,,26.0,26.0,6.0,,,6.0,1.0,,6.0,86.531,289.484,12.342,297.214,1.0,6
2022-01-13,2,107.837,442.651,1.646,3.26,9.55,-0.083,1.476,5.283,-1.083,2.535,7.117,-0.167,88.897,99.733,62.1,1041.182,1033.771,,1.725,4.0,1547.396,75.0,,0.0,0.933,2.95,,22.667,22.667,22.667,6.0,6.0,,26.0,26.0,6.0,,,6.0,1.0,,6.0,107.837,442.651,1.646,249.554,1.0,6
2022-01-14,2,123.503,428.52,20.224,2.937,9.467,-0.8,0.848,3.683,-1.967,2.088,6.833,-1.1,86.482,96.9,63.4,1036.052,1028.672,,1.408,2.8,1739.792,790.0,,0.0,0.967,3.533,,22.667,22.667,22.667,6.0,6.0,,26.0,26.0,6.0,,,6.0,1.0,,6.0,123.503,428.52,20.224,221.008,0.0,6
2022-01-15,2,58.739,156.411,2.38,3.231,5.4,0.517,2.186,4.033,-0.067,2.811,4.533,0.4,92.983,99.683,82.25,1026.432,1019.109,,2.842,5.6,688.771,15.5,,0.0,0.0,0.283,,22.667,22.667,22.667,6.0,6.0,,26.0,26.0,6.0,,,6.0,1.0,,6.0,58.739,156.411,2.38,174.408,1.0,6
2022-01-16,4,79.355,274.562,4.1,5.894,9.15,3.533,4.651,6.6,1.883,5.358,7.683,2.95,91.919,99.55,76.1,1027.09,1019.832,,3.725,6.8,1058.021,107.5,,0.0,0.267,1.083,,22.667,22.667,22.667,6.0,6.0,,26.0,26.0,6.0,,,6.0,1.0,,6.0,79.355,274.562,4.1,271.705,1.0,6
2022-01-17,1,125.694,421.432,24.647,3.51,9.617,0.25,1.394,3.817,-0.7,2.643,6.933,-0.1,86.425,96.5,64.85,1037.659,1030.259,,2.992,5.8,1906.25,725.0,,0.0,1.0,3.55,,22.667,22.667,22.667,6.0,6.0,,26.0,26.0,6.0,,,6.0,1.0,,6.0,125.694,421.432,24.647,270.227,0.0,6
2022-01-18,0,54.089,144.693,1.555,2.581,6.717,-1.8,1.686,4.883,-2.3,2.213,5.817,-1.967,93.428,99.733,85.133,1037.193,1029.768,,2.017,4.8,988.439,209.0,,0.0,0.3,1.233,,22.667,22.667,22.667,6.0,6.0,,26.0,26.0,6.0,,,6.0,1.0,,6.0,54.089,144.693,1.555,227.272,0.0,6
2022-01-19,2,163.678,405.251,60.76,5.99,8.933,3.05,3.324,6.45,0.967,4.869,7.367,2.267,83.245,93.2,64.167,1027.917,1020.628,,5.775,10.6,2319.792,750.0,19.5,0.0,0.333,1.333,,22.667,22.667,22.667,6.0,6.0,,26.0,26.0,6.0,56.0,,6.0,1.0,,6.0,163.678,405.251,60.76,274.84,1.0,6
2022-01-20,2,206.391,400.881,35.463,2.99,5.55,0.433,-1.242,1.467,-3.1,1.469,2.95,-0.083,74.617,94.9,55.4,1035.818,1028.383,,5.4,9.0,2893.229,1137.5,,0.0,0.8,2.7,,22.667,22.667,22.667,6.0,6.0,,26.0,26.0,6.0,,,6.0,1.0,,6.0,206.391,400.881,35.463,326.961,0.0,6
2022-01-21,3,154.792,252.275,58.638,1.948,4.75,-2.317,-1.178,1.817,-4.1,0.786,3.55,-2.85,78.856,89.417,67.0,1039.159,1031.688,,4.408,7.2,2955.208,1650.0,,0.0,0.083,0.917,,22.667,22.667,22.667,6.0,6.0,,26.0,26.0,6.0,,,6.0,1.0,,6.0,154.792,252.275,58.638,278.792,0.0,6
2022-01-22,0,160.976,234.854,52.965,4.697,6.067,1.65,1.872,2.7,0.45,3.559,4.633,1.217,81.901,92.633,74.883,1037.512,1030.125,,4.175,7.0,2518.542,1120.0,15.0,0.0,0.0,0.1,,22.667,22.667,22.667,6.0,6.0,,26.0,26.0,6.0,106.0,,6.0,1.0,,6.0,160.976,234.854,52.965,305.122,0.0,6
2022-01-23,3,195.053,254.14,126.814,5.544,6.167,4.983,2.166,2.95,1.167,4.176,4.7,3.65,78.691,85.733,72.7,1035.246,1027.898,,2.042,3.8,2005.208,1250.0,16.0,0.0,0.0,0.0,,22.667,22.667,22.667,6.0,6.0,,26.0,26.0,6.0,106.0,,6.0,1.0,,6.0,195.053,254.14,126.814,188.594,0.0,6
2022-01-24,2,175.545,221.397,122.315,4.228,5.35,3.083,0.941,1.667,0.417,2.956,3.85,2.15,79.043,84.233,74.9,1033.617,1026.242,,2.658,4.4,1178.125,600.0,,0.0,0.0,0.017,,22.667,22.667,22.667,6.0,6.0,,26.0,26.0,6.0,,,6.0,1.0,,6.0,175.545,221.397,122.315,123.73,0.0,6
2022-01-25,2,106.099,129.772,89.393,2.407,3.067,1.85,0.251,0.733,-0.4,1.606,2.167,1.033,85.524,87.633,82.617,1034.607,1027.18,,3.325,6.6,655.729,475.0,,0.0,0.0,0.0,,22.667,22.667,22.667,6.0,6.0,,26.0,26.0,6.0,,,6.0,1.0,,6.0,106.099,129.772,89.393,270.745,0.0,6
2022-01-26,1,197.718,346.236,89.056,5.018,8.05,2.433,1.567,2.767,0.133,3.632,5.767,1.617,78.526,88.283,67.8,1032.802,1025.454,,5.292,9.0,1368.75,600.0,14.0,0.0,0.1,0.283,,22.667,22.667,22.667,6.0,6.0,,26.0,26.0,6.0,106.0,,6.0,1.0,,6.0,197.718,346.236,89.056,248.674,0.0,6
2022-01-27,2,212.021,497.37,86.082,7.9,12.167,3.517,4.768,9.2,1.15,6.519,10.45,2.6,80.854,92.25,62.033,1028.721,1021.486,,7.417,11.4,3311.458,975.0,16.0,0.0,0.267,0.817,,22.667,22.667,22.667,6.0,6.0,,26.0,26.0,6.0,106.0,,6.0,1.0,,6.0,212.021,497.37,86.082,267.714,1.0,6
2022-01-28,1,140.068,346.853,23.305,5.469,9.567,0.8,3.312,7.967,-0.033,4.535,8.317,0.517,86.342,97.083,70.217,1034.305,1026.979,,5.333,11.8,3021.667,545.0,17.0,0.0,0.317,1.583,,22.667,22.667,22.667,6.0,6.0,,26.0,26.0,6.0,56.0,,6.0,1.0,,6.0,140.068,346.853,23.305,244.802,0.0,6
2022-01-29,3,293.728,558.215,55.666,10.474,13.05,6.283,6.552,8.7,1.067,8.662,10.633,4.217,77.099,95.167,57.717,1028.446,1021.271,,10.808,17.4,4348.958,1600.0,29.2,0.0,0.467,1.55,,22.667,22.667,22.667,6.0,6.0,,26.0,26.0,6.0,26.0,,6.0,1.0,,6.0,293.728,558.215,55.666,270.71,0.0,6
2022-01-30,5,212.588,450.727,43.351,4.858,8.35,0.1,1.191,5.417,-1.2,3.383,6.633,-0.333,77.602,93.533,58.833,1029.884,1022.567,,5.617,13.6,2404.167,1325.0,24.0,0.0,0.933,3.733,,22.667,22.667,22.667,6.0,6.0,,26.0,26.0,6.0,6.0,,6.0,1.0,,6.0,212.588,450.727,43.351,247.394,0.0,6
2022-01-31,3,371.097,670.699,124.696,6.743,8.4,4.783,-0.037,6.133,-4.933,4.173,7.117,3.167,63.212,88.383,38.533,1023.464,1016.227,,11.917,20.0,3870.833,1950.0,33.2,0.0,1.117,3.933,,22.667,22.667,22.667,6.0,6.0,,26.0,26.0,6.0,26.0,,6.0,1.0,,6.0,371.097,670.699,124.696,302.508,1.0,6
2022-02-01,1,312.355,637.173,128.446,10.081,14.033,5.817,6.042,7.917,2.6,8.176,10.683,4.5,76.31,87.417,60.4,1021.839,1014.7,,10.3,15.4,4301.042,1800.0,27.0,0.0,0.917,3.4,,22.667,22.667,22.667,6.0,6.0,,26.0,26.0,6.0,6.0,,6.0,1.0,,6.0,312.355,637.173,128.446,271.284,0.0,6
2022-02-02,1,221.67,389.785,104.371,9.792,11.783,7.917,6.871,7.95,4.783,8.412,9.483,6.933,82.144,90.717,71.333,1022.283,1015.141,,7.392,13.0,4115.625,2650.0,,0.0,0.183,1.6,,22.667,22.667,22.667,6.0,6.0,,26.0,26.0,6.0,,,6.0,1.0,,6.0,221.67,389.785,104.371,260.826,1.0,6
2022-02-03,2,238.665,341.484,141.368,8.802,9.9,7.183,5.403,6.3,4.717,7.26,7.883,6.167,79.298,86.617,72.017,1014.773,1007.65,,7.283,9.6,4301.042,1800.0,16.0,0.0,0.017,0.383,,22.667,22.667,22.667,6.0,6.0,,26.0,26.0,6.0,6.0,,6.0,1.0,,6.0,238.665,341.484,141.368,236.545,1.0,6
2022-02-04,0,239.636,426.993,59.812,6.913,9.783,3.333,2.952,6.867,-0.9,5.281,8.217,2.617,76.443,92.45,58.417,1011.596,1004.452,,10.283,15.4,4077.812,567.5,24.4,0.0,0.45,1.467,,22.667,22.667,22.667,6.0,6.0,,26.0,26.0,6.0,26.0,,6.0,1.0,,6.0,239.636,426.993,59.812,255.941,1.0,6
2022-02-05,2,246.976,458.861,97.72,6.644,10.267,2.2,2.781,6.217,0.017,4.999,8.05,1.383,76.746,86.917,63.033,1018.667,1011.465,,11.1,17.0,3558.333,1975.0,28.2,0.0,0.6,2.117,,22.667,22.667,22.667,6.0,6.0,,26.0,26.0,6.0,26.0,,6.0,1.0,,6.0,246.976,458.861,97.72,243.626,1.0,6
2022-02-06,3,307.938,551.917,115.326,9.247,11.367,6.1,4.665,8.1,-0.517,7.249,8.9,3.617,73.638,90.317,58.517,1007.917,1000.855,,15.408,20.4,3542.396,630.0,36.4,0.0,0.433,1.417,,22.667,22.667,22.667,6.0,6.0,,26.0,26.0,6.0,26.0,,6.0,1.0,,6.0,307.938,551.917,115.326,267.529,1.0,6
2022-02-07,1,245.095,553.153,69.54,6.938,10.667,1.733,2.985,8.783,-0.583,5.292,9.533,0.95,76.328,93.483,54.95,1025.356,1018.111,,7.708,12.0,2585.417,1000.0,,0.0,0.583,2.767,,22.667,22.667,22.667,6.0,6.0,,26.0,26.0,6.0,,,6.0,1.0,,6.0,245.095,553.153,69.54,253.854,0.0,6
2022-02-08,2,354.714,461.741,197.33,10.881,12.083,9.667,6.26,7.183,5.45,8.708,9.367,8.117,73.062,83.8,67.083,1026.73,1019.575,,10.142,13.4,4973.958,3750.0,22.5,0.0,0.0,0.217,,22.667,22.667,22.667,6.0,6.0,,26.0,26.0,6.0,6.0,,6.0,1.0,,6.0,354.714,461.741,197.33,238.253,0.0,6
2022-02-09,3,217.413,497.852,41.972,10.059,13.0,8.017,7.282,8.45,6.483,8.73,10.167,7.4,83.245,96.233,66.917,1023.621,1016.47,1021.0,6.925,10.0,4338.958,272.5,21.0,0.0,0.217,1.517,,22.667,22.667,22.667,6.0,6.0,1.0,26.0,26.0,6.0,106.0,,6.0,1.0,,6.0,217.413,497.852,41.972,239.194,0.0,6
2022-02-10,2,236.823,440.706,38.503,6.237,8.267,2.967,2.043,7.7,-1.5,4.586,8.0,1.5,75.366,96.45,57.467,1023.054,1015.808,,6.292,10.2,3860.938,1327.5,17.0,0.0,0.183,1.017,,22.667,22.667,22.667,6.0,6.0,,26.0,26.0,6.0,106.0,,6.0,1.0,,6.0,236.823,440.706,38.503,287.008,0.0,6
2022-02-11,3,227.788,547.295,60.043,4.167,8.95,0.15,0.034,1.85,-1.567,2.568,5.667,-0.4,75.371,91.15,50.967,1031.651,1024.298,,3.883,7.2,3406.25,1750.0,,0.0,0.817,3.05,,22.667,22.667,22.667,6.0,6.0,,26.0,26.0,6.0,,,6.0,1.0,,6.0,227.788,547.295,60.043,229.572,0.0,6
2022-02-12,4,251.886,564.474,86.291,5.499,8.45,1.75,1.042,4.1,-1.817,3.744,5.717,1.05,73.83,88.867,48.833,1021.994,1014.748,,8.333,15.2,3466.667,1875.0,23.0,0.0,0.583,2.583,,22.667,22.667,22.667,6.0,6.0,,26.0,26.0,6.0,39.333,,6.0,1.0,,6.0,251.886,564.474,86.291,190.794,1.0,6
2022-02-13,2,135.048,246.195,53.233,8.16,9.817,7.0,6.176,8.883,4.133,7.267,9.3,5.8,87.446,95.467,77.683,1001.852,994.799,,11.092,14.4,1686.667,430.0,24.4,0.0,0.0,0.017,,22.667,22.667,22.667,6.0,6.0,,26.0,26.0,6.0,26.0,,6.0,1.0,,6.0,135.048,246.195,53.233,186.189,1.0,6
2022-02-14,1,166.254,341.419,37.634,7.354,9.133,5.317,4.788,8.433,2.717,6.235,8.767,4.367,84.091,96.717,70.1,999.262,992.226,,9.417,14.6,3976.146,802.5,23.333,0.0,0.35,1.667,,22.667,22.667,22.667,6.0,6.0,,26.0,26.0,6.0,39.333,,6.0,1.0,,6.0,166.254,341.419,37.634,256.779,1.0,6
2022-02-15,2,99.711,184.257,38.084,7.021,9.6,2.483,5.482,8.517,1.0,6.347,9.017,1.933,89.931,96.483,81.817,1006.689,999.579,,8.392,14.6,2624.062,477.5,25.0,0.0,0.0,0.35,,22.667,22.667,22.667,6.0,6.0,,26.0,26.0,6.0,31.0,,6.0,1.0,,6.0,99.711,184.257,38.084,227.806,2.0,6
2022-02-16,0,212.618,468.505,33.924,12.487,14.717,8.933,10.121,12.4,5.833,11.268,13.05,8.567,85.903,97.333,68.183,996.392,989.493,,14.958,22.4,2003.542,445.0,37.4,0.0,0.15,0.533,,22.667,22.667,22.667,6.0,6.0,,26.0,26.0,6.0,26.0,,6.0,1.0,,6.0,212.618,468.505,33.924,242.041,2.0,6
2022-02-17,2,405.719,688.436,238.843,9.54,11.333,8.0,3.513,5.7,0.45,6.926,8.333,5.833,66.482,78.4,47.833,1008.059,1001.005,,12.817,19.6,2464.583,850.0,35.2,0.0,0.883,3.017,,22.667,22.667,22.667,6.0,6.0,,26.0,26.0,6.0,26.0,,6.0,1.0,,6.0,405.719,688.436,238.843,256.522,0.0,6
2022-02-18,1,291.744,586.469,45.583,8.184,11.267,4.1,3.322,9.983,-3.2,6.213,10.567,2.133,72.869,95.967,45.917,997.582,990.569,,17.692,30.6,2480.104,507.5,52.2,0.0,0.433,1.133,,22.667,22.667,22.667,6.0,6.0,,26.0,26.0,6.0,26.0,,6.0,51.0,,6.0,291.744,586.469,45.583,230.124,0.0,6
2022-02-19,0,216.924,370.724,69.599,5.994,10.033,2.517,2.236,7.117,-1.567,4.481,8.35,1.45,77.097,93.267,66.383,1010.174,1003.015,,11.583,17.8,2822.812,647.5,29.8,0.0,0.133,1.0,,22.667,22.667,22.667,6.0,6.0,,26.0,26.0,6.0,26.0,,6.0,1.0,,6.0,216.924,370.724,69.599,242.284,1.0,6
2022-02-20,2,221.255,331.133,131.116,9.962,12.083,5.533,6.949,9.65,-0.717,8.567,10.717,3.183,81.708,88.9,64.05,1003.834,996.817,,15.6,23.6,1738.89,290.0,40.6,0.0,0.0,0.117,,22.667,22.667,22.667,6.0,6.0,,26.0,26.0,6.0,26.0,,6.0,1.0,,6.0,221.255,331.133,131.116,240.841,2.0,6
2022-02-21,0,394.49,590.587,174.977,7.69,10.85,4.467,1.178,4.183,-1.383,5.041,7.6,2.517,63.575,81.033,54.417,1009.805,1002.691,,15.675,23.6,2743.75,1650.0,37.2,0.0,0.267,1.033,,22.667,22.667,22.667,6.0,6.0,,26.0,26.0,6.0,26.0,,6.0,1.0,,6.0,394.49,590.587,174.977,282.114,0.0,6
2022-02-22,3,313.801,755.918,66.63,8.949,13.133,5.2,4.411,9.017,0.85,6.959,10.45,3.933,74.333,93.783,46.983,1018.899,1011.749,,9.133,17.6,2539.896,632.5,29.2,0.0,0.383,1.333,,22.667,22.667,22.667,6.0,6.0,,26.0,26.0,6.0,26.0,,6.0,1.0,,6.0,313.801,755.918,66.63,248.508,1.0,6
2022-02-23,3,213.283,525.434,27.848,6.831,10.467,2.383,3.632,5.467,1.483,5.433,7.683,2.133,80.886,96.483,58.55,1021.214,1014.0,,8.5,13.0,2200.208,905.0,22.0,0.0,0.467,1.583,,22.667,22.667,22.667,6.0,6.0,,26.0,26.0,6.0,56.0,,6.0,1.0,,6.0,213.283,525.434,27.848,224.05,0.0,6
2022-02-24,1,250.877,516.0,94.566,6.326,8.867,3.35,1.771,6.733,-4.617,4.562,7.667,1.8,73.473,91.033,45.667,1011.354,1004.194,,11.4,18.6,3729.828,665.0,32.0,0.0,0.65,1.883,,22.667,22.667,22.667,6.0,6.0,,26.0,26.0,6.0,26.0,,6.0,1.0,,6.0,250.877,516.0,94.566,248.438,1.0,6
2022-02-25,1,338.79,678.53,126.178,5.992,10.617,2.117,0.102,1.633,-1.15,3.68,6.317,0.967,66.869,83.383,46.4,1025.571,1018.308,,7.917,14.6,3064.583,1475.0,25.25,0.0,1.333,3.967,,22.667,22.667,22.667,6.0,6.0,,26.0,26.0,6.0,31.0,,6.0,1.0,,6.0,338.79,678.53,126.178,275.525,0.0,6
2022-02-26,6,304.014,678.958,57.021,5.266,10.5,0.383,0.037,4.667,-3.417,3.212,6.783,-0.25,70.636,92.95,42.283,1029.949,1022.655,,5.483,11.4,2927.083,1475.0,19.667,0.0,1.45,4.633,,22.667,22.667,22.667,6.0,6.0,,26.0,26.0,6.0,39.333,,6.0,1.0,,6.0,304.014,678.958,57.021,139.986,1.0,6
2022-02-27,7,374.503,777.495,146.931,6.09,10.783,2.267,-0.628,0.8,-2.5,3.52,6.0,1.117,63.338,79.983,39.65,1024.558,1017.299,,7.325,10.6,3635.417,2625.0,17.0,0.0,1.583,5.017,,22.667,22.667,22.667,6.0,6.0,,26.0,26.0,6.0,106.0,,6.0,1.0,,6.0,374.503,777.495,146.931,135.45,1.0,6
2022-02-28,3,234.787,399.804,35.215,8.84,11.817,4.583,5.495,9.183,0.983,7.337,9.617,3.25,79.792,97.067,70.25,1024.07,1016.895,,6.033,9.8,2357.917,432.5,,0.0,0.033,0.833,,22.667,22.667,22.667,6.0,6.0,,26.0,26.0,6.0,,,6.0,1.0,,6.0,234.787,399.804,35.215,171.858,0.0,6
2022-03-01,0,45.308,89.584,14.899,8.131,9.617,7.167,7.49,9.3,6.633,7.836,9.483,6.967,95.804,98.75,91.833,1025.371,1018.171,,5.733,8.2,631.25,142.5,,0.0,0.0,0.0,,22.667,22.667,22.667,6.0,6.0,,26.0,26.0,6.0,,,6.0,1.0,,6.0,45.308,89.584,14.899,73.499,1.0,6
2022-03-02,1,107.898,248.127,22.796,6.938,7.983,6.283,5.271,7.067,3.4,6.209,7.267,5.433,89.332,97.717,76.333,1020.839,1013.628,,5.625,7.6,926.25,270.0,,0.0,0.0,0.1,,22.667,22.667,22.667,6.0,6.0,,26.0,26.0,6.0,,,6.0,1.0,,6.0,107.898,248.127,22.796,108.266,3.0,6
2022-03-03,1,196.954,419.546,49.738,8.757,12.417,5.35,6.092,8.75,3.55,7.514,10.367,4.683,83.639,94.967,70.2,1015.165,1008.051,,4.733,7.8,1822.292,282.5,,0.0,0.017,0.7,,22.667,22.667,22.667,6.0,6.0,,26.0,26.0,6.0,,,6.0,51.0,,6.0,196.954,419.546,49.738,130.633,1.0,6
2022-03-04,1,110.238,202.115,43.091,7.468,8.85,6.233,5.807,7.95,3.55,6.728,8.4,5.133,89.267,96.133,79.783,1019.05,1011.866,,4.875,8.2,2080.312,460.0,,0.0,0.0,0.133,,22.667,22.667,22.667,6.0,6.0,,26.0,26.0,6.0,,,6.0,1.0,,6.0,110.238,202.115,43.091,316.821,1.0,6
2022-03-05,3,156.552,227.77,68.449,5.857,6.967,4.267,3.256,4.6,1.383,4.768,5.567,3.15,83.319,92.583,75.617,1023.474,1016.209,,8.792,12.4,2769.583,520.0,21.6,0.0,0.0,0.0,,22.667,22.667,22.667,6.0,6.0,,26.0,26.0,6.0,26.0,,6.0,1.0,,6.0,156.552,227.77,68.449,77.555,1.0,6
2022-03-06,2,305.985,498.14,185.534,5.133,7.3,3.667,-0.698,0.633,-2.283,2.949,3.967,2.133,66.219,77.383,51.017,1028.321,1020.998,,8.375,11.6,3822.917,1475.0,20.75,0.0,0.583,1.833,,22.667,22.667,22.667,6.0,6.0,,26.0,26.0,6.0,31.0,,6.0,1.0,,6.0,305.985,498.14,185.534,51.22,0.0,6
2022-03-07,2,279.284,489.033,127.489,4.71,7.083,2.217,-0.738,1.933,-3.633,2.689,4.033,0.15,68.193,84.517,51.3,1024.167,1016.871,,7.75,12.2,3416.667,2075.0,19.0,0.0,1.133,3.483,,22.667,22.667,22.667,6.0,6.0,,26.0,26.0,6.0,39.333,,6.0,1.0,,6.0,279.284,489.033,127.489,86.546,0.0,6
2022-03-08,2,397.023,770.564,137.323,6.262,12.2,0.65,-0.506,3.217,-3.95,3.567,7.533,-0.833,62.291,79.233,45.583,1014.924,1007.744,,7.258,10.8,1955.208,1150.0,,0.0,1.233,3.85,,22.667,22.667,22.667,6.0,6.0,,26.0,26.0,6.0,,,6.0,1.0,,6.0,397.023,770.564,137.323,126.728,0.0,6
2022-03-09,2,323.242,555.41,150.843,10.042,12.133,7.967,5.644,7.033,4.1,8.024,8.9,6.433,74.499,86.983,60.35,1016.309,1009.206,,7.733,11.8,2848.958,1100.0,22.0,0.0,0.583,1.383,,22.667,22.667,22.667,6.0,6.0,,26.0,26.0,6.0,6.0,,6.0,1.0,,6.0,323.242,555.41,150.843,159.65,0.0,6
2022-03-10,5,441.131,756.251,201.12,11.678,15.617,7.833,6.188,7.7,4.35,9.062,11.533,6.367,69.4,81.833,57.283,1015.847,1008.788,,6.5,10.0,3220.833,1675.0,17.0,0.0,0.9,2.85,,22.667,22.667,22.667,6.0,6.0,,26.0,26.0,6.0,56.0,,6.0,1.0,,6.0,441.131,756.251,201.12,145.133,0.0,6
2022-03-11,5,254.125,489.544,86.075,10.204,12.367,8.383,6.865,8.783,5.633,8.628,9.583,7.333,80.306,92.45,65.967,1004.865,997.852,,8.717,13.8,2545.104,637.5,24.0,0.0,0.017,0.883,,22.667,22.667,22.667,6.0,6.0,,26.0,26.0,6.0,31.0,,6.0,1.0,,6.0,254.125,489.544,86.075,145.366,0.0,6
2022-03-12,3,303.903,615.455,97.17,9.588,12.283,7.5,5.355,7.383,3.017,7.669,8.783,6.65,75.79,91.383,55.633,1008.168,1001.108,,9.492,12.8,3312.5,1775.0,21.4,0.0,0.95,2.683,,22.667,22.667,22.667,6.0,6.0,,26.0,26.0,6.0,26.0,,6.0,1.0,,6.0,303.903,615.455,97.17,169.13,0.0,6
2022-03-13,0,233.401,412.189,74.825,9.268,11.533,6.983,6.069,7.183,5.017,7.785,9.2,6.333,80.708,92.717,69.183,1007.284,1000.229,,7.758,11.2,3197.917,1150.0,20.5,0.0,0.067,1.083,,22.667,22.667,22.667,6.0,6.0,,26.0,26.0,6.0,56.0,,6.0,51.0,,6.0,233.401,412.189,74.825,163.243,1.0,6
2022-03-14,4,210.46,606.746,28.323,7.974,12.55,3.667,5.093,6.933,2.7,6.656,9.183,3.4,83.097,96.883,57.917,1022.94,1015.76,,4.083,8.4,2854.688,862.5,,0.0,0.9,2.917,,22.667,22.667,22.667,6.0,6.0,,26.0,26.0,6.0,,,6.0,1.0,,6.0,210.46,606.746,28.323,221.227,0.0,6
2022-03-15,4,375.546,940.646,54.33,10.116,15.467,5.117,5.333,7.167,2.733,7.891,10.433,4.567,74.349,94.367,45.6,1021.845,1014.723,,3.975,7.2,3002.083,1550.0,,0.0,0.95,3.3,,22.667,22.667,22.667,6.0,6.0,,26.0,26.0,6.0,,,6.0,1.0,,6.0,375.546,940.646,54.33,123.161,0.0,6
2022-03-16,1,118.036,191.365,36.419,9.258,11.017,6.433,7.699,10.2,4.133,8.511,10.5,5.433,89.931,97.083,83.95,1018.197,1011.071,,5.542,11.8,1287.917,302.5,21.0,0.0,0.0,0.067,,22.667,22.667,22.667,6.0,6.0,,26.0,26.0,6.0,56.0,,6.0,1.0,,6.0,118.036,191.365,36.419,111.35,2.0,6
2022-03-17,0,363.218,819.688,63.341,7.991,13.583,2.067,2.719,4.5,0.55,5.708,8.9,1.533,71.069,91.533,46.833,1031.427,1024.171,,6.067,10.8,4055.842,2350.0,17.0,0.0,1.617,5.067,,22.667,22.667,22.667,6.0,6.0,,26.0,26.0,6.0,56.0,,6.0,1.0,,6.0,363.218,819.688,63.341,258.436,1.0,6
2022-03-18,0,351.632,829.001,13.279,9.296,15.317,3.1,4.83,7.933,2.383,7.218,10.967,2.9,75.566,98.517,51.65,1041.659,1034.368,,5.1,10.6,2779.656,795.0,21.0,0.0,1.75,5.35,,22.667,22.667,22.667,6.0,6.0,,26.0,26.0,6.0,6.0,,6.0,1.0,,6.0,351.632,829.001,13.279,80.976,0.0,6
2022-03-19,4,473.969,841.125,160.609,9.977,13.517,7.783,3.051,5.783,-0.8,7.005,8.817,5.217,63.033,85.217,44.817,1036.901,1029.655,,9.783,13.8,2413.768,1200.0,24.0,0.0,1.817,5.517,,22.667,22.667,22.667,6.0,6.0,,26.0,26.0,6.0,31.0,,6.0,1.0,,6.0,473.969,841.125,160.609,91.102,0.0,6
2022-03-20,5,468.331,842.419,175.211,7.749,11.65,3.817,-0.229,2.283,-2.9,4.628,6.65,2.133,57.988,79.2,37.35,1028.03,1020.79,,4.908,8.6,2747.147,1400.0,,0.0,1.3,4.25,,22.667,22.667,22.667,6.0,6.0,,26.0,26.0,6.0,,,6.0,51.0,,6.0,468.331,842.419,175.211,94.082,0.0,6
2022-03-21,3,539.586,1165.477,99.543,8.878,16.667,1.067,1.335,4.117,-1.9,5.626,10.333,0.167,61.553,86.6,38.383,1027.957,1020.766,,3.792,7.2,1550.272,725.0,,0.0,1.483,4.9,,22.667,22.667,22.667,6.0,6.0,,26.0,26.0,6.0,,,6.0,1.0,,6.0,539.586,1165.477,99.543,110.695,0.0,6
2022-03-22,5,734.614,1511.886,262.18,13.558,19.567,9.15,4.773,7.783,-0.083,9.474,12.85,7.267,57.711,77.883,30.267,1028.179,1021.107,,4.942,9.8,1848.116,602.5,,0.0,1.683,5.05,,22.667,22.667,22.667,6.0,6.0,,26.0,26.0,6.0,,,6.0,1.0,,6.0,734.614,1511.886,262.18,112.806,0.0,6
2022-03-23,8,733.21,1646.971,143.568,12.338,19.517,5.667,2.678,6.167,-1.117,7.971,11.3,4.633,57.344,86.25,25.95,1029.497,1022.394,,3.167,6.6,1882.242,725.0,,0.0,1.7,4.667,,22.667,22.667,22.667,6.0,6.0,,26.0,26.0,6.0,,,6.0,1.0,,6.0,733.21,1646.971,143.568,112.257,0.0,6
2022-03-24,5,752.541,1603.949,122.345,11.188,18.617,3.9,0.783,4.75,-3.217,6.828,10.267,2.767,53.835,86.567,23.017,1029.722,1022.572,,2.108,4.8,1806.952,647.5,,0.0,1.7,5.65,,22.667,22.667,22.667,6.0,6.0,,26.0,26.0,6.0,,,6.0,1.0,,6.0,752.541,1603.949,122.345,225.081,0.0,6
2022-03-25,4,621.985,1176.436,203.117,10.712,16.933,4.4,2.262,4.567,0.1,7.01,10.717,2.817,57.332,78.533,38.167,1031.345,1024.161,,4.108,8.2,1375.815,457.5,14.0,0.0,1.617,5.533,,22.667,22.667,22.667,6.0,6.0,,26.0,26.0,6.0,106.0,,6.0,1.0,,6.0,621.985,1176.436,203.117,71.364,0.0,6
2022-03-26,11,640.039,1284.034,221.108,11.397,17.317,5.067,3.03,5.8,0.5,7.653,10.967,3.417,57.962,78.183,34.467,1032.555,1025.361,,5.35,9.8,1562.591,675.0,,0.0,1.783,5.8,,22.667,22.667,22.667,6.0,6.0,,26.0,26.0,6.0,,,6.0,1.0,,6.0,640.039,1284.034,221.108,76.199,0.0,6
2022-03-27,6,175.365,423.803,23.066,8.535,12.683,5.683,6.15,8.05,3.75,7.431,10.333,5.133,85.319,97.667,71.0,1031.411,1024.157,,4.4,6.6,1690.779,180.0,,0.0,0.35,0.967,,22.667,22.667,22.667,6.0,6.0,,26.0,26.0,6.0,,,6.0,1.0,,6.0,175.365,423.803,23.066,75.733,0.0,6
2022-03-28,4,309.529,817.418,20.215,9.349,15.517,3.0,5.57,8.15,2.383,7.54,11.4,2.767,79.035,97.483,53.333,1022.511,1015.343,,3.017,6.4,974.688,180.0,,0.0,0.883,3.133,,22.667,22.667,22.667,6.0,6.0,,26.0,26.0,6.0,,,6.0,1.0,,6.0,309.529,817.418,20.215,85.793,0.0,6
2022-03-29,5,229.53,364.596,117.854,8.996,10.783,7.5,5.799,6.433,4.883,7.528,8.583,6.533,80.558,88.983,71.567,1011.95,1004.859,,5.725,8.4,780.521,425.0,,0.0,0.017,0.633,,22.667,22.667,22.667,6.0,6.0,,26.0,26.0,6.0,,,6.0,1.0,,6.0,229.53,364.596,117.854,70.398,0.0,6
2022-03-30,4,192.324,427.93,78.493,7.465,10.733,3.617,4.542,6.083,0.233,6.188,8.217,2.417,82.119,92.3,66.767,1006.097,999.017,,6.317,11.2,1452.812,317.5,16.0,0.0,0.2,0.367,,22.667,22.667,22.667,6.0,6.0,,26.0,26.0,6.0,6.0,,6.0,1.0,,6.0,192.324,427.93,78.493,17.565,1.0,6
2022-03-31,6,297.417,675.621,109.235,3.724,7.15,1.333,-2.73,0.65,-8.817,1.522,2.967,0.3,65.203,84.667,31.283,1009.255,1002.034,,10.608,16.4,4361.458,2775.0,29.2,0.0,0.933,1.883,,22.667,22.667,22.667,6.0,6.0,,26.0,26.0,6.0,26.0,,6.0,1.0,,6.0,297.417,675.621,109.235,79.901,1.0,6
2022-04-01,5,330.182,675.783,116.865,4.172,8.033,1.067,-2.615,-0.717,-6.217,1.781,3.85,0.05,63.24,82.717,36.817,1016.775,1009.522,,9.917,15.0,4390.625,2375.0,26.4,0.0,1.467,2.467,,22.667,22.667,22.667,6.0,6.0,,26.0,26.0,6.0,26.0,,6.0,1.0,,6.0,330.182,675.783,116.865,146.912,0.0,6
2022-04-02,7,279.194,638.038,62.819,3.743,8.35,-0.533,-1.697,0.383,-4.867,1.752,4.45,-1.1,69.263,90.45,39.667,1022.926,1015.602,,4.65,9.4,3654.167,1200.0,18.0,0.0,1.167,2.617,,22.667,22.667,22.667,6.0,6.0,,26.0,26.0,6.0,39.333,,6.0,1.0,,6.0,279.194,638.038,62.819,84.7,1.0,6
2022-04-03,5,359.006,681.283,64.224,4.553,8.933,-1.533,-2.247,0.783,-4.367,2.056,4.7,-2.167,63.46,89.617,39.567,1025.267,1017.95,,4.408,8.4,4179.167,2375.0,,0.0,0.9,1.917,,22.667,22.667,22.667,6.0,6.0,,26.0,26.0,6.0,,,6.0,1.0,,6.0,359.006,681.283,64.224,300.881,0.0,6
2022-04-04,0,247.75,468.867,49.868,9.668,14.367,5.0,6.459,10.083,0.383,8.161,11.933,3.517,80.895,95.083,68.517,1012.762,1005.682,,9.942,12.8,3600.521,662.5,21.0,0.0,0.0,0.0,,22.667,22.667,22.667,6.0,6.0,,26.0,26.0,6.0,6.0,,6.0,1.0,,6.0,247.75,468.867,49.868,258.12,1.0,6
2022-04-05,6,401.526,736.995,195.449,11.808,14.2,9.683,6.723,8.6,4.067,9.398,10.583,7.483,71.64,85.05,54.033,1008.683,1001.682,,10.257,13.6,4256.25,2725.0,21.0,0.0,0.083,0.5,,22.667,22.667,22.667,6.0,6.0,,26.0,26.0,6.0,6.0,,6.0,1.0,,6.0,401.526,736.995,195.449,261.588,0.0,6
2022-04-06,2,282.197,558.544,110.214,10.665,13.7,9.033,7.008,9.167,4.133,8.926,10.767,7.05,78.447,90.967,63.25,997.033,990.085,,12.775,16.6,3410.104,467.5,27.4,0.0,0.267,0.817,,22.667,22.667,22.667,6.0,6.0,,26.0,26.0,6.0,26.0,,6.0,1.0,,6.0,282.197,558.544,110.214,234.662,1.0,6
2022-04-07,3,471.955,935.017,93.393,9.374,13.1,4.733,1.952,6.933,-1.85,6.321,8.567,2.633,62.146,91.35,38.217,990.183,983.244,,16.05,24.0,3745.833,525.0,40.6,0.0,1.183,3.317,,22.667,22.667,22.667,6.0,6.0,,26.0,26.0,6.0,26.0,,6.0,1.0,,6.0,471.955,935.017,93.393,267.098,1.0,6
2022-04-08,1,388.302,786.4,88.979,6.697,10.883,2.767,-0.094,2.333,-3.35,4.067,6.017,1.983,64.482,88.817,38.117,1000.957,993.879,,4.625,10.4,4246.875,2875.0,19.5,0.0,0.667,1.733,,22.667,22.667,22.667,6.0,6.0,,26.0,26.0,6.0,6.0,,6.0,1.0,,6.0,388.302,786.4,88.979,221.571,0.0,6
2022-04-09,6,445.018,885.02,68.035,6.964,11.633,1.533,-0.803,2.083,-3.9,3.998,6.167,0.95,60.985,90.45,34.633,1015.467,1008.29,,5.758,11.0,3845.833,1550.0,,0.0,1.283,4.2,,22.667,22.667,22.667,6.0,6.0,,26.0,26.0,6.0,,,6.0,1.0,,6.0,445.018,885.02,68.035,294.17,0.0,6
2022-04-10,7,516.297,881.273,85.706,7.818,12.867,1.05,-0.755,2.267,-4.383,4.456,7.85,0.383,57.115,88.3,36.433,1018.786,1011.601,,4.258,8.0,4097.917,2650.0,,0.0,1.4,4.717,,22.667,22.667,22.667,6.0,6.0,,26.0,26.0,6.0,,,6.0,1.0,,6.0,516.297,881.273,85.706,169.561,0.0,6
2022-04-11,7,680.665,1349.257,223.778,11.774,17.267,5.583,2.619,5.933,-1.433,7.747,10.633,3.933,55.356,75.717,30.3,1009.734,1002.739,,7.775,13.0,3609.375,2175.0,22.25,0.0,1.117,3.867,,22.667,22.667,22.667,6.0,6.0,,26.0,26.0,6.0,31.0,,6.0,1.0,,6.0,680.665,1349.257,223.778,111.219,0.0,6
2022-04-12,5,448.303,795.161,137.277,13.533,18.017,10.15,8.558,10.867,5.567,11.015,14.05,8.417,72.363,89.5,60.633,1006.122,999.184,,6.275,11.2,2783.438,877.5,,0.0,0.367,1.933,,22.667,22.667,22.667,6.0,6.0,,26.0,26.0,6.0,,,6.0,1.0,,6.0,448.303,795.161,137.277,167.395,1.0,6
2022-04-13,5,431.994,1006.898,84.707,13.669,18.283,10.1,9.103,10.3,7.633,11.319,13.35,9.483,75.337,93.467,51.55,1015.689,1008.682,,5.808,10.4,2992.917,937.5,,0.0,0.367,1.45,,22.667,22.667,22.667,6.0,6.0,,26.0,26.0,6.0,,,6.0,1.0,,6.0,431.994,1006.898,84.707,225.64,0.0,6
2022-04-14,6,501.444,1089.021,28.168,13.349,18.533,7.217,8.04,10.017,6.017,10.653,13.233,6.917,72.465,97.6,49.183,1022.086,1015.039,,3.467,6.0,3419.062,755.0,,0.0,1.0,3.75,,22.667,22.667,22.667,6.0,6.0,,26.0,26.0,6.0,,,6.0,51.0,,6.0,501.444,1089.021,28.168,262.781,0.0,6
2022-04-15,4,684.224,1576.66,80.959,14.907,22.017,7.867,8.167,10.317,6.0,11.421,14.833,7.2,66.747,93.2,39.433,1026.383,1019.351,,3.133,7.4,3527.083,1325.0,,0.0,1.7,5.283,,22.667,22.667,22.667,6.0,6.0,,26.0,26.0,6.0,,,6.0,1.0,,6.0,684.224,1576.66,80.959,220.732,0.0,6
2022-04-16,6,555.085,1272.466,70.377,13.28,18.933,7.883,7.139,9.45,5.0,10.251,13.217,7.317,68.53,93.733,41.383,1029.507,1022.412,,4.708,7.8,1800.312,535.0,,0.0,1.933,6.167,,22.667,22.667,22.667,6.0,6.0,,26.0,26.0,6.0,,,6.0,1.0,,6.0,555.085,1272.466,70.377,97.926,0.0,6
2022-04-17,13,794.689,1729.423,103.811,13.134,19.167,7.233,2.929,7.5,-4.183,8.683,11.35,6.25,55.565,90.533,20.767,1022.367,1015.303,,5.125,9.6,3062.083,592.5,,0.0,1.8,6.3,,22.667,22.667,22.667,6.0,6.0,,26.0,26.0,6.0,,,6.0,1.0,,6.0,794.689,1729.423,103.811,144.662,0.0,6
2022-04-18,11,632.549,1235.37,115.197,12.265,16.817,7.583,4.101,7.15,0.95,8.576,10.533,6.2,59.834,89.517,34.7,1017.15,1010.104,,4.333,7.6,3502.083,1000.0,,0.0,1.167,5.317,,22.667,22.667,22.667,6.0,6.0,,26.0,26.0,6.0,,,6.0,1.0,,6.0,632.549,1235.37,115.197,267.667,0.0,6
2022-04-19,9,542.53,920.736,158.977,11.763,15.55,6.85,4.89,6.567,3.333,8.572,10.8,5.783,64.07,84.933,47.067,1016.208,1009.147,,4.8,8.0,4060.417,2800.0,16.0,0.0,0.333,1.7,,22.667,22.667,22.667,6.0,6.0,,26.0,26.0,6.0,106.0,,6.0,1.0,,6.0,542.53,920.736,158.977,83.677,0.0,6
2022-04-20,11,645.163,1366.001,92.122,12.072,17.633,7.35,3.678,6.933,0.1,8.337,10.95,6.4,60.358,91.283,31.95,1015.929,1008.875,,6.75,11.6,2911.354,595.0,21.0,0.0,1.267,4.333,,22.667,22.667,22.667,6.0,6.0,,26.0,26.0,6.0,6.0,,6.0,1.0,,6.0,645.163,1366.001,92.122,56.448,0.0,6
2022-04-21,6,646.95,1212.383,121.969,12.441,17.767,7.083,4.39,7.017,1.05,8.735,11.8,6.0,60.479,88.633,37.483,1012.172,1005.15,,7.125,11.8,2944.108,707.5,20.0,0.0,2.083,6.217,,22.667,22.667,22.667,6.0,6.0,,26.0,26.0,6.0,39.333,,6.0,1.0,,6.0,646.95,1212.383,121.969,73.251,0.0,6
2022-04-22,12,487.545,820.189,222.186,11.66,15.3,8.467,5.419,7.2,3.45,8.747,10.967,6.6,66.336,81.017,52.65,1007.407,1000.402,,8.342,13.0,2976.042,1400.0,21.5,0.0,0.083,0.867,,22.667,22.667,22.667,6.0,6.0,,26.0,26.0,6.0,31.0,,6.0,1.0,,6.0,487.545,820.189,222.186,61.845,0.0,6
2022-04-23,7,500.03,918.28,218.518,12.785,16.617,9.567,6.834,7.85,5.95,9.893,11.7,8.067,67.92,82.167,51.467,1003.222,996.285,,9.275,14.4,1917.708,1325.0,25.6,0.0,0.55,2.633,,22.667,22.667,22.667,6.0,6.0,,26.0,26.0,6.0,26.0,,6.0,1.0,,6.0,500.03,918.28,218.518,56.14,0.0,6
2022-04-24,13,626.461,1214.624,143.394,12.548,17.883,8.05,4.696,7.2,1.417,8.933,11.65,6.267,61.037,87.017,40.0,1008.196,1001.208,,7.217,10.8,2900.0,950.0,20.0,0.0,1.533,4.583,,22.667,22.667,22.667,6.0,6.0,,26.0,26.0,6.0,39.333,,6.0,1.0,,6.0,626.461,1214.624,143.394,38.148,0.0,6
2022-04-25,7,358.929,727.126,113.457,9.644,13.583,6.533,4.699,6.917,2.55,7.41,9.833,5.717,72.253,88.55,52.75,1015.865,1008.751,,5.775,8.8,2961.458,1450.0,18.5,0.0,0.483,1.5,,22.667,22.667,22.667,6.0,6.0,,26.0,26.0,6.0,56.0,,6.0,1.0,,6.0,358.929,727.126,113.457,30.837,0.0,6
2022-04-26,10,553.434,1100.163,82.71,10.178,15.067,4.717,2.263,4.717,-0.533,6.801,8.833,4.1,61.069,91.05,35.217,1022.077,1014.928,,5.217,8.4,3808.854,1237.5,12.0,0.0,1.367,4.683,,22.667,22.667,22.667,6.0,6.0,,26.0,26.0,6.0,106.0,,6.0,1.0,,6.0,553.434,1100.163,82.71,42.676,0.0,6
2022-04-27,9,416.388,618.576,180.62,8.937,11.017,6.317,2.607,4.2,1.267,6.247,7.35,4.95,64.992,81.967,52.517,1027.654,1020.436,,5.358,7.8,3884.375,2625.0,,0.0,0.0,0.183,,22.667,22.667,22.667,6.0,6.0,,26.0,26.0,6.0,,,6.0,1.0,,6.0,416.388,618.576,180.62,52.348,0.0,6
2022-04-28,4,445.652,710.585,197.413,9.944,13.617,6.017,3.683,5.333,1.433,7.17,9.533,4.617,65.377,79.9,54.133,1030.911,1023.687,,5.042,7.0,3091.761,2150.0,,0.0,0.15,1.983,,22.667,22.667,22.667,6.0,6.0,,26.0,26.0,6.0,,,6.0,1.0,,6.0,445.652,710.585,197.413,73.415,0.0,6
2022-04-29,9,406.236,606.613,128.237,8.779,10.667,5.867,2.531,4.45,0.733,6.142,6.967,4.483,65.376,86.767,52.317,1031.799,1024.566,,5.125,8.8,3487.61,1500.0,,0.0,0.117,1.15,,22.667,22.667,22.667,6.0,6.0,,26.0,26.0,6.0,,,6.0,1.0,,6.0,406.236,606.613,128.237,45.685,0.0,6
2022-04-30,10,604.644,1259.796,118.443,11.048,17.417,3.533,3.249,6.833,0.933,7.536,10.917,2.583,61.174,86.383,35.55,1029.03,1021.866,,3.558,7.2,3588.542,1775.0,,0.0,1.933,5.383,,22.667,22.667,22.667,6.0,6.0,,26.0,26.0,6.0,,,6.0,1.0,,6.0,604.644,1259.796,118.443,238.191,0.0,6
2022-05-01,7,438.131,795.507,168.56,11.667,14.1,9.7,6.051,8.067,3.3,9.04,10.0,7.917,69.005,86.333,50.0,1023.315,1016.201,,4.725,7.4,2992.708,1125.0,,0.0,0.0,0.317,,22.667,22.667,22.667,6.0,6.0,,26.0,26.0,6.0,,,6.0,1.0,,6.0,438.131,795.507,168.56,233.634,0.0,6
2022-05-02,10,450.141,857.889,101.661,12.383,15.95,8.5,7.067,8.25,5.767,9.791,11.333,7.717,71.026,91.25,52.5,1021.046,1013.97,,2.483,4.6,2564.583,900.0,14.0,0.0,0.15,1.283,,22.667,22.667,22.667,6.0,6.0,,26.0,26.0,6.0,106.0,,6.0,1.0,,6.0,450.141,857.889,101.661,261.201,0.0,6
2022-05-03,3,339.296,575.394,149.01,12.377,14.783,10.35,8.447,9.15,7.067,10.416,11.733,9.183,77.243,88.417,65.833,1021.094,1014.018,,3.55,6.0,1500.0,775.0,16.0,0.0,0.0,0.2,,22.667,22.667,22.667,6.0,6.0,,26.0,26.0,6.0,106.0,,6.0,1.0,,6.0,339.296,575.394,149.01,60.641,0.0,6
2022-05-04,4,347.624,929.644,117.972,13.051,17.567,10.167,9.271,11.633,7.6,11.115,13.2,9.083,78.687,90.9,53.917,1019.223,1012.181,,5.225,8.2,2061.771,467.5,14.0,0.0,0.167,1.167,,22.667,22.667,22.667,6.0,6.0,,26.0,26.0,6.0,106.0,,6.0,1.0,,6.0,347.624,929.644,117.972,250.208,0.0,6
2022-05-05,7,544.085,1106.685,70.539,13.616,19.167,7.267,7.936,9.45,5.933,10.715,13.75,6.683,70.415,93.483,49.633,1023.701,1016.652,,4.658,8.0,3553.125,1675.0,,0.0,1.283,3.733,,22.667,22.667,22.667,6.0,6.0,,26.0,26.0,6.0,,,6.0,1.0,,6.0,544.085,1106.685,70.539,311.516,0.0,6
2022-05-06,7,669.73,1741.993,79.109,15.343,22.2,9.517,8.712,10.317,5.667,11.925,14.417,8.983,67.552,93.867,34.45,1025.001,1017.985,,6.417,11.2,3345.833,1125.0,22.0,0.0,1.483,5.1,,22.667,22.667,22.667,6.0,6.0,,26.0,26.0,6.0,106.0,,6.0,1.0,,6.0,669.73,1741.993,79.109,259.611,0.0,6
2022-05-07,8,378.408,882.117,80.07,14.658,18.467,12.05,10.899,12.367,9.5,12.647,14.283,11.083,78.931,94.5,58.667,1025.529,1018.478,,5.383,8.6,3248.854,697.5,,0.0,0.367,1.783,,22.667,22.667,22.667,6.0,6.0,,26.0,26.0,6.0,,,6.0,1.0,,6.0,378.408,882.117,80.07,150.091,1.0,6
2022-05-08,13,617.57,1267.101,179.497,13.345,18.633,9.35,6.174,8.9,3.7,9.906,12.433,7.3,63.801,85.6,40.583,1028.554,1021.444,,5.6,8.4,3161.458,1875.0,,0.0,1.8,5.8,,22.667,22.667,22.667,6.0,6.0,,26.0,26.0,6.0,,,6.0,1.0,,6.0,617.57,1267.101,179.497,91.723,0.0,6
2022-05-09,14,736.522,1359.733,107.611,15.164,21.617,6.233,7.897,10.9,3.517,11.397,15.483,5.35,63.478,88.983,46.533,1022.94,1015.923,,6.55,12.6,3284.375,1800.0,,0.0,1.417,5.083,,22.667,22.667,22.667,6.0,6.0,,26.0,26.0,6.0,,,6.0,1.0,,6.0,736.522,1359.733,107.611,171.288,0.0,6
2022-05-10,5,601.038,1242.123,210.802,15.801,19.483,13.317,9.66,12.917,6.85,12.614,14.05,11.033,68.074,87.55,44.55,1014.832,1007.88,,8.467,12.8,3237.396,1010.0,22.0,0.0,0.583,1.517,,22.667,22.667,22.667,6.0,6.0,,26.0,26.0,6.0,39.333,,6.0,1.0,,6.0,601.038,1242.123,210.802,227.736,0.0,6
2022-05-11,4,272.769,591.993,95.909,13.242,15.367,10.367,10.267,13.2,8.3,11.699,13.783,9.55,82.506,93.733,65.233,1010.541,1003.556,,8.867,13.2,2542.292,740.0,23.25,0.0,0.2,1.433,,22.667,22.667,22.667,6.0,6.0,,26.0,26.0,6.0,6.0,,6.0,1.0,,6.0,272.769,591.993,95.909,229.067,1.0,6
2022-05-12,4,522.581,1096.219,39.655,12.939,17.65,7.533,6.932,9.483,4.65,10.0,12.067,7.217,69.755,96.383,44.8,1018.22,1011.186,,7.342,12.4,3677.083,1500.0,20.5,0.0,1.217,4.167,,22.667,22.667,22.667,6.0,6.0,,26.0,26.0,6.0,6.0,,6.0,1.0,,6.0,522.581,1096.219,39.655,245.816,0.0,6
2022-05-13,9,620.093,1243.945,217.271,14.624,20.217,10.267,8.121,9.35,6.917,11.31,14.283,8.817,66.176,83.017,47.3,1019.881,1012.87,1016.0,9.6,13.0,3912.5,2450.0,20.333,0.0,1.15,4.983,,22.667,22.667,22.667,6.0,6.0,1.0,26.0,26.0,6.0,39.333,,6.0,1.0,,6.0,620.093,1243.945,217.271,248.327,0.0,6
2022-05-14,4,733.103,1645.779,69.791,15.332,22.433,7.633,8.251,10.117,6.033,11.644,14.967,7.05,65.612,94.017,39.4,1020.654,1013.656,,3.542,6.2,2791.667,1250.0,,0.0,1.8,5.583,,22.667,22.667,22.667,6.0,6.0,,26.0,26.0,6.0,,,6.0,1.0,,6.0,733.103,1645.779,69.791,215.582,0.0,6
2022-05-15,2,422.499,705.092,207.847,15.549,17.883,13.417,11.336,14.267,8.167,13.291,15.15,11.15,76.181,88.3,63.467,1015.123,1008.173,,4.842,8.4,2054.896,642.5,,0.0,0.0,0.05,,22.667,22.667,22.667,6.0,6.0,,26.0,26.0,6.0,,,6.0,1.0,,6.0,422.499,705.092,207.847,92.914,1.0,6
2022-05-16,3,442.356,1040.697,59.923,16.256,21.033,12.567,12.27,14.133,10.35,14.04,16.467,12.133,78.375,96.133,58.333,1014.439,1007.505,,7.608,14.2,2374.688,337.5,22.8,0.0,0.567,2.317,,22.667,22.667,22.667,6.0,6.0,,26.0,26.0,6.0,26.0,,6.0,1.0,,6.0,442.356,1040.697,59.923,218.947,1.0,6
2022-05-17,10,885.951,1998.936,76.192,18.791,25.483,11.15,11.746,14.1,9.367,14.813,17.633,10.517,67.273,94.767,38.067,1017.144,1010.272,,5.685,10.8,3653.03,1425.0,21.0,0.0,1.45,4.817,,22.667,22.667,22.667,6.0,6.0,,26.0,26.0,6.0,6.0,,6.0,1.0,,6.0,885.951,1998.936,76.192,161.004,0.0,6
2022-05-18,5,879.091,1828.404,120.779,17.45,22.317,11.3,9.06,13.55,4.117,13.112,15.45,10.5,61.697,91.45,31.0,1018.718,1011.774,,6.125,11.0,4288.542,2025.0,24.0,0.0,1.4,5.35,,22.667,22.667,22.667,6.0,6.0,,26.0,26.0,6.0,56.0,,6.0,1.0,,6.0,879.091,1828.404,120.779,193.691,0.0,6
2022-05-19,7,713.056,1510.782,98.564,16.983,21.15,13.65,10.094,13.733,5.583,13.385,15.017,10.833,66.69,93.967,38.65,1018.134,1011.186,,5.55,9.8,3944.479,1255.0,13.0,0.0,1.317,3.783,,22.667,22.667,22.667,6.0,6.0,,26.0,26.0,6.0,106.0,,6.0,1.0,,6.0,713.056,1510.782,98.564,266.001,0.0,6
2022-05-20,2,436.487,751.518,132.052,13.877,17.217,11.75,9.103,11.2,6.267,11.44,13.5,9.767,73.358,90.783,60.483,1018.664,1011.629,,6.625,12.0,3718.646,972.5,23.0,0.0,0.383,1.317,,22.667,22.667,22.667,6.0,6.0,,26.0,26.0,6.0,6.0,,6.0,1.0,,6.0,436.487,751.518,132.052,235.208,0.0,6
2022-05-21,6,629.823,1230.833,114.806,14.681,19.483,9.617,8.065,10.033,6.383,11.332,13.533,8.767,66.633,90.917,44.567,1020.617,1013.6,,6.292,9.4,3559.375,2075.0,19.5,0.0,1.0,4.233,,22.667,22.667,22.667,6.0,6.0,,26.0,26.0,6.0,6.0,,6.0,1.0,,6.0,629.823,1230.833,114.806,249.894,0.0,6
2022-05-22,10,845.382,1797.945,66.544,16.462,22.75,9.367,8.331,11.8,3.667,12.261,15.433,8.833,62.451,94.9,31.55,1013.256,1006.328,1009.0,4.183,8.8,3794.792,1800.0,11.0,0.0,1.567,6.067,,22.667,22.667,22.667,6.0,6.0,1.0,26.0,26.0,6.0,6.0,,6.0,1.0,,6.0,845.382,1797.945,66.544,205.737,0.0,6
2022-05-23,5,492.317,1107.836,117.065,14.386,18.483,10.567,9.172,11.35,6.733,11.701,13.767,9.55,71.918,91.283,48.317,1002.533,995.634,,4.95,9.4,4146.458,715.0,17.0,0.0,0.217,0.817,,22.667,22.667,22.667,6.0,6.0,,26.0,26.0,6.0,106.0,,6.0,1.0,,6.0,492.317,1107.836,117.065,271.258,0.0,6
2022-05-24,1,386.928,989.717,55.793,12.822,17.2,9.633,8.49,10.333,5.95,10.649,12.75,9.033,76.531,95.467,49.467,1006.196,999.229,,6.175,10.0,4142.812,635.0,17.0,0.0,1.083,3.1,,22.667,22.667,22.667,6.0,6.0,,26.0,26.0,6.0,6.0,,6.0,1.0,,6.0,386.928,989.717,55.793,260.893,1.0,6
2022-05-25,2,401.628,827.459,126.232,13.539,17.833,8.717,9.259,13.3,6.417,11.327,14.8,7.817,75.905,89.583,59.283,1013.66,1006.653,1010.0,9.692,15.0,4164.479,1047.5,20.0,0.0,0.35,1.367,,22.667,22.667,22.667,6.0,6.0,1.0,26.0,26.0,6.0,39.333,,6.0,1.0,,6.0,401.628,827.459,126.232,236.366,1.0,6
2022-05-26,2,464.567,873.245,100.932,15.383,19.45,10.7,10.961,12.333,9.383,12.981,15.317,10.05,75.657,92.3,61.25,1021.249,1014.248,1019.0,9.583,14.0,3844.792,2075.0,18.333,0.0,0.283,1.867,,22.667,22.667,22.667,6.0,6.0,1.0,26.0,26.0,6.0,6.0,,6.0,1.0,,6.0,464.567,873.245,100.932,251.569,0.0,6
2022-05-27,4,775.596,1436.593,119.523,15.914,19.783,12.5,7.409,12.283,3.717,11.75,13.283,8.617,59.823,92.167,36.883,1024.292,1017.286,1021.0,7.933,10.2,4201.042,2075.0,18.5,0.0,1.983,6.267,,22.667,22.667,22.667,6.0,6.0,1.0,26.0,26.0,6.0,6.0,,6.0,1.0,,6.0,775.596,1436.593,119.523,307.411,0.0,6
2022-05-28,6,710.525,1162.292,273.639,13.471,17.5,8.7,4.827,6.283,2.917,9.421,11.517,6.8,56.623,76.65,41.467,1024.791,1017.711,1021.0,5.675,9.4,4729.167,3000.0,10.0,0.0,0.983,3.25,,22.667,22.667,22.667,6.0,6.0,1.0,26.0,26.0,6.0,6.0,,6.0,1.0,,6.0,710.525,1162.292,273.639,10.151,0.0,6
2022-05-29,8,584.745,988.677,250.408,11.717,15.4,7.767,3.981,5.583,2.183,8.219,9.95,6.017,59.99,76.9,43.167,1019.15,1012.061,,5.617,10.0,4838.542,3375.0,17.0,0.0,1.033,3.583,,22.667,22.667,22.667,6.0,6.0,,26.0,26.0,6.0,106.0,,6.0,1.0,,6.0,584.745,988.677,250.408,20.547,0.0,6
2022-05-30,4,293.632,717.932,67.723,10.366,14.35,5.833,6.659,9.183,4.05,8.603,10.85,5.183,78.92,93.8,55.45,1013.647,1006.577,1011.5,4.725,11.2,3834.896,937.5,21.667,0.0,0.2,1.517,,22.667,22.667,22.667,6.0,6.0,1.0,26.0,26.0,6.0,39.333,,6.0,1.0,,6.0,293.632,717.932,67.723,195.408,1.0,6
2022-05-31,1,228.08,687.568,42.428,11.206,15.117,8.45,8.519,10.05,6.417,9.871,11.883,7.933,84.285,96.45,59.45,1012.516,1005.477,1009.0,4.408,7.8,3414.688,475.0,15.0,0.0,0.45,2.15,,22.667,22.667,22.667,6.0,6.0,1.0,26.0,26.0,6.0,56.0,,6.0,1.0,,6.0,228.08,687.568,42.428,231.579,1.0,6
2022-06-01,2,505.796,1144.487,50.231,12.753,17.967,7.367,7.016,9.417,4.333,9.947,12.35,6.983,70.574,95.4,43.367,1017.098,1010.064,1015.667,3.525,6.0,4289.583,1400.0,,0.0,0.75,3.25,,22.667,22.667,22.667,6.0,6.0,1.0,26.0,26.0,6.0,,,6.0,51.0,,6.0,505.796,1144.487,50.231,303.398,0.0,6
2022-06-02,11,683.632,1318.681,73.999,14.872,19.933,8.133,7.803,9.967,5.767,11.285,13.8,7.4,64.986,93.7,43.067,1019.918,1012.9,,4.158,8.0,3910.417,1725.0,,0.0,1.55,5.0,,22.667,22.667,22.667,6.0,6.0,,26.0,26.0,6.0,,,6.0,1.0,,6.0,683.632,1318.681,73.999,107.387,0.0,6
2022-06-03,19,824.168,1646.743,200.854,16.888,22.417,11.267,8.977,11.617,6.667,12.753,15.233,9.933,61.836,85.4,38.717,1017.831,1010.89,,6.092,10.2,3434.375,1600.0,20.0,0.0,0.583,3.367,,22.667,22.667,22.667,6.0,6.0,,26.0,26.0,6.0,6.0,,6.0,51.0,,6.0,824.168,1646.743,200.854,75.823,0.0,6
2022-06-04,5,588.425,1105.107,238.971,15.052,19.45,12.333,8.979,10.633,7.6,11.91,14.133,10.717,67.913,83.6,51.517,1019.84,1012.829,,8.8,11.2,3150.0,1025.0,22.0,0.0,0.483,2.0,,22.667,22.667,22.667,6.0,6.0,,26.0,26.0,6.0,6.0,,6.0,51.0,,6.0,588.425,1105.107,238.971,67.323,1.0,6
2022-06-05,6,139.838,310.765,53.92,12.841,14.983,11.333,11.381,12.833,9.35,12.058,13.367,10.6,90.928,96.317,81.85,1015.969,1008.944,,4.5,8.2,1026.562,220.0,,0.0,0.0,0.017,,22.667,22.667,22.667,6.0,6.0,,26.0,26.0,6.0,,,6.0,1.0,,6.0,139.838,310.765,53.92,275.613,1.0,6
2022-06-06,1,238.634,528.047,50.108,14.112,17.1,11.917,11.767,12.633,10.767,12.834,14.5,11.583,86.257,96.5,73.0,1014.508,1007.523,,5.667,8.6,3073.75,322.5,15.0,0.0,0.0,0.133,,22.667,22.667,22.667,6.0,6.0,,26.0,26.0,6.0,106.0,,6.0,1.0,,6.0,238.634,528.047,50.108,251.019,1.0,6
2022-06-07,4,487.768,1033.052,93.728,16.124,20.717,10.267,11.724,14.35,8.733,13.685,16.933,9.6,76.291,93.05,55.7,1011.604,1004.669,,5.025,9.0,4408.333,1900.0,16.0,0.0,1.433,3.4,,22.667,22.667,22.667,6.0,6.0,,26.0,26.0,6.0,106.0,,6.0,1.0,,6.0,487.768,1033.052,93.728,208.007,1.0,6
2022-06-08,1,676.753,1497.385,60.101,17.305,21.4,13.9,10.947,14.633,6.817,13.919,15.45,11.9,68.956,96.483,40.917,1005.893,999.04,,9.253,14.6,3558.646,605.0,24.0,0.0,1.233,3.167,,22.667,22.667,22.667,6.0,6.0,,26.0,26.0,6.0,31.0,,6.0,1.0,,6.0,676.753,1497.385,60.101,250.248,0.0,6
2022-06-09,4,527.368,1140.927,111.742,15.885,19.667,11.3,10.825,14.083,8.517,13.167,14.983,10.567,73.292,92.017,50.383,1015.316,1008.362,,7.561,11.2,2685.417,925.0,15.333,0.0,0.617,2.733,,22.667,22.667,22.667,6.0,6.0,,26.0,26.0,6.0,6.0,,6.0,1.0,,6.0,527.368,1140.927,111.742,240.802,0.0,6
2022-06-10,7,716.802,1390.432,110.317,18.091,22.367,14.433,11.772,14.533,9.15,14.614,16.45,12.5,68.413,93.817,47.2,1018.465,1011.536,,8.966,13.4,2562.604,562.5,21.333,0.0,1.55,5.1,,22.667,22.667,22.667,6.0,6.0,,26.0,26.0,6.0,6.0,,6.0,1.0,,6.0,716.802,1390.432,110.317,224.232,0.0,6
2022-06-11,10,760.014,1452.313,102.121,17.144,22.067,12.017,10.114,11.683,7.483,13.386,15.667,11.217,65.463,92.95,43.8,1021.607,1014.634,,8.408,12.6,2851.042,1150.0,16.333,0.0,1.367,5.233,,22.667,22.667,22.667,6.0,6.0,,26.0,26.0,6.0,39.333,,6.0,1.0,,6.0,760.014,1452.313,102.121,239.182,0.0,6
2022-06-12,7,837.372,1533.349,149.432,16.487,21.45,10.933,8.055,10.6,4.817,12.183,14.5,9.883,59.472,88.917,39.317,1023.39,1016.4,,7.486,11.8,3491.25,1465.0,19.0,0.0,1.35,4.85,,22.667,22.667,22.667,6.0,6.0,,26.0,26.0,6.0,106.0,,6.0,1.0,,6.0,837.372,1533.349,149.432,276.932,0.0,6
2022-06-13,11,824.53,1420.111,225.153,15.856,20.567,10.083,7.238,9.333,5.933,11.53,13.75,8.65,58.183,82.617,40.55,1024.47,1017.457,,4.495,7.0,4554.167,3200.0,,0.0,1.75,5.517,,22.667,22.667,22.667,6.0,6.0,,26.0,26.0,6.0,,,6.0,1.0,,6.0,824.53,1420.111,225.153,298.57,0.0,6
2022-06-14,11,1014.905,1917.292,156.284,17.791,24.017,9.9,8.5,10.533,6.95,12.9,15.867,8.783,57.601,88.55,35.367,1020.777,1013.825,,4.157,7.2,4489.489,2700.0,,0.0,2.317,7.15,,22.667,22.667,22.667,6.0,6.0,,26.0,26.0,6.0,,,6.0,1.0,,6.0,1014.905,1917.292,156.284,188.204,0.0,6
2022-06-15,15,1258.912,2408.897,204.758,19.942,26.817,10.983,9.505,11.783,7.45,14.258,17.283,9.617,54.285,86.083,30.983,1018.452,1011.572,,3.685,7.2,3859.375,1775.0,,0.0,2.1,7.15,,22.667,22.667,22.667,6.0,6.0,,26.0,26.0,6.0,,,6.0,1.0,,,1258.912,2408.897,204.758,214.561,,6
2022-06-16,17,1415.537,2671.087,267.206,21.471,28.25,13.033,10.362,12.25,7.917,15.307,17.933,11.45,52.326,83.167,29.367,1021.489,1014.628,1014.0,4.151,9.6,4127.083,2225.0,18.0,0.0,1.917,6.883,,22.667,22.667,22.667,6.0,6.0,1.0,26.0,26.0,6.0,106.0,,6.0,1.0,,,1415.537,2671.087,267.206,231.825,,6
2022-06-17,17,1724.151,3007.978,579.799,24.19,31.25,16.2,12.296,14.483,9.733,17.242,20.667,12.967,49.258,70.233,33.533,1019.551,1012.76,,7.3,14.8,3764.583,2125.0,21.0,0.0,1.883,6.433,,22.667,22.667,22.667,6.0,6.0,,26.0,26.0,6.0,6.0,,6.0,1.0,,,1724.151,3007.978,579.799,213.744,,6
2022-06-18,12,584.379,1230.006,153.931,18.111,23.867,11.533,13.305,15.9,8.7,15.34,18.733,10.467,74.083,89.783,58.317,1017.56,1010.653,,6.725,12.0,3457.292,1350.0,21.333,0.0,0.417,1.9,,22.667,22.667,22.667,6.0,6.0,,26.0,26.0,6.0,39.333,,6.0,1.0,,,584.379,1230.006,153.931,78.591,,6
2022-06-19,7,593.161,1158.252,163.557,14.54,18.733,10.067,8.172,10.85,5.933,11.33,13.117,8.867,67.389,87.183,45.917,1014.935,1007.951,,6.475,9.8,4092.708,2275.0,14.0,0.0,0.383,1.4,,22.667,22.667,22.667,6.0,6.0,,26.0,26.0,6.0,106.0,,6.0,1.0,,,593.161,1158.252,163.557,29.112,,6
2022-06-20,9,860.253,1535.456,295.361,16.585,21.6,11.65,7.962,9.633,6.583,12.167,14.5,9.833,58.443,79.083,39.917,1018.355,1011.398,,5.667,9.8,4078.125,2550.0,17.667,0.0,2.317,7.15,,22.667,22.667,22.667,6.0,6.0,,26.0,26.0,6.0,39.333,,6.0,1.0,,,860.253,1535.456,295.361,43.16,,6
2022-06-21,10,1142.151,2311.431,135.627,18.115,25.033,10.167,7.392,10.367,3.817,12.647,15.283,9.3,54.444,90.017,26.717,1014.718,1007.81,,3.583,6.6,3846.875,1625.0,,0.0,2.217,7.217,,22.667,22.667,22.667,6.0,6.0,,26.0,26.0,6.0,,,6.0,1.0,,,1142.151,2311.431,135.627,98.338,,6
2022-06-22,11,1162.168,2119.386,227.522,19.651,26.183,11.733,9.892,12.117,6.733,14.331,17.533,10.25,56.147,85.05,35.75,1013.365,1006.494,,4.783,9.0,4412.5,2200.0,,0.0,2.333,7.817,,22.667,22.667,22.667,6.0,6.0,,26.0,26.0,6.0,,,6.0,1.0,,,1162.168,2119.386,227.522,83.221,,6
2022-06-23,11,745.885,1671.304,215.368,18.802,24.583,13.367,12.745,15.25,10.567,15.343,18.1,12.067,69.602,87.8,46.033,1009.645,1002.794,,3.717,8.2,3021.345,705.0,,0.0,0.2,1.35,,22.667,22.667,22.667,6.0,6.0,,26.0,26.0,6.0,,,6.0,1.0,,,745.885,1671.304,215.368,70.52,,6
2022-06-24,14,608.167,1055.02,164.063,17.729,21.033,14.417,12.374,14.667,10.85,14.734,16.65,13.117,71.832,90.633,57.167,1004.797,997.958,,8.542,12.8,3239.792,405.0,18.333,0.0,0.517,1.917,,22.667,22.667,22.667,6.0,6.0,,26.0,26.0,6.0,39.333,,6.0,1.0,,,608.167,1055.02,164.063,208.865,,6
2022-06-25,13,650.651,1356.172,156.914,16.198,20.55,12.55,9.745,12.867,7.233,12.833,14.1,11.583,67.844,89.617,43.867,1007.845,1000.943,,8.392,13.0,3438.542,1950.0,22.333,0.0,1.1,3.3,,22.667,22.667,22.667,6.0,6.0,,26.0,26.0,6.0,39.333,,6.0,1.0,,,650.651,1356.172,156.914,190.621,,6
2022-06-26,18,852.887,1494.67,189.906,16.461,20.95,11.167,7.749,10.083,5.083,12.055,13.833,9.867,58.856,86.4,38.367,1012.148,1005.225,,8.7,13.4,4654.167,2975.0,23.5,0.0,1.85,6.05,,22.667,22.667,22.667,6.0,6.0,,26.0,26.0,6.0,31.0,,6.0,1.0,,,852.887,1494.67,189.906,196.566,,6
2022-06-27,9,590.158,1068.414,201.267,15.453,19.1,11.6,9.439,12.733,7.383,12.318,14.717,10.317,68.3,86.767,49.833,1016.248,1009.284,,7.75,13.4,4359.375,2075.0,,0.0,0.733,3.683,,22.667,22.667,22.667,6.0,6.0,,26.0,26.0,6.0,,,6.0,1.0,,,590.158,1068.414,201.267,223.236,,6
2022-06-28,9,777.183,1499.154,165.849,16.341,21.5,10.9,8.645,10.583,6.667,12.352,14.583,9.817,62.374,87.8,40.7,1017.527,1010.573,,7.567,13.0,4286.458,2325.0,,0.0,1.267,4.167,,22.667,22.667,22.667,6.0,6.0,,26.0,26.0,6.0,,,6.0,1.0,,,777.183,1499.154,165.849,189.847,,6
2022-06-29,6,574.265,1129.46,176.727,16.747,20.483,14.533,11.345,14.3,8.65,13.816,15.683,12.0,71.436,90.0,53.3,1012.126,1005.209,,6.733,11.0,3608.542,355.0,14.0,0.0,0.25,1.45,,22.667,22.667,22.667,6.0,6.0,,26.0,26.0,6.0,6.0,,6.0,1.0,,,574.265,1129.46,176.727,185.149,,6
2022-06-30,7,517.04,1123.527,127.39,15.438,19.35,12.017,10.256,12.35,8.117,12.713,14.083,10.8,72.784,91.65,49.733,1012.027,1005.088,,5.558,11.4,4238.542,2050.0,,0.0,0.617,1.617,,22.667,22.667,22.667,6.0,6.0,,26.0,26.0,6.0,,,6.0,1.0,,,517.04,1123.527,127.39,216.995,,6
2022-07-01,7,626.114,1335.207,139.337,15.919,20.883,11.6,9.805,11.583,8.117,12.693,14.9,10.617,68.766,90.4,45.017,1016.495,1009.544,,7.758,12.6,4372.5,1890.0,19.0,0.0,0.833,3.0,,39.333,39.333,39.333,6.0,6.0,,26.0,26.0,6.0,39.333,,6.0,1.0,,,626.114,1335.207,139.337,229.713,,6
2022-07-02,17,691.987,1410.606,144.346,16.803,21.7,11.933,10.356,12.283,8.483,13.349,15.35,11.017,67.938,90.083,45.283,1018.298,1011.352,,8.875,12.6,4498.958,2375.0,21.5,0.0,0.683,4.067,,39.333,39.333,39.333,6.0,6.0,,26.0,26.0,6.0,6.0,,6.0,1.0,,,691.987,1410.606,144.346,220.765,,6
2022-07-03,14,774.048,1562.371,133.205,17.111,22.017,11.167,9.912,11.183,7.95,13.26,15.25,10.317,64.522,90.4,41.183,1019.361,1012.411,,5.508,9.0,4941.667,2675.0,,0.0,1.183,3.983,,39.333,39.333,39.333,6.0,6.0,,26.0,26.0,6.0,,,6.0,1.0,,,774.048,1562.371,133.205,273.477,,6
2022-07-04,13,909.505,1501.796,248.084,17.353,22.3,11.333,8.597,10.217,6.95,12.778,15.467,9.767,57.735,82.033,43.15,1021.325,1014.367,,6.167,10.2,5415.625,3850.0,17.0,0.0,1.383,4.883,,39.333,39.333,39.333,6.0,6.0,,26.0,26.0,6.0,106.0,,6.0,51.0,,,909.505,1501.796,248.084,283.945,,6
2022-07-05,13,889.609,1434.711,200.874,17.313,21.733,10.5,8.883,10.633,7.517,12.869,15.233,9.2,59.024,85.133,44.217,1025.008,1018.028,,5.458,9.0,5203.542,2985.0,21.0,0.0,0.9,3.467,,39.333,39.333,39.333,6.0,6.0,,26.0,26.0,6.0,106.0,,6.0,1.0,,,889.609,1434.711,200.874,306.856,,6
2022-07-06,19,898.249,1551.374,399.104,18.828,23.9,12.783,11.113,13.467,7.55,14.551,17.25,10.367,61.367,74.567,47.85,1026.525,1019.566,,6.708,11.4,5027.083,2625.0,18.0,0.0,0.533,1.95,,39.333,39.333,39.333,6.0,6.0,,26.0,26.0,6.0,106.0,,6.0,1.0,,,898.249,1551.374,399.104,297.604,,6
2022-07-07,13,976.916,1830.952,459.658,19.584,24.317,16.483,11.23,13.283,9.333,14.977,16.483,13.667,59.898,76.283,39.383,1028.6,1021.641,,5.858,9.8,4998.958,3000.0,,0.0,1.1,3.317,,39.333,39.333,39.333,6.0,6.0,,26.0,26.0,6.0,,,6.0,1.0,,,976.916,1830.952,459.658,271.992,,6
2022-07-08,17,1317.156,2611.613,217.552,21.536,28.183,13.783,11.567,13.583,9.333,15.883,18.55,12.467,56.289,86.95,31.333,1031.447,1024.509,,4.292,7.6,4514.583,1725.0,,0.0,2.133,6.617,,39.333,39.333,39.333,6.0,6.0,,26.0,26.0,6.0,,,6.0,1.0,,,1317.156,2611.613,217.552,321.068,,6
2022-07-09,21,1215.824,2358.641,375.271,21.097,26.683,15.783,11.353,13.567,8.283,15.665,17.25,13.633,56.153,79.567,32.017,1029.993,1023.056,,5.308,8.2,5484.375,3625.0,16.0,0.0,1.833,5.4,,39.333,39.333,39.333,6.0,6.0,,26.0,26.0,6.0,106.0,,6.0,1.0,,,1215.824,2358.641,375.271,217.445,,6
2022-07-10,20,1367.67,2747.28,270.991,21.803,28.917,14.167,11.52,13.317,9.267,15.978,18.533,12.6,55.431,84.317,30.533,1026.598,1019.698,1022.0,4.225,7.6,5053.125,2900.0,11.0,0.0,2.25,7.033,,39.333,39.333,39.333,6.0,6.0,1.0,26.0,26.0,6.0,6.0,,6.0,1.0,,,1367.67,2747.28,270.991,234.907,,6
2022-07-11,31,1759.152,3115.75,557.711,23.915,30.833,15.917,11.312,12.883,9.667,16.703,19.567,12.933,47.316,70.583,29.517,1023.107,1016.293,1020.667,4.058,8.4,5416.667,3750.0,12.0,0.0,1.967,6.367,,39.333,39.333,39.333,6.0,6.0,1.0,26.0,26.0,6.0,6.0,,6.0,1.0,,,1759.152,3115.75,557.711,215.301,,6
2022-07-12,30,1688.147,2748.372,796.943,24.978,30.317,19.183,13.551,15.45,11.15,18.179,20.417,15.1,50.079,65.7,36.3,1022.0,1015.218,,5.192,10.2,4662.812,2507.5,,0.0,0.483,1.35,,39.333,39.333,39.333,6.0,6.0,,26.0,26.0,6.0,,,6.0,1.0,,,1688.147,2748.372,796.943,214.063,,6
2022-07-13,25,1375.223,2137.211,469.736,23.601,27.667,18.717,13.026,15.05,9.25,17.312,18.883,15.283,54.133,78.667,39.75,1021.306,1014.49,,4.508,7.2,4573.558,2400.0,,0.0,1.017,2.667,,39.333,39.333,39.333,6.0,6.0,,26.0,26.0,6.0,,,6.0,1.0,,,1375.223,2137.211,469.736,320.064,,6
2022-07-14,30,1168.565,2063.552,278.811,19.916,24.567,15.55,9.356,14.9,6.133,14.366,16.167,11.967,53.49,85.55,32.5,1022.677,1015.779,,5.925,9.6,4189.583,1975.0,,0.0,2.017,5.4,,22.667,22.667,22.667,6.0,6.0,,26.0,26.0,6.0,,,6.0,1.0,,,1168.565,2063.552,278.811,215.386,,6
2022-07-15,34,1266.582,2187.407,379.235,19.776,25.283,12.7,8.505,10.917,6.55,13.817,16.2,10.383,50.128,75.617,31.433,1023.767,1016.844,,5.033,9.8,5138.542,3550.0,16.5,0.0,1.967,6.05,,22.667,22.667,22.667,6.0,6.0,,26.0,26.0,6.0,56.0,,6.0,1.0,,,1266.582,2187.407,379.235,306.395,,6
2022-07-16,44,1358.789,2639.096,370.026,21.241,27.85,14.133,10.359,12.333,7.55,15.231,17.85,12.017,52.394,77.533,28.717,1024.873,1017.977,1021.0,3.667,8.2,5098.958,3625.0,,0.0,2.233,6.717,,22.667,22.667,22.667,6.0,6.0,1.0,26.0,26.0,6.0,,,6.0,1.0,,,1358.789,2639.096,370.026,194.101,,6
2022-07-17,32,1786.928,3020.87,547.773,23.243,29.75,15.683,9.399,11.983,5.433,15.665,18.483,12.483,44.199,71.283,26.067,1024.853,1018.005,,4.542,8.2,4610.417,2250.0,,0.0,2.2,6.05,,22.667,22.667,22.667,6.0,6.0,,26.0,26.0,6.0,,,6.0,1.0,,,1786.928,3020.87,547.773,159.68,,6
2022-07-18,42,2688.087,4898.609,817.148,27.392,36.017,17.95,9.558,12.417,6.2,17.358,20.417,13.717,36.357,62.867,16.967,1019.115,1012.425,1017.0,4.258,8.8,4086.458,2400.0,12.0,0.0,1.95,6.05,,22.667,22.667,22.667,6.0,6.0,1.0,26.0,26.0,6.0,6.0,,6.0,51.0,,,2688.087,4898.609,817.148,184.685,,6
2022-07-19,34,2998.398,5888.291,610.093,29.572,39.117,20.067,11.728,17.95,7.267,19.138,21.517,15.733,38.647,76.85,14.833,1011.836,1005.233,,6.633,13.8,2990.208,970.0,24.0,0.0,1.883,5.5,,22.667,22.667,22.667,6.0,6.0,,26.0,26.0,6.0,31.0,,6.0,1.0,,,2998.398,5888.291,610.093,164.141,,6
2022-07-20,51,837.722,1724.709,207.057,21.608,26.133,17.9,15.619,17.0,14.083,17.997,19.4,16.7,70.216,90.283,48.9,1015.723,1008.899,,8.233,11.2,2462.188,680.0,16.0,0.0,0.467,2.117,,22.667,22.667,22.667,6.0,6.0,,26.0,26.0,6.0,6.0,,6.0,1.0,,,837.722,1724.709,207.057,250.639,,6
2022-07-21,24,764.689,1351.263,255.07,19.772,23.417,16.183,13.71,15.283,12.35,16.255,17.967,14.4,69.114,87.3,52.2,1021.378,1014.475,,4.975,8.2,3314.167,1015.0,,0.0,0.367,1.35,,22.667,22.667,22.667,6.0,6.0,,26.0,26.0,6.0,,,6.0,1.0,,,764.689,1351.263,255.07,79.675,,6
2022-07-22,28,741.766,1198.152,385.197,18.946,21.783,16.533,12.642,13.767,11.633,15.378,16.6,14.3,67.332,79.9,54.05,1020.076,1013.151,,6.233,8.4,4192.708,2250.0,,0.0,0.233,0.933,,22.667,22.667,22.667,6.0,6.0,,26.0,26.0,6.0,,,6.0,1.0,,,741.766,1198.152,385.197,105.136,,6
2022-07-23,42,972.288,2177.032,240.344,20.338,26.2,15.333,12.649,14.417,8.817,15.972,18.217,14.0,63.936,86.717,34.883,1018.552,1011.684,1015.0,6.792,11.8,4001.042,2025.0,22.0,0.0,1.433,4.483,,22.667,22.667,22.667,6.0,6.0,1.0,26.0,26.0,6.0,6.0,,6.0,1.0,,,972.288,2177.032,240.344,212.382,,6
2022-07-24,45,1147.28,2236.226,368.466,21.934,27.5,17.567,13.428,15.45,10.967,16.991,18.833,15.617,60.914,81.883,38.267,1013.76,1006.956,1009.0,10.517,15.0,4710.417,2300.0,21.667,0.0,1.817,5.367,,22.667,22.667,22.667,6.0,6.0,1.0,26.0,26.0,6.0,39.333,,6.0,1.0,,,1147.28,2236.226,368.466,215.808,,6
2022-07-25,30,844.715,1414.802,405.812,19.901,22.883,17.217,12.89,16.05,10.55,15.919,17.417,13.667,64.782,81.167,49.317,1010.725,1003.904,,9.642,13.4,4898.958,2825.0,21.0,0.0,0.283,0.9,,22.667,22.667,22.667,6.0,6.0,,26.0,26.0,6.0,6.0,,6.0,1.0,,,844.715,1414.802,405.812,257.255,,6
2022-07-26,38,725.525,1342.173,290.024,17.706,21.583,15.117,11.043,12.917,9.367,14.082,15.6,12.8,65.812,83.633,47.867,1019.216,1012.285,,4.808,8.2,4395.833,2500.0,,0.0,0.333,0.833,,22.667,22.667,22.667,6.0,6.0,,26.0,26.0,6.0,,,6.0,1.0,,,725.525,1342.173,290.024,279.891,,6
2022-07-27,23,791.41,1246.61,291.901,18.017,21.383,14.317,10.762,12.633,7.833,14.082,15.667,12.45,63.489,83.05,49.567,1020.124,1013.193,,4.737,7.0,4460.417,3175.0,5.0,0.0,0.217,0.9,,22.667,22.667,22.667,6.0,6.0,,26.0,26.0,6.0,6.0,,6.0,1.0,,,791.41,1246.61,291.901,117.58,,6
2022-07-28,21,1013.776,1721.57,398.946,19.193,23.267,15.6,10.138,12.317,7.717,14.308,15.883,12.967,57.201,78.033,38.933,1017.402,1010.515,,5.8,8.6,4522.69,3250.0,,0.0,1.15,3.233,,22.667,22.667,22.667,6.0,6.0,,26.0,26.0,6.0,,,6.0,1.0,,,1013.776,1721.57,398.946,101.172,,6
2022-07-29,31,1209.994,2322.681,273.445,20.467,26.467,13.55,10.486,12.95,8.45,14.981,17.0,12.0,55.59,83.683,32.867,1018.434,1011.557,,3.642,6.8,4470.833,2225.0,,0.0,1.217,4.017,,22.667,22.667,22.667,6.0,6.0,,26.0,26.0,6.0,,,6.0,51.0,,,1209.994,2322.681,273.445,56.88,,6
2022-07-30,27,1024.489,1760.43,312.076,21.147,25.55,15.85,13.276,15.75,10.75,16.579,18.783,13.85,61.875,83.25,45.817,1018.226,1011.377,,6.281,9.6,4410.417,1500.0,12.0,0.0,0.417,1.567,,22.667,22.667,22.667,6.0,6.0,,26.0,26.0,6.0,6.0,,6.0,1.0,,,1024.489,1760.43,312.076,236.135,,6
2022-07-31,27,835.298,1486.597,423.143,21.973,25.733,19.417,16.076,17.083,15.05,18.373,19.9,16.983,69.852,81.483,55.0,1016.247,1009.425,,8.083,12.6,5266.875,1255.0,18.0,0.0,0.15,0.55,,22.667,22.667,22.667,6.0,6.0,,26.0,26.0,6.0,6.0,,6.0,1.0,,,835.298,1486.597,423.143,252.785,,6
2022-08-01,37,986.211,1917.368,363.392,21.608,26.433,17.55,14.331,15.55,12.733,17.306,19.1,15.733,64.685,82.333,44.567,1018.027,1011.179,1014.0,4.525,9.0,4855.208,2500.0,15.0,0.0,0.85,2.217,,22.667,22.667,22.667,6.0,6.0,1.0,26.0,26.0,6.0,6.0,,6.0,1.0,,,986.211,1917.368,363.392,139.974,,6
2022-08-02,28,759.433,1270.611,306.428,21.691,25.6,18.317,16.336,17.833,13.483,18.408,20.633,16.133,72.09,85.817,61.533,1015.211,1008.385,1012.0,8.458,12.0,4262.364,1800.0,18.0,0.0,0.4,1.983,,22.667,22.667,22.667,6.0,6.0,1.0,26.0,26.0,6.0,6.0,,6.0,1.0,,,759.433,1270.611,306.428,219.553,,6
2022-08-03,25,706.045,1485.643,226.836,21.635,26.567,17.883,16.837,17.9,14.683,18.654,20.9,16.417,75.136,89.083,57.267,1013.458,1006.652,,7.692,11.2,4284.375,2100.0,,0.0,0.117,1.6,,22.667,22.667,22.667,6.0,6.0,,26.0,26.0,6.0,,,6.0,1.0,,,706.045,1485.643,226.836,230.416,,6
2022-08-04,41,1146.67,1759.502,449.493,20.256,23.75,16.783,10.134,13.85,6.217,14.805,16.5,12.217,53.594,77.15,37.917,1015.293,1008.451,,6.208,9.0,4882.292,3175.0,,0.0,1.267,3.767,,22.667,22.667,22.667,6.0,6.0,,26.0,26.0,6.0,,,6.0,1.0,,,1146.67,1759.502,449.493,311.748,,6
2022-08-05,39,1237.546,1897.911,634.639,18.364,22.3,14.483,5.472,7.35,3.133,12.051,13.433,10.517,43.768,61.617,28.867,1022.485,1015.542,,7.425,10.2,5387.138,3825.0,21.0,0.0,1.883,4.5,,22.667,22.667,22.667,6.0,6.0,,26.0,26.0,6.0,6.0,,6.0,1.0,,,1237.546,1897.911,634.639,337.348,,6
2022-08-06,31,1240.385,2213.886,340.226,18.144,24.017,11.05,5.572,9.083,2.55,11.978,14.05,8.917,46.467,75.367,25.05,1028.244,1021.254,1026.5,3.908,6.6,4207.292,2175.0,15.0,0.0,2.25,6.75,,22.667,22.667,22.667,6.0,6.0,1.0,26.0,26.0,6.0,106.0,,6.0,1.0,,,1240.385,2213.886,340.226,216.058,,6
2022-08-07,47,1406.865,2461.207,305.621,20.25,26.883,12.0,8.066,10.267,5.983,13.819,16.867,10.05,48.374,80.05,28.733,1025.785,1018.873,,3.275,6.8,4733.333,2425.0,,0.0,2.25,6.85,,22.667,22.667,22.667,6.0,6.0,,26.0,26.0,6.0,,,6.0,1.0,,,1406.865,2461.207,305.621,325.026,,6
2022-08-08,32,1288.47,2477.755,440.55,21.62,28.2,15.367,11.69,13.917,8.033,15.992,18.7,12.467,55.139,77.15,34.733,1026.542,1019.63,1025.0,4.1,8.6,4803.125,2850.0,,0.0,2.017,5.733,,22.667,22.667,22.667,6.0,6.0,1.0,26.0,26.0,6.0,,,6.0,1.0,,,1288.47,2477.755,440.55,55.231,,6
2022-08-09,31,981.252,2146.315,175.09,20.27,26.633,14.917,12.806,15.733,10.5,16.008,18.317,13.667,65.973,90.467,39.6,1028.53,1021.6,,4.28,8.8,4314.896,1932.5,13.0,0.0,2.167,4.75,,22.667,22.667,22.667,6.0,6.0,,26.0,26.0,6.0,106.0,,6.0,1.0,,,981.252,2146.315,175.09,65.452,,6
2022-08-10,35,1353.758,2636.498,342.011,22.598,29.217,16.0,12.963,15.517,11.133,16.985,19.45,14.2,57.73,83.1,34.533,1025.422,1018.534,1020.0,4.955,8.4,4194.647,1470.0,,0.0,2.217,4.667,,22.667,22.667,22.667,6.0,6.0,1.0,26.0,26.0,6.0,,,6.0,1.0,,,1353.758,2636.498,342.011,79.727,,6
2022-08-11,31,1686.614,3480.364,268.164,23.964,31.9,15.917,12.301,16.617,8.883,17.259,20.017,14.35,52.989,86.15,25.8,1021.402,1014.586,,4.392,8.8,3985.969,1805.0,16.0,0.0,2.233,6.183,,22.667,22.667,22.667,6.0,6.0,,26.0,26.0,6.0,6.0,,6.0,1.0,,,1686.614,3480.364,268.164,74.078,,6
2022-08-12,53,1952.861,3681.608,508.622,24.979,32.217,17.267,11.351,15.483,8.367,17.232,19.683,14.4,46.496,75.983,23.367,1017.979,1011.208,,5.0,8.8,4224.411,2875.0,14.0,0.0,2.2,6.35,,22.667,22.667,22.667,6.0,6.0,,26.0,26.0,6.0,106.0,,6.0,1.0,,,1952.861,3681.608,508.622,70.364,,6
2022-08-13,55,2044.843,4038.623,512.117,25.567,33.333,18.133,11.481,15.483,6.317,17.558,20.317,15.267,45.774,76.417,19.833,1013.734,1007.012,,4.292,8.0,3607.609,2350.0,,0.0,2.067,5.783,,22.667,22.667,22.667,6.0,6.0,,26.0,26.0,6.0,,,6.0,1.0,,,2044.843,4038.623,512.117,80.272,,6
2022-08-14,51,1902.983,3296.198,641.197,24.517,30.083,18.067,10.721,13.983,7.317,16.776,18.833,14.733,45.531,70.0,27.533,1006.662,1000.002,,3.817,7.4,4330.729,2687.5,,0.0,1.617,2.983,,22.667,22.667,22.667,6.0,6.0,,26.0,26.0,6.0,,,6.0,1.0,,,1902.983,3296.198,641.197,88.323,,6
2022-08-15,33,1375.344,2529.836,403.334,23.263,28.283,18.233,13.323,16.5,10.367,17.486,19.383,14.867,56.347,82.333,33.75,1003.002,996.311,999.0,5.008,9.0,3915.0,1760.0,,0.0,1.233,2.267,,22.667,22.667,22.667,6.0,6.0,1.0,26.0,26.0,6.0,,,6.0,1.0,,,1375.344,2529.836,403.334,258.948,,6
2022-08-16,9,510.599,989.007,130.543,19.805,22.35,17.367,15.931,17.8,14.133,17.474,18.617,16.133,79.07,93.85,63.267,1007.485,1000.669,1005.0,3.617,7.0,2246.108,362.5,,0.0,0.067,0.283,,22.667,22.667,22.667,6.0,6.0,1.0,26.0,26.0,506.0,,,6.0,1.0,,,510.599,989.007,130.543,186.371,,6
2022-08-17,7,345.619,1298.092,69.343,19.133,24.1,16.7,16.587,17.9,14.833,17.583,18.917,16.1,86.181,96.7,57.067,1011.836,1004.98,1011.0,4.772,10.0,1266.535,150.0,17.0,0.0,0.133,0.833,,22.667,22.667,22.667,6.0,6.0,1.0,26.0,26.0,6.0,106.0,,6.0,1.0,,,345.619,1298.092,69.343,24.699,,6
2022-08-18,9,770.049,1696.985,170.507,21.115,25.9,17.717,15.569,17.0,13.1,17.787,19.5,16.667,72.64,91.733,48.3,1013.948,1007.13,1011.0,5.467,10.2,2992.917,965.0,,0.0,0.95,2.367,,22.667,22.667,22.667,6.0,6.0,1.0,26.0,26.0,6.0,,,6.0,1.0,,,770.049,1696.985,170.507,248.58,,6
2022-08-19,14,934.888,1983.416,139.994,20.415,24.233,16.633,12.424,17.733,7.15,16.049,18.167,12.933,63.369,93.6,34.267,1014.723,1007.882,1010.0,7.4,11.2,4202.369,850.0,21.0,0.0,1.317,3.1,,22.667,22.667,22.667,6.0,6.0,1.0,26.0,26.0,6.0,6.0,,6.0,1.0,,,934.888,1983.416,139.994,262.865,,6
2022-08-20,12,827.925,1738.891,186.854,18.581,24.333,13.017,11.605,13.3,9.967,14.684,17.05,11.8,65.803,88.033,42.65,1017.253,1010.353,,6.95,11.6,4141.486,2825.0,15.0,0.0,1.3,3.433,,22.667,22.667,22.667,6.0,6.0,,26.0,26.0,6.0,6.0,,6.0,1.0,,,827.925,1738.891,186.854,230.637,,6
2022-08-21,19,792.474,1812.48,149.868,18.767,24.383,14.35,12.126,13.4,9.617,15.059,16.633,13.367,67.897,91.117,40.65,1015.828,1008.934,,4.692,7.8,3351.042,2100.0,,0.0,1.15,2.517,,22.667,22.667,22.667,6.0,6.0,,26.0,26.0,6.0,,,6.0,1.0,,,792.474,1812.48,149.868,220.678,,6
2022-08-22,11,551.293,1084.961,132.673,18.428,22.35,13.533,13.965,16.833,11.5,15.834,17.8,12.65,76.26,92.883,58.617,1013.889,1007.002,1012.0,4.725,7.6,3955.729,1712.5,,0.0,0.583,1.683,,22.667,22.667,22.667,6.0,6.0,1.0,26.0,26.0,6.0,,,6.0,1.0,,,551.293,1084.961,132.673,194.373,,6
2022-08-23,15,530.076,1216.486,81.323,21.034,25.2,17.867,17.405,18.683,16.0,18.774,20.717,17.333,80.812,96.133,61.8,1014.075,1007.248,,5.995,10.2,3921.436,310.0,17.5,0.0,0.667,1.383,,22.667,22.667,22.667,6.0,6.0,,26.0,26.0,6.0,56.0,,6.0,1.0,,,530.076,1216.486,81.323,211.476,,6
2022-08-24,26,981.512,2090.102,282.459,23.004,28.117,19.4,16.459,18.033,14.367,18.988,20.6,17.517,68.776,87.867,44.467,1016.252,1009.461,,5.933,9.2,5071.875,2650.0,15.0,0.0,1.317,3.0,,22.667,22.667,22.667,6.0,6.0,,26.0,26.0,6.0,6.0,,6.0,1.0,,,981.512,2090.102,282.459,209.626,,6
2022-08-25,2,300.27,739.009,70.097,18.817,22.017,15.367,16.492,18.3,13.567,17.416,19.0,14.367,86.717,96.667,72.05,1017.428,1010.544,,4.1,8.6,3072.708,182.5,,0.0,0.25,0.667,,22.667,22.667,22.667,6.0,6.0,,26.0,26.0,6.0,,,6.0,1.0,,,300.27,739.009,70.097,340.275,,6
2022-08-26,2,789.976,1790.769,41.258,18.426,24.167,12.217,11.862,14.517,9.567,14.766,16.517,11.883,69.162,97.367,40.567,1019.175,1012.26,,2.608,4.8,3299.792,385.0,,0.0,1.45,3.833,,22.667,22.667,22.667,6.0,6.0,,26.0,26.0,6.0,,,6.0,1.0,,,789.976,1790.769,41.258,306.468,,6
2022-08-27,7,829.748,1726.752,186.685,19.117,24.117,14.65,12.281,14.25,9.633,15.272,17.0,13.55,67.046,89.417,41.517,1019.035,1012.126,,3.65,7.4,4415.716,2650.0,15.0,0.0,1.5,3.45,,22.667,22.667,22.667,6.0,6.0,,26.0,26.0,6.0,6.0,,6.0,1.0,,,829.748,1726.752,186.685,76.306,,6
2022-08-28,6,769.695,1530.061,174.542,18.438,23.35,13.25,11.931,13.233,10.517,14.793,16.7,12.25,67.766,89.633,46.067,1021.792,1014.838,,4.85,8.8,4729.375,2480.0,,0.0,1.083,3.017,,22.667,22.667,22.667,6.0,6.0,,26.0,26.0,6.0,,,6.0,1.0,,,769.695,1530.061,174.542,68.216,,6
2022-08-29,16,758.087,1306.367,292.689,18.155,21.333,15.4,11.336,13.133,9.55,14.422,15.467,13.367,65.646,83.833,48.15,1022.771,1015.812,,5.617,8.4,5109.375,4000.0,,0.0,0.433,1.15,,22.667,22.667,22.667,6.0,6.0,,26.0,26.0,6.0,,,6.0,1.0,,,758.087,1306.367,292.689,55.07,,6
2022-08-30,13,762.952,1435.595,248.519,18.496,23.183,13.933,12.024,13.75,10.65,14.862,17.15,12.4,67.3,84.983,49.367,1022.947,1015.998,,6.542,9.6,4559.375,3200.0,,0.0,0.983,1.833,,22.667,22.667,22.667,6.0,6.0,,26.0,26.0,6.0,,,6.0,1.0,,,762.952,1435.595,248.519,39.198,,6
2022-08-31,16,839.192,1655.708,303.693,18.411,23.15,14.217,10.973,12.8,8.667,14.346,16.383,12.517,63.559,81.467,41.283,1023.434,1016.476,,7.257,10.2,4983.951,3475.0,15.0,0.0,0.917,2.667,,22.667,22.667,22.667,6.0,6.0,,26.0,26.0,6.0,39.333,,6.0,34.333,,,839.192,1655.708,303.693,52.382,,6
2022-09-01,14,719.589,1554.436,252.889,18.972,23.05,15.767,12.949,15.35,9.717,15.554,16.85,13.8,69.539,87.15,44.45,1019.115,1012.207,,6.358,9.0,3719.167,560.0,,0.0,0.117,0.483,,22.667,22.667,22.667,6.0,6.0,,26.0,26.0,6.0,,,6.0,34.333,,,719.589,1554.436,252.889,67.664,,6
2022-09-02,5,585.462,1408.13,126.083,19.426,24.067,16.2,14.92,16.467,12.6,16.767,18.15,15.333,76.819,93.35,52.7,1012.456,1005.602,,3.867,6.0,2621.875,875.0,,0.0,0.033,0.167,,22.667,22.667,22.667,6.0,6.0,,26.0,26.0,6.0,,,6.0,34.333,,,585.462,1408.13,126.083,64.862,,6
2022-09-03,8,567.025,1206.672,113.375,18.968,23.483,15.167,14.517,16.85,12.883,16.342,18.833,14.267,76.468,93.9,58.383,1009.486,1002.646,,4.417,9.6,2435.353,397.5,,0.0,0.983,1.483,,22.667,22.667,22.667,6.0,6.0,,26.0,26.0,6.0,,,6.0,34.333,,,567.025,1206.672,113.375,180.216,,6
2022-09-04,9,670.986,1295.17,113.045,19.616,23.933,15.9,14.366,15.95,12.217,16.54,18.5,14.517,72.968,94.217,56.367,1014.434,1007.573,,5.808,9.0,3326.562,567.5,,0.0,0.483,0.667,,22.667,22.667,22.667,6.0,6.0,,26.0,26.0,6.0,,,6.0,34.333,,,670.986,1295.17,113.045,143.979,,6
2022-09-05,7,507.284,1032.859,76.958,19.395,22.567,15.467,15.524,16.95,12.467,17.078,18.55,14.883,79.234,96.033,61.417,1015.179,1008.315,,4.358,9.8,3747.083,450.0,,0.0,0.667,0.683,,22.667,22.667,22.667,6.0,6.0,,26.0,26.0,6.0,,,6.0,34.333,,,507.284,1032.859,76.958,147.96,,6
2022-09-06,2,308.856,915.111,54.258,17.735,21.617,14.683,15.262,17.367,13.0,16.271,18.217,13.933,86.198,97.1,64.267,1011.66,1004.783,,5.625,10.6,2474.747,262.5,19.0,0.0,0.483,0.917,,22.667,22.667,22.667,6.0,6.0,,26.0,26.0,6.0,106.0,,6.0,34.333,,,308.856,915.111,54.258,166.18,,6
2022-09-07,1,352.27,824.864,74.475,17.441,20.8,14.633,14.536,16.1,13.25,15.74,17.617,13.983,83.829,95.833,66.117,1008.44,1001.572,,5.9,10.2,2498.021,650.0,18.0,0.0,1.067,2.35,,22.667,22.667,22.667,6.0,6.0,,26.0,26.0,6.0,106.0,,6.0,34.333,,,352.27,824.864,74.475,166.705,,6
2022-09-08,1,168.134,490.552,53.774,15.758,19.183,13.65,14.276,15.917,12.95,14.91,17.133,13.3,91.185,96.783,76.9,1004.215,997.34,,5.042,9.4,2602.812,492.5,,0.0,0.3,0.733,,22.667,22.667,22.667,6.0,6.0,,26.0,26.0,6.0,,,6.0,1.0,,,168.134,490.552,53.774,167.381,,6
2022-09-09,0,258.993,812.49,61.193,16.365,20.183,14.267,14.124,15.117,12.95,15.075,16.517,13.717,87.295,96.45,65.617,1006.154,999.277,,5.942,11.0,2940.833,680.0,20.0,0.0,0.5,1.033,,22.667,22.667,22.667,6.0,6.0,,26.0,26.0,6.0,106.0,,6.0,51.0,,,258.993,812.49,61.193,277.326,,6
2022-09-10,3,337.184,908.014,44.078,16.304,20.95,12.733,13.46,14.817,12.133,14.663,16.833,12.4,84.296,97.2,63.35,1015.413,1008.472,,3.773,6.6,2876.657,575.0,,0.0,0.65,1.267,,22.667,22.667,22.667,6.0,6.0,,26.0,26.0,6.0,,,6.0,1.0,,,337.184,908.014,44.078,309.893,,6
2022-09-11,4,426.165,1167.209,23.546,17.359,22.983,12.733,13.962,16.083,12.033,15.369,18.083,12.517,82.067,98.583,57.6,1017.833,1010.906,,3.336,7.6,2798.248,12.5,,0.0,0.683,0.8,,22.667,22.667,22.667,6.0,6.0,,26.0,26.0,6.0,,,6.0,1.0,,,426.165,1167.209,23.546,158.808,,6
2022-09-12,1,708.542,1614.107,120.527,20.111,25.65,15.183,14.907,16.533,13.383,17.003,19.35,14.367,73.946,93.55,50.617,1011.884,1005.052,,3.683,7.8,3985.417,1325.0,,0.0,0.75,1.3,,22.667,22.667,22.667,6.0,6.0,,26.0,26.0,6.0,,,6.0,1.0,,,708.542,1614.107,120.527,183.921,,6
2022-09-13,1,326.216,571.999,106.751,17.351,19.25,15.467,14.553,16.1,11.883,15.734,17.183,13.783,83.983,94.083,73.067,1010.585,1003.7,,3.975,6.8,2981.562,582.5,,0.0,0.0,0.0,,22.667,22.667,22.667,6.0,6.0,,26.0,26.0,6.0,,,6.0,1.0,,,326.216,571.999,106.751,48.164,,6
2022-09-14,1,472.011,1176.596,88.41,16.942,21.1,13.95,12.763,14.517,10.55,14.609,16.317,12.317,77.978,94.85,52.983,1007.512,1000.65,,4.408,7.0,3514.167,1050.0,14.0,0.0,1.05,1.867,,22.667,22.667,22.667,6.0,6.0,,26.0,26.0,6.0,106.0,,6.0,1.0,,,472.011,1176.596,88.41,151.208,,6
2022-09-15,3,548.718,1058.216,171.136,15.143,18.733,12.25,9.445,11.55,6.817,12.197,13.55,10.467,70.212,88.833,51.017,1012.718,1005.756,,4.508,8.0,4522.917,2650.0,,0.0,0.3,0.667,,22.667,22.667,22.667,6.0,6.0,,26.0,26.0,6.0,,,6.0,1.0,,,548.718,1058.216,171.136,321.144,,6
2022-09-16,5,617.379,1124.039,193.797,12.91,16.8,8.933,5.091,8.467,1.483,9.312,11.167,6.133,60.883,85.083,39.45,1018.098,1011.049,,6.275,10.6,5726.771,3567.5,16.0,0.0,1.15,2.317,,22.667,22.667,22.667,6.0,6.0,,26.0,26.0,6.0,6.0,,6.0,1.0,,,617.379,1124.039,193.797,334.482,,6
2022-09-17,3,626.908,1222.603,161.931,11.499,17.25,5.583,3.314,5.017,2.05,7.816,10.783,4.433,59.479,83.167,37.883,1022.382,1015.269,,5.842,10.8,5828.125,3750.0,,0.0,1.85,4.8,,22.667,22.667,22.667,6.0,6.0,,26.0,26.0,6.0,,,6.0,1.0,,,626.908,1222.603,161.931,311.169,,6
2022-09-18,4,543.352,939.98,188.776,13.166,17.117,8.533,6.937,9.2,4.883,10.106,12.4,7.2,66.997,83.7,50.867,1021.446,1014.381,,6.292,11.0,5962.5,4475.0,20.0,0.0,0.967,2.083,,22.667,22.667,22.667,6.0,6.0,,26.0,26.0,6.0,56.0,,6.0,1.0,,,543.352,939.98,188.776,306.351,,6
2022-09-19,5,486.994,958.804,208.933,13.983,17.55,10.817,8.678,11.283,6.417,11.294,12.867,9.267,71.499,86.283,52.333,1024.548,1017.481,,2.925,5.4,5370.833,1875.0,,0.0,0.25,0.717,,22.667,22.667,22.667,6.0,6.0,,26.0,26.0,6.0,,,6.0,1.0,,,486.994,958.804,208.933,321.1,,6
2022-09-20,5,521.526,1095.259,77.758,14.281,18.633,8.633,8.869,11.133,6.6,11.5,13.233,8.1,72.206,94.25,48.633,1026.154,1019.086,,2.575,4.8,3952.5,777.5,,0.0,0.767,1.85,,22.667,22.667,22.667,6.0,6.0,,26.0,26.0,6.0,,,6.0,1.0,,,521.526,1095.259,77.758,325.756,,6
2022-09-21,4,624.282,1293.767,248.929,16.106,20.167,13.2,9.945,11.467,7.3,12.862,14.167,11.733,68.445,84.117,44.517,1025.657,1018.63,,2.408,5.0,4827.083,3400.0,,0.0,0.483,0.467,,22.667,22.667,22.667,6.0,6.0,,26.0,26.0,6.0,,,6.0,1.0,,,624.282,1293.767,248.929,162.785,,6
2022-09-22,6,468.749,984.92,63.788,15.197,19.633,9.767,10.737,12.733,8.767,12.781,14.983,9.283,76.092,95.383,56.9,1019.981,1012.988,,4.425,9.0,4068.333,1105.0,,0.0,1.117,1.417,,22.667,22.667,22.667,6.0,6.0,,26.0,26.0,6.0,,,6.0,1.0,,,468.749,984.92,63.788,186.948,,6
2022-09-23,3,350.73,750.816,57.259,15.628,18.283,13.383,12.269,14.433,9.867,13.794,14.783,11.567,81.222,96.6,64.333,1015.08,1008.126,,4.542,7.6,3055.833,277.5,,0.0,0.267,0.567,,22.667,22.667,22.667,6.0,6.0,,26.0,26.0,6.0,,,6.0,1.0,,,350.73,750.816,57.259,341.43,,6
2022-09-24,5,445.497,1033.282,72.534,13.528,18.0,9.45,8.69,10.15,6.95,11.07,12.8,8.9,74.198,94.4,50.05,1016.947,1009.927,,5.808,9.6,4560.417,1375.0,17.0,0.0,1.167,2.333,,22.667,22.667,22.667,6.0,6.0,,26.0,26.0,6.0,106.0,,6.0,1.0,,,445.497,1033.282,72.534,147.912,,6
2022-09-25,4,514.458,1014.607,113.922,12.506,16.05,8.483,6.172,8.85,3.233,9.519,10.783,7.7,67.526,90.3,43.417,1018.006,1010.945,,5.8,8.6,5072.917,2550.0,,0.0,1.083,2.567,,22.667,22.667,22.667,6.0,6.0,,26.0,26.0,6.0,,,6.0,1.0,,,514.458,1014.607,113.922,319.548,,6
2022-09-26,3,377.168,698.205,61.557,12.451,14.717,10.667,7.901,11.65,5.067,10.231,12.117,8.933,74.587,95.483,56.4,1003.184,996.23,,9.142,13.2,4370.417,440.0,22.0,0.0,0.617,1.017,,22.667,22.667,22.667,6.0,6.0,,26.0,26.0,6.0,6.0,,6.0,1.0,,,377.168,698.205,61.557,290.133,,6
2022-09-27,1,276.772,570.63,119.012,10.599,13.9,7.667,7.064,9.133,5.467,8.906,10.7,6.867,79.056,89.0,64.15,1001.571,994.584,,7.083,11.6,4465.104,837.5,18.0,0.0,0.3,0.4,,22.667,22.667,22.667,6.0,6.0,,26.0,26.0,6.0,6.0,,6.0,1.0,,,276.772,570.63,119.012,285.966,,6
2022-09-28,1,313.668,736.927,47.093,9.613,14.15,5.333,5.509,7.667,3.967,7.706,10.083,4.917,77.265,95.167,54.0,1000.326,993.327,,4.592,8.0,4771.875,2500.0,,0.0,0.967,1.717,,22.667,22.667,22.667,6.0,6.0,,26.0,26.0,6.0,,,6.0,1.0,,,313.668,736.927,47.093,292.929,,6
2022-09-29,5,353.892,891.905,62.34,10.24,15.867,4.783,5.862,8.317,3.267,8.155,11.567,4.183,76.127,93.617,49.65,1004.072,997.062,,2.667,5.6,4959.375,2575.0,,0.0,0.95,1.817,,22.667,22.667,22.667,6.0,6.0,,26.0,26.0,6.0,,,6.0,1.0,,,353.892,891.905,62.34,306.062,,6
2022-09-30,1,192.558,693.051,25.673,12.01,16.133,7.367,9.91,14.45,6.117,10.926,14.817,6.833,87.879,97.75,62.25,1005.565,998.593,,7.483,14.6,2295.104,37.5,22.0,0.0,0.05,0.433,,22.667,22.667,22.667,6.0,6.0,,26.0,26.0,6.0,56.0,,6.0,1.0,,,192.558,693.051,25.673,221.49,,6
2022-10-01,4,431.151,932.02,79.582,15.252,18.533,12.017,10.983,13.583,9.0,12.985,14.217,11.4,77.06,94.85,55.933,1007.498,1000.592,,8.933,13.6,2890.625,1225.0,18.0,0.0,1.033,2.433,,22.667,22.667,22.667,6.0,6.0,,26.0,26.0,6.0,56.0,,6.0,1.0,,,431.151,932.02,79.582,249.723,,6
2022-10-02,2,424.881,1081.208,98.413,14.072,17.95,8.883,9.502,12.383,6.15,11.755,13.333,7.85,76.117,93.15,47.467,1020.719,1013.684,,4.458,7.4,3273.958,1750.0,,0.0,0.767,1.9,,22.667,22.667,22.667,6.0,6.0,,26.0,26.0,6.0,,,6.0,1.0,,,424.881,1081.208,98.413,297.911,,6
2022-10-03,6,340.519,800.807,47.596,12.401,18.067,6.817,8.864,12.15,5.883,10.557,14.167,6.4,80.458,95.85,60.0,1025.447,1018.339,,3.467,7.4,3221.875,1525.0,,0.0,0.35,0.833,,22.667,22.667,22.667,6.0,6.0,,26.0,26.0,6.0,,,6.0,1.0,,,340.519,800.807,47.596,169.808,,6
2022-10-04,2,312.863,534.317,98.647,15.732,17.433,13.75,12.808,13.8,11.683,14.101,15.05,13.067,83.072,94.15,72.967,1017.014,1010.049,,7.525,11.0,4481.25,1425.0,,0.0,0.067,0.267,,22.667,22.667,22.667,6.0,6.0,,26.0,26.0,6.0,,,6.0,1.0,,,312.863,534.317,98.647,206.62,,6
2022-10-05,0,434.298,667.002,152.549,15.619,18.433,11.333,11.32,14.967,7.033,13.307,15.567,9.3,75.767,91.833,67.2,1012.818,1005.877,,11.958,17.8,4159.062,692.5,29.0,0.0,0.1,0.533,,22.667,22.667,22.667,6.0,6.0,,26.0,26.0,6.0,56.0,,6.0,1.0,,,434.298,667.002,152.549,226.829,,6
2022-10-06,8,408.92,928.491,105.159,12.951,18.033,7.717,8.557,10.983,6.05,10.701,13.483,6.983,75.87,91.267,55.133,1027.218,1020.118,,7.3,12.0,2900.0,1975.0,17.0,0.0,1.267,3.5,,22.667,22.667,22.667,6.0,6.0,,26.0,26.0,6.0,6.0,,6.0,1.0,,,408.92,928.491,105.159,225.749,,6
2022-10-07,6,323.425,883.314,70.388,14.264,18.25,11.117,11.073,12.533,9.567,12.549,14.217,10.633,82.278,94.9,57.733,1019.756,1012.741,,8.842,15.2,3237.292,895.0,18.0,0.0,0.733,1.567,,22.667,22.667,22.667,6.0,6.0,,26.0,26.0,6.0,6.0,,6.0,1.0,,,323.425,883.314,70.388,228.321,,6
2022-10-08,2,349.405,966.554,45.921,11.131,16.417,6.883,6.957,10.067,4.783,9.12,11.667,6.45,77.774,95.983,47.65,1023.154,1016.04,,4.483,7.2,3389.583,1925.0,,0.0,1.567,4.35,,22.667,22.667,22.667,6.0,6.0,,26.0,26.0,6.0,,,6.0,1.0,,,349.405,966.554,45.921,258.787,,6
2022-10-09,5,418.614,1048.201,53.315,11.339,17.8,5.583,6.519,9.95,3.867,8.978,12.717,5.167,74.583,94.8,47.083,1017.632,1010.57,,4.525,9.4,4414.583,2400.0,,0.0,1.433,3.65,,22.667,22.667,22.667,6.0,6.0,,26.0,26.0,6.0,,,6.0,1.0,,,418.614,1048.201,53.315,150.856,,6
2022-10-10,1,398.711,895.113,78.4,11.822,15.767,7.65,6.913,10.933,3.767,9.487,11.767,6.1,73.664,94.083,49.0,1018.283,1011.232,,4.983,10.4,3574.271,357.5,,0.0,1.217,3.233,,22.667,22.667,22.667,6.0,6.0,,26.0,26.0,6.0,,,6.0,1.0,,,398.711,895.113,78.4,332.949,,6
2022-10-11,5,344.048,980.773,42.374,9.166,15.967,4.15,4.766,7.483,3.033,7.12,10.983,3.783,76.414,95.4,45.8,1026.768,1019.579,,1.825,3.6,2759.375,1300.0,13.0,0.0,1.483,4.017,,22.667,22.667,22.667,6.0,6.0,,26.0,26.0,6.0,106.0,,6.0,1.0,,,344.048,980.773,42.374,210.317,,6
2022-10-12,3,307.835,713.768,53.551,11.767,16.717,5.183,8.433,12.183,3.917,10.053,13.45,4.683,81.016,95.167,62.55,1020.836,1013.761,,4.45,9.0,3321.875,1550.0,,0.0,0.317,0.817,,22.667,22.667,22.667,6.0,6.0,,26.0,26.0,6.0,,,6.0,1.0,,,307.835,713.768,53.551,195.469,,6
2022-10-13,2,199.505,711.48,29.152,13.515,17.35,10.433,11.497,12.85,9.2,12.432,13.983,9.983,88.364,98.033,63.667,1015.7,1008.696,,2.217,5.8,2120.938,350.0,13.0,0.0,0.417,1.167,,22.667,22.667,22.667,6.0,6.0,,26.0,26.0,6.0,106.0,,6.0,1.0,,,199.505,711.48,29.152,265.32,,6
2022-10-14,2,147.343,403.133,36.494,12.575,16.033,10.017,11.062,12.933,9.233,11.76,14.033,9.65,90.851,97.217,77.933,1010.059,1003.083,,4.067,7.8,2884.479,550.0,,0.0,0.0,0.117,,22.667,22.667,22.667,6.0,6.0,,26.0,26.0,6.0,,,6.0,1.0,,,147.343,403.133,36.494,223.39,,6
2022-10-15,5,278.812,739.448,21.163,12.385,16.567,8.35,9.36,12.283,7.133,10.83,13.667,8.15,82.912,98.267,59.433,1004.0,997.052,,7.467,14.2,2936.25,187.5,24.0,0.0,0.867,2.233,,22.667,22.667,22.667,6.0,6.0,,26.0,26.0,6.0,56.0,,6.0,1.0,,,278.812,739.448,21.163,209.127,,6
2022-10-16,2,342.551,736.047,83.444,13.799,16.7,10.25,10.074,15.05,7.4,11.878,15.383,8.933,78.917,95.283,60.333,1009.98,1003.022,,6.583,10.6,2788.542,800.0,,0.0,0.8,1.433,,22.667,22.667,22.667,6.0,6.0,,26.0,26.0,6.0,,,6.0,1.0,,,342.551,736.047,83.444,185.426,,6
2022-10-17,3,371.902,987.286,94.217,15.542,18.85,9.7,11.929,15.783,8.067,13.601,16.2,9.1,80.37,94.5,54.717,1017.332,1010.368,,6.342,11.0,2975.0,1375.0,,0.0,0.967,1.3,,22.667,22.667,22.667,6.0,6.0,,26.0,26.0,6.0,,,6.0,1.0,,,371.902,987.286,94.217,218.505,,6
2022-10-18,3,339.0,942.814,20.359,12.117,17.967,6.617,8.525,11.733,6.133,10.273,13.517,6.417,80.535,98.25,54.0,1027.383,1020.276,,3.575,7.0,2977.708,532.5,,0.0,1.383,3.133,,22.667,22.667,22.667,6.0,6.0,,26.0,26.0,6.0,,,6.0,1.0,,,339.0,942.814,20.359,82.941,,6
2022-10-19,1,296.119,568.593,141.498,14.233,16.8,12.0,11.234,12.617,10.0,12.617,13.85,11.017,82.379,90.317,70.2,1019.33,1012.324,,8.467,12.4,2236.458,1150.0,21.0,0.0,0.817,1.583,,22.667,22.667,22.667,6.0,6.0,,26.0,26.0,6.0,56.0,,6.0,1.0,,,296.119,568.593,141.498,92.072,,6
2022-10-20,1,139.869,357.072,38.65,14.447,16.633,10.35,13.101,15.167,9.767,13.694,15.55,10.05,91.79,97.35,80.583,1006.829,999.918,,3.65,7.2,2082.36,180.0,15.0,0.0,0.383,0.633,,22.667,22.667,22.667,6.0,6.0,,26.0,26.0,506.0,106.0,,6.0,1.0,,,139.869,357.072,38.65,125.365,,6
2022-10-21,1,215.046,592.254,24.102,14.841,18.067,10.317,12.873,15.1,9.733,13.731,15.85,10.033,88.524,98.367,71.033,1001.799,994.929,,7.275,13.6,1625.625,237.5,19.0,0.0,0.417,0.867,,22.667,22.667,22.667,6.0,6.0,,26.0,26.0,6.0,6.0,,6.0,1.0,,,215.046,592.254,24.102,158.285,,6
2022-10-22,3,245.931,625.08,86.744,14.848,18.267,12.167,12.5,13.733,10.95,13.553,15.2,11.567,86.291,94.667,70.3,1008.95,1002.024,,6.358,9.8,2557.292,1450.0,,0.0,0.55,1.317,,22.667,22.667,22.667,6.0,6.0,,26.0,26.0,6.0,,,6.0,1.0,,,245.931,625.08,86.744,191.524,,6
2022-10-23,0,172.723,509.128,54.033,15.082,18.8,12.65,13.505,15.65,11.133,14.187,16.583,11.883,90.56,96.75,76.2,1001.003,994.146,,5.133,8.8,2905.938,217.5,,0.0,0.433,0.45,,22.667,22.667,22.667,6.0,6.0,,26.0,26.0,6.0,,,6.0,1.0,,,172.723,509.128,54.033,128.429,,6
2022-10-24,8,280.776,761.045,91.783,14.172,17.6,11.867,11.354,12.85,9.967,12.657,14.017,11.033,83.833,94.117,61.967,1002.816,995.911,,9.158,14.4,3521.042,817.5,18.0,0.0,0.983,1.983,,22.667,22.667,22.667,6.0,6.0,,26.0,26.0,6.0,6.0,,6.0,1.0,,,280.776,761.045,91.783,225.367,,6
2022-10-25,2,231.021,554.315,62.905,13.949,17.183,11.067,11.697,13.167,10.183,12.713,14.483,10.633,86.683,95.6,71.517,1010.994,1004.029,,5.633,8.4,3176.875,1395.0,,0.0,0.7,1.267,,22.667,22.667,22.667,6.0,6.0,,26.0,26.0,6.0,,,6.0,1.0,,,231.021,554.315,62.905,179.927,,6
2022-10-26,1,372.339,842.98,84.138,16.13,18.833,13.05,12.672,14.35,10.633,14.21,15.717,12.5,80.709,94.483,60.9,1011.145,1004.234,,8.417,16.8,2559.271,772.5,23.5,0.0,0.783,1.5,,22.667,22.667,22.667,6.0,6.0,,26.0,26.0,6.0,56.0,,6.0,1.0,,6.0,372.339,842.98,84.138,189.369,0.0,6
2022-10-27,0,272.626,657.477,38.29,16.446,20.283,12.883,14.154,15.3,12.183,15.105,17.267,12.533,86.841,97.683,72.583,1014.132,1007.217,,5.758,10.2,2992.188,962.5,15.0,0.0,0.3,1.0,,22.667,22.667,22.667,6.0,6.0,,26.0,26.0,6.0,6.0,,6.0,1.0,,6.0,272.626,657.477,38.29,153.411,1.0,6
2022-10-28,4,332.378,846.21,58.121,15.474,18.467,11.767,12.301,15.15,8.783,13.742,15.933,10.917,82.353,96.617,58.767,1015.24,1008.292,,6.008,12.6,3021.875,800.0,20.0,0.0,0.717,1.317,,22.667,22.667,22.667,6.0,6.0,,26.0,26.0,6.0,56.0,,6.0,1.0,,,332.378,846.21,58.121,187.06,,6
2022-10-29,1,312.112,827.684,67.064,16.362,21.567,11.617,13.768,15.85,10.467,14.847,17.983,11.0,85.34,95.683,67.883,1013.878,1006.955,,5.192,8.6,2254.896,992.5,,0.0,0.7,1.2,,22.667,22.667,22.667,6.0,6.0,,26.0,26.0,6.0,,,6.0,1.0,,,312.112,827.684,67.064,145.676,,6
2022-10-30,1,202.977,458.658,80.191,14.312,16.4,12.067,12.321,13.717,10.8,13.228,14.417,11.4,88.001,94.933,75.4,1014.81,1007.835,,6.067,11.2,2550.0,1300.0,18.0,0.0,0.1,0.3,,22.667,22.667,22.667,6.0,6.0,,26.0,26.0,6.0,6.0,,6.0,1.0,,,202.977,458.658,80.191,176.624,,6
2022-10-31,3,206.134,560.285,42.005,13.987,16.933,11.033,11.957,14.167,10.1,12.873,14.75,10.7,88.228,97.167,70.833,1010.773,1003.822,,5.95,10.8,2396.458,665.0,19.0,0.0,0.617,1.25,,22.667,22.667,22.667,6.0,6.0,,26.0,26.0,6.0,6.0,,6.0,1.0,,,206.134,560.285,42.005,138.56,,6
2022-11-01,1,269.779,471.785,140.812,12.46,15.35,9.483,9.381,12.033,6.9,10.897,13.083,8.333,81.69,90.55,71.55,1005.977,999.002,,12.725,21.4,2420.208,305.0,35.0,0.0,0.483,1.183,,22.667,22.667,22.667,6.0,6.0,,26.0,26.0,6.0,56.0,,6.0,1.0,,6.0,269.779,471.785,140.812,215.998,1.0,6
2022-11-02,3,310.724,543.182,103.763,12.008,14.95,8.283,8.363,11.867,5.683,10.193,12.733,7.133,78.79,92.75,66.967,1012.833,1005.805,,10.675,16.4,2776.354,650.0,25.5,0.0,0.55,1.333,,22.667,22.667,22.667,6.0,6.0,,26.0,26.0,6.0,56.0,,6.0,1.0,,6.0,310.724,543.182,103.763,211.392,1.0,6
2022-11-03,0,99.986,240.542,39.966,10.408,12.633,7.3,9.22,11.617,6.267,9.825,12.017,6.833,92.265,96.767,82.533,1001.001,994.02,,4.65,9.0,2922.188,242.5,,0.0,0.267,0.55,,22.667,22.667,22.667,6.0,6.0,,26.0,26.0,6.0,,,6.0,1.0,,6.0,99.986,240.542,39.966,209.011,1.0,6
2022-11-04,4,204.856,548.19,47.137,8.819,12.25,5.717,6.036,7.8,4.05,7.529,9.167,5.133,83.595,95.817,61.533,1010.367,1003.275,,5.625,10.0,2855.417,680.0,,0.0,1.183,2.617,,22.667,22.667,22.667,6.0,6.0,,26.0,26.0,6.0,,,6.0,1.0,,6.0,204.856,548.19,47.137,317.605,1.0,6
2022-11-05,3,94.7,165.08,44.318,10.142,13.633,5.5,8.938,12.983,4.2,9.543,13.267,4.95,92.399,96.717,86.883,1013.569,1006.498,,6.117,11.2,2019.375,365.0,15.0,0.0,0.0,0.017,,22.667,22.667,22.667,6.0,6.0,,26.0,26.0,6.0,6.0,,6.0,1.0,,6.0,94.7,165.08,44.318,199.952,1.0,6
2022-11-06,2,105.403,201.506,31.37,12.373,13.933,10.25,11.194,13.25,8.2,11.776,13.5,9.333,92.499,97.917,84.75,1003.356,996.411,,7.517,12.8,2072.188,197.5,17.0,0.0,0.167,0.4,,22.667,22.667,22.667,6.0,6.0,,26.0,26.0,6.0,6.0,,6.0,1.0,,6.0,105.403,201.506,31.37,206.48,2.0,6
2022-11-07,1,203.779,490.401,99.358,13.194,14.917,10.133,11.029,13.067,8.517,12.047,13.683,9.367,86.965,93.583,71.05,1003.489,996.555,,8.742,13.8,1718.854,615.0,20.0,0.0,0.0,0.033,,22.667,22.667,22.667,6.0,6.0,,26.0,26.0,6.0,6.0,,6.0,1.0,,6.0,203.779,490.401,99.358,200.714,1.0,6
2022-11-08,3,287.581,522.133,116.362,12.988,14.967,11.433,9.817,11.0,8.717,11.347,12.567,10.283,81.278,91.7,68.733,997.806,990.911,,10.691,15.4,2464.167,715.0,23.5,0.0,0.283,0.75,,22.667,22.667,22.667,6.0,6.0,,26.0,26.0,6.0,56.0,,6.0,1.0,,6.0,287.581,522.133,116.362,201.453,1.0,6
2022-11-09,1,239.436,522.373,88.418,11.441,13.867,9.783,8.58,9.6,7.517,10.016,11.233,8.867,83.025,93.067,67.117,1005.71,998.722,,8.167,13.4,3615.521,932.5,17.0,0.0,0.983,2.5,,22.667,22.667,22.667,6.0,6.0,,26.0,26.0,6.0,6.0,,6.0,1.0,,6.0,239.436,522.373,88.418,224.463,1.0,6
2022-11-10,1,304.488,463.67,126.301,13.134,14.85,10.133,9.858,10.917,8.017,11.425,12.683,9.133,80.944,91.25,72.3,1020.669,1013.609,,9.025,13.2,3282.15,1762.5,19.0,0.0,0.017,0.2,,22.667,22.667,22.667,6.0,6.0,,26.0,26.0,6.0,6.0,,6.0,1.0,,6.0,304.488,463.67,126.301,215.428,1.0,6
2022-11-11,3,328.629,443.46,134.372,14.235,15.8,10.633,10.854,11.817,8.65,12.435,13.517,9.717,80.269,89.983,74.767,1025.84,1018.774,,7.758,10.8,4325.0,2325.0,17.0,0.0,0.15,0.3,,22.667,22.667,22.667,6.0,6.0,,26.0,26.0,6.0,6.0,,6.0,1.0,,6.0,328.629,443.46,134.372,196.359,1.0,6
2022-11-12,4,154.285,455.817,35.225,12.418,16.517,9.917,10.797,12.767,8.867,11.542,14.267,9.45,90.272,97.267,76.033,1026.607,1019.508,,4.292,7.0,1642.917,322.5,,0.0,0.683,1.783,,22.667,22.667,22.667,6.0,6.0,,26.0,26.0,6.0,,,6.0,1.0,,6.0,154.285,455.817,35.225,123.363,0.0,6
2022-11-13,2,82.32,301.567,26.853,11.741,14.25,8.717,10.835,11.983,8.2,11.258,12.65,8.5,94.368,97.95,81.583,1019.471,1012.407,,3.625,6.0,883.75,90.0,,0.0,0.417,1.017,,22.667,22.667,22.667,6.0,6.0,,26.0,26.0,6.0,,,6.0,1.0,,6.0,82.32,301.567,26.853,107.304,0.0,6
2022-11-14,1,54.737,188.491,10.143,11.01,13.583,8.033,10.391,12.717,7.317,10.687,13.05,7.85,96.053,99.2,85.95,1008.526,1001.524,,3.267,8.0,871.354,7.5,,0.0,0.117,0.467,,22.667,22.667,22.667,6.0,6.0,,26.0,26.0,6.0,,,6.0,1.0,,6.0,54.737,188.491,10.143,140.544,1.0,6
2022-11-15,1,159.147,320.114,61.238,10.965,14.033,8.033,9.04,11.783,6.333,10.0,12.483,7.25,88.078,95.567,79.25,996.164,989.232,,7.683,12.0,3003.333,335.0,19.0,0.0,0.233,0.517,,22.667,22.667,22.667,6.0,6.0,,26.0,26.0,6.0,6.0,,6.0,1.0,,6.0,159.147,320.114,61.238,167.475,1.0,6
2022-11-16,0,131.111,363.698,44.447,9.763,12.383,7.967,8.064,9.883,6.617,8.925,10.317,7.417,89.644,96.417,74.75,988.555,981.649,,6.308,11.0,3399.792,275.0,23.0,0.0,0.567,0.9,,22.667,22.667,22.667,6.0,6.0,,26.0,26.0,6.0,6.0,,6.0,1.0,,6.0,131.111,363.698,44.447,144.523,1.0,6
2022-11-17,1,193.869,439.92,32.119,9.799,11.75,8.5,7.189,10.533,5.3,8.565,10.75,7.1,84.413,97.533,67.95,983.628,976.752,,11.65,16.0,3990.417,297.5,23.0,0.0,0.233,0.6,,22.667,22.667,22.667,6.0,6.0,,26.0,26.0,6.0,6.0,,6.0,1.0,,6.0,193.869,439.92,32.119,259.778,1.0,6
2022-11-18,0,289.828,443.821,148.853,9.546,11.933,7.5,5.523,6.483,4.5,7.705,9.283,6.483,76.222,85.733,68.0,1000.945,993.94,,8.367,11.6,5350.0,3025.0,17.0,0.0,0.833,1.533,,22.667,22.667,22.667,6.0,6.0,,26.0,26.0,6.0,6.0,,6.0,1.0,,6.0,289.828,443.821,148.853,266.027,1.0,6
2022-11-19,1,218.098,351.841,61.443,8.178,10.283,4.583,5.013,5.95,3.483,6.751,8.167,4.117,80.743,93.033,72.017,1012.294,1005.17,,4.833,7.6,3681.25,1200.0,,0.0,0.167,0.4,,22.667,22.667,22.667,6.0,6.0,,26.0,26.0,6.0,,,6.0,1.0,,6.0,218.098,351.841,61.443,287.008,1.0,6
2022-11-20,1,155.706,409.397,24.42,7.687,10.967,5.017,5.431,7.717,3.333,6.674,8.85,4.5,86.219,97.7,68.767,1008.45,1001.35,,5.883,12.0,2777.812,220.0,,0.0,0.75,2.067,,22.667,22.667,22.667,6.0,6.0,,26.0,26.0,6.0,,,6.0,1.0,,6.0,155.706,409.397,24.42,238.399,1.0,6
2022-11-21,1,115.836,229.791,35.793,6.612,9.117,3.817,4.779,7.967,2.35,5.814,8.517,3.367,88.291,96.233,77.217,994.073,987.054,,8.15,18.2,2570.729,450.0,28.0,0.0,0.0,0.2,,22.667,22.667,22.667,6.0,6.0,,26.0,26.0,6.0,6.0,,6.0,1.0,,6.0,115.836,229.791,35.793,161.029,1.0,6
2022-11-22,1,162.921,353.018,45.88,6.571,10.167,4.05,4.042,5.95,2.3,5.474,8.133,3.467,84.235,94.733,70.883,988.922,981.929,,6.542,10.4,4956.25,1525.0,,0.0,0.833,1.983,,22.667,22.667,22.667,6.0,6.0,,26.0,26.0,6.0,,,6.0,1.0,,6.0,162.921,353.018,45.88,243.349,1.0,6
2022-11-23,1,216.518,524.979,23.874,8.537,12.133,3.617,5.59,9.483,3.05,7.178,9.933,3.4,82.797,97.433,62.75,992.186,985.228,,8.275,15.0,2476.979,305.0,22.0,0.0,0.717,1.717,,22.667,22.667,22.667,6.0,6.0,,26.0,26.0,6.0,6.0,,6.0,1.0,,6.0,216.518,524.979,23.874,198.736,1.0,6
2022-11-24,1,205.58,360.49,110.87,9.303,12.85,6.033,6.556,9.567,3.7,8.011,10.917,5.067,83.109,89.967,75.067,1002.684,995.665,,7.8,14.2,2476.042,850.0,28.0,0.0,0.083,0.55,,22.667,22.667,22.667,6.0,6.0,,26.0,26.0,6.0,6.0,,6.0,1.0,,,205.58,360.49,110.87,194.64,,6
2022-11-25,0,234.478,494.548,80.641,9.056,12.2,6.9,5.826,6.717,4.983,7.565,9.333,6.15,80.705,92.35,65.25,1015.154,1008.043,,6.408,9.8,2278.125,1275.0,,0.0,1.067,2.967,,22.667,22.667,22.667,6.0,6.0,,26.0,26.0,6.0,,,6.0,1.0,,6.0,234.478,494.548,80.641,227.445,0.0,6
2022-11-26,1,173.043,321.707,48.537,10.115,12.167,6.783,8.011,9.467,5.85,9.079,10.633,6.383,87.044,95.5,77.417,1022.682,1015.543,,7.042,12.8,2180.0,920.0,17.0,0.0,0.167,0.3,,22.667,22.667,22.667,6.0,6.0,,26.0,26.0,6.0,6.0,,6.0,1.0,,6.0,173.043,321.707,48.537,181.519,1.0,6
2022-11-27,1,73.997,145.986,36.944,11.438,13.033,9.767,10.581,12.2,9.0,10.982,12.567,9.417,94.581,97.4,89.5,1012.329,1005.304,,5.625,11.8,1722.482,405.0,,0.0,0.0,0.0,,22.667,22.667,22.667,6.0,6.0,,26.0,26.0,6.0,,,,1.0,,6.0,73.997,145.986,36.944,189.573,2.0,6
2022-11-28,1,79.793,257.852,16.58,7.609,11.133,4.8,6.537,9.283,4.233,7.113,9.833,4.583,93.124,98.45,80.65,1009.529,1002.424,,2.642,5.6,1936.83,255.0,,0.0,0.433,1.133,,22.667,22.667,22.667,6.0,6.0,,26.0,26.0,6.0,,,6.0,1.0,,6.0,79.793,257.852,16.58,192.637,1.0,6
2022-11-29,0,55.007,82.658,19.928,6.522,7.217,5.767,5.679,6.833,4.95,6.153,7.017,5.5,94.443,98.033,91.667,1020.01,1012.799,,2.925,5.0,557.197,142.5,,0.0,0.0,0.017,,22.667,22.667,22.667,6.0,6.0,,26.0,26.0,6.0,,,6.0,1.0,,6.0,55.007,82.658,19.928,16.486,1.0,6
2022-11-30,2,89.608,230.132,36.19,6.906,9.083,4.45,5.598,6.683,3.633,6.317,7.733,4.133,91.633,96.217,80.6,1025.49,1018.243,,2.2,4.0,622.292,275.0,,0.0,0.383,0.8,,22.667,22.667,22.667,6.0,6.0,,26.0,26.0,6.0,,,6.0,1.0,,6.0,89.608,230.132,36.19,82.316,1.0,6
2022-12-01,2,68.865,178.212,23.22,5.853,8.083,4.1,4.791,6.25,3.367,5.389,7.1,3.817,93.22,97.517,84.15,1028.998,1021.704,,2.833,5.2,471.567,112.5,,0.0,0.317,1.183,,22.667,22.667,22.667,6.0,6.0,,26.0,26.0,6.0,,,6.0,1.0,,,68.865,178.212,23.22,197.639,,6
2022-12-02,0,96.53,178.134,20.348,5.602,7.167,4.2,4.035,4.717,3.217,4.931,6.017,4.0,89.892,97.6,82.233,1025.665,1018.398,,5.458,9.0,1220.797,125.0,15.0,0.0,0.283,0.583,,22.667,22.667,22.667,6.0,6.0,,26.0,26.0,6.0,6.0,,6.0,1.0,,,96.53,178.134,20.348,18.496,,6
2022-12-03,2,215.836,298.56,151.238,6.069,7.467,5.15,2.372,4.05,1.067,4.553,5.85,3.667,77.324,83.75,70.65,1020.461,1013.228,,7.675,10.0,2222.917,1475.0,18.0,0.0,0.0,0.083,,22.667,22.667,22.667,6.0,6.0,,26.0,26.0,6.0,6.0,,6.0,1.0,,6.0,215.836,298.56,151.238,44.872,1.0,6
2022-12-04,2,167.792,249.564,80.266,4.855,5.667,3.917,1.817,2.95,0.517,3.647,4.25,3.183,80.903,90.367,72.217,1016.98,1009.747,,6.217,9.6,1369.375,457.5,,0.0,0.0,0.0,,22.667,22.667,22.667,6.0,6.0,,26.0,26.0,6.0,,,6.0,1.0,,6.0,167.792,249.564,80.266,48.688,1.0,6
2022-12-05,2,143.009,216.279,63.929,6.176,8.033,3.867,3.883,5.05,2.617,5.193,6.65,3.367,85.458,92.35,80.0,1021.944,1014.704,,5.558,7.2,2315.625,490.0,,0.0,0.017,0.183,,22.667,22.667,22.667,6.0,6.0,,26.0,26.0,6.0,,,6.0,1.0,,6.0,143.009,216.279,63.929,25.249,1.0,6
2022-12-06,0,145.643,321.952,54.376,4.853,7.067,2.967,2.294,3.133,1.167,3.813,4.85,2.483,83.942,93.417,67.983,1023.838,1016.549,,4.65,6.6,3801.042,1575.0,,0.0,0.717,2.183,,22.667,22.667,22.667,6.0,6.0,,26.0,26.0,6.0,,,6.0,1.0,,6.0,145.643,321.952,54.376,218.976,1.0,6
2022-12-07,4,101.978,232.699,43.242,2.621,5.333,-0.683,0.616,2.267,-1.883,1.849,3.75,-1.133,86.852,93.6,74.133,1021.075,1013.754,,4.342,6.8,2023.958,1025.0,,0.0,0.8,1.6,,22.667,22.667,22.667,6.0,6.0,,26.0,26.0,6.0,,,6.0,1.0,,6.0,101.978,232.699,43.242,317.96,1.0,6
2022-12-08,1,92.259,256.674,26.997,-0.633,3.8,-3.3,-2.713,-0.55,-4.433,-1.376,1.967,-3.633,86.082,94.9,67.983,1011.871,1004.518,,3.075,5.2,1715.521,595.0,,0.0,1.033,3.35,,22.667,22.667,22.667,6.0,6.0,,26.0,26.0,6.0,,,6.0,1.0,,6.0,92.259,256.674,26.997,296.446,4.0,6
2022-12-09,2,66.888,161.17,28.159,-0.254,3.083,-3.45,-1.751,0.55,-4.733,-0.8,2.0,-3.833,89.594,95.2,78.517,1008.825,1001.51,,3.175,5.0,1025.312,405.0,,0.0,0.267,0.633,,22.667,22.667,22.667,6.0,6.0,,26.0,26.0,6.0,,,6.0,1.0,,,66.888,161.17,28.159,294.336,,6
2022-12-10,1,68.127,204.693,21.064,-0.844,4.35,-3.717,-2.331,0.783,-4.583,-1.39,2.9,-3.983,89.44,96.0,75.25,1010.077,1002.765,,2.467,4.6,1738.438,497.5,,0.0,0.983,2.95,,22.667,22.667,22.667,6.0,6.0,,26.0,26.0,6.0,,,6.0,1.0,,,68.127,204.693,21.064,227.525,,6
2022-12-11,4,22.524,43.232,9.893,-1.63,0.5,-4.15,-2.182,-0.067,-4.783,-1.842,0.25,-4.35,95.84,98.283,91.933,1007.906,1000.571,,2.525,6.0,362.083,15.0,,0.0,0.0,0.117,,22.667,22.667,22.667,6.0,6.0,,26.0,26.0,6.0,,,6.0,1.0,,,22.524,43.232,9.893,102.788,,6
2022-12-12,0,38.965,66.659,22.442,0.027,1.133,-1.017,-0.856,0.317,-2.217,-0.314,0.833,-1.467,93.738,96.317,89.45,1008.808,1001.509,,3.217,5.8,720.312,185.0,,0.0,0.0,0.033,1.0,22.667,22.667,22.667,6.0,6.0,,26.0,26.0,6.0,,,6.0,1.0,10006.0,6.0,38.965,66.659,22.442,105.643,12.0,6
2022-12-13,1,106.444,223.314,41.19,-0.267,1.55,-2.05,-2.808,-1.85,-4.233,-1.201,-0.017,-2.55,83.089,92.533,67.25,1007.363,1000.065,,3.683,6.0,1742.708,725.0,,0.0,0.0,0.117,0.0,22.667,22.667,22.667,6.0,6.0,,26.0,26.0,6.0,,,6.0,1.0,2006.0,6.0,106.444,223.314,41.19,76.741,11.0,6
2022-12-14,1,93.97,167.423,40.297,-0.619,0.95,-2.283,-2.927,-0.733,-4.667,-1.467,0.267,-3.0,84.276,93.383,73.133,1006.059,998.756,,4.917,7.6,1480.104,480.0,14.0,0.0,0.367,1.35,,22.667,22.667,22.667,6.0,6.0,,26.0,26.0,6.0,6.0,,6.0,1.0,,6.0,93.97,167.423,40.297,12.366,11.0,6
2022-12-15,0,104.49,271.903,37.91,-2.256,1.65,-5.733,-4.966,-2.25,-7.217,-3.19,-0.383,-6.167,81.84,92.067,61.05,1011.535,1004.132,,3.117,5.4,2144.23,1052.5,,0.0,1.033,2.883,,22.667,22.667,22.667,6.0,6.0,,26.0,26.0,6.0,,,6.0,1.0,,6.0,104.49,271.903,37.91,317.316,2.0,6
2022-12-16,0,64.318,184.187,21.917,-1.713,2.667,-4.733,-3.254,-0.883,-5.683,-2.281,1.3,-5.017,89.141,95.567,75.183,1018.44,1011.008,,2.067,5.0,829.896,240.0,,0.0,0.983,3.183,,22.667,22.667,22.667,6.0,6.0,,26.0,26.0,6.0,,,6.0,51.0,,6.0,64.318,184.187,21.917,268.949,11.0,6
2022-12-17,0,94.372,210.657,26.697,-0.377,4.833,-4.217,-2.433,1.35,-5.483,-1.131,3.4,-4.6,85.908,94.967,74.617,1022.397,1015.026,,3.075,6.2,2199.008,327.5,,0.0,0.217,1.333,,22.667,22.667,22.667,6.0,6.0,,26.0,26.0,6.0,,,6.0,1.0,,6.0,94.372,210.657,26.697,137.817,4.0,6
2022-12-18,1,46.627,94.62,24.925,2.521,9.4,-2.533,1.552,8.7,-3.517,2.119,9.05,-2.867,93.51,97.083,87.0,1016.256,1008.974,,6.558,10.2,772.708,305.0,,0.0,0.0,0.0,,22.667,22.667,22.667,6.0,6.0,,26.0,26.0,6.0,,,6.0,1.0,,6.0,46.627,94.62,24.925,127.586,2.0,6
2022-12-19,0,100.913,147.184,51.393,11.786,12.433,9.95,10.662,11.267,9.433,11.192,11.783,9.75,92.942,95.833,90.067,1006.733,999.755,,12.592,15.2,1316.25,317.5,,0.0,0.0,0.017,,22.667,22.667,22.667,6.0,6.0,,26.0,26.0,6.0,,,6.0,1.0,,,100.913,147.184,51.393,201.108,,6
2022-12-20,0,164.048,373.625,69.144,9.74,12.98,5.32,7.544,11.64,3.92,8.708,12.22,4.74,86.505,93.98,70.56,1007.224,1000.184,,8.458,15.25,2363.021,352.5,,0.0,1.02,1.76,,26.0,26.0,26.0,6.0,6.0,,31.0,31.0,6.0,,,6.0,1.0,,6.0,164.048,373.625,69.144,215.332,2.0,5
2022-12-21,1,108.761,241.444,47.503,8.245,10.88,5.44,6.703,8.38,4.16,7.501,9.6,4.92,90.479,95.36,81.32,1006.338,999.264,,5.51,9.0,2218.958,830.0,,0.0,0.22,0.32,,26.0,26.0,26.0,6.0,6.0,,31.0,31.0,6.0,,,6.0,1.0,,6.0,108.761,241.444,47.503,205.294,1.0,5
2022-12-22,1,76.599,155.367,16.956,9.012,11.4,5.8,8.012,10.18,5.36,8.504,10.7,5.6,93.791,98.34,87.96,1003.367,996.333,,6.271,10.25,1623.958,90.0,,0.0,0.0,0.08,,26.0,26.0,26.0,6.0,6.0,,31.0,31.0,6.0,,,6.0,1.0,,6.0,76.599,155.367,16.956,228.326,1.0,5
2022-12-23,0,132.788,282.63,29.19,9.75,13.06,8.1,8.057,11.0,6.78,8.928,11.7,7.68,89.473,97.5,79.68,1002.672,995.664,,7.656,15.25,2626.25,197.5,,0.0,0.16,0.38,,26.0,26.0,26.0,6.0,6.0,,31.0,31.0,6.0,,,6.0,1.0,,6.0,132.788,282.63,29.19,218.909,1.0,5
2022-12-24,1,109.149,161.21,54.665,8.979,10.62,6.24,7.485,8.9,5.22,8.251,9.76,5.8,90.721,94.72,86.98,1009.669,1002.598,,6.5,11.25,1617.083,485.0,,0.0,0.0,0.12,,26.0,26.0,26.0,6.0,6.0,,31.0,31.0,6.0,,,6.0,1.0,,6.0,109.149,161.21,54.665,201.822,1.0,5
2022-12-25,0,139.38,267.026,69.159,10.181,11.28,9.02,8.429,9.24,7.68,9.33,10.14,8.56,88.993,94.06,79.92,1007.894,1000.857,,6.906,10.5,3695.833,1400.0,,0.0,0.08,0.14,,26.0,26.0,26.0,6.0,6.0,,31.0,31.0,6.0,,,6.0,1.0,,,139.38,267.026,69.159,189.849,,5
2022-12-26,4,206.366,393.355,111.324,6.722,10.28,4.06,3.317,8.04,0.82,5.306,9.06,3.0,79.172,90.44,62.5,1015.601,1008.426,,9.427,14.5,4895.521,1742.5,,0.0,1.2,2.02,,26.0,26.0,26.0,6.0,6.0,,31.0,31.0,6.0,,,6.0,1.0,,6.0,206.366,393.355,111.324,246.854,1.0,5
2022-12-27,2,132.43,301.971,47.222,6.736,10.34,2.18,4.75,8.3,0.92,5.855,8.76,1.76,87.418,94.88,76.0,1019.446,1012.248,,9.208,15.75,3056.146,360.0,,0.0,0.1,0.6,,26.0,26.0,26.0,6.0,6.0,,31.0,31.0,6.0,,,6.0,1.0,,,132.43,301.971,47.222,212.347,,5
2022-12-28,1,115.027,248.593,44.207,10.48,11.56,9.66,9.058,10.34,6.82,9.776,10.82,8.4,91.071,96.64,80.78,1002.115,995.123,,13.323,18.5,1875.208,147.5,,0.0,0.0,0.08,,26.0,26.0,26.0,6.0,6.0,,31.0,31.0,6.0,,,6.0,1.0,,6.0,115.027,248.593,44.207,215.383,2.0,5
2022-12-29,1,267.294,403.682,132.795,8.339,10.0,5.62,4.314,6.7,2.3,6.577,8.32,4.64,76.097,85.72,64.74,1001.012,993.978,,12.906,17.75,3475.0,1525.0,,0.0,0.32,1.0,,26.0,26.0,26.0,6.0,6.0,,31.0,31.0,6.0,,,6.0,1.0,,6.0,267.294,403.682,132.795,231.066,1.0,5
2022-12-30,0,171.486,304.496,71.732,9.894,13.12,5.3,7.674,11.22,3.48,8.809,11.98,4.56,86.383,94.44,79.52,997.286,990.323,,11.406,17.5,3047.509,725.0,,0.0,0.0,0.14,,26.0,26.0,26.0,6.0,6.0,,31.0,31.0,6.0,,,6.0,1.0,,6.0,171.486,304.496,71.732,195.42,1.0,5
2022-12-31,0,185.293,331.374,78.619,12.431,13.9,10.44,10.363,11.98,8.54,11.353,12.48,9.64,87.44,94.74,78.04,999.644,992.714,,13.656,19.25,2065.729,285.0,,0.0,0.0,0.0,,26.0,26.0,26.0,6.0,6.0,,31.0,31.0,6.0,,,6.0,1.0,,,185.293,331.374,78.619,215.649,,5
