ob_time,id,id_type,src_id,air_temperature,dewpoint,wetb_temp,rltv_hum,msl_pressure,stn_pres,alt_pres,wind_direction,wind_speed,visibility,q10mnt_mxgst_spd,cs_hr_sun_dur,wmo_hr_sun_dur,drv_hr_sun_dur,snow_depth,ground_state_id,air_temperature_q,dewpoint_q,wetb_temp_q,msl_pressure_q,stn_pres_q,alt_pres_q,wind_direction_q,wind_speed_q,visibility_q,q10mnt_mxgst_spd_q,cs_hr_sun_dur_q,wmo_hr_sun_dur_q,drv_hr_sun_dur_q,snow_depth_q,ground_state_id_q,air_temperature_j,dewpoint_j,wetb_temp_j,rltv_hum_j,msl_pressure_j,stn_pres_j,alt_pres_j,wind_direction_j,wind_speed_j,visibility_j,q10mnt_mxgst_spd_j,meto_stmp_time,midas_stmp_etime
2014-01-01 09:00:00,5129,DCNN,710,8.5,5.4,7.1,80.8,,,,180.0,18.0,400.0,,,,,,02,6,6,6,,,,6,6,6,,,,,,6,,,K,A,,,,,,,,2014-02-13 15:31:22,0.0
2014-01-02 09:00:00,5129,DCNN,710,5.4,4.2,4.9,92.1,,,,230.0,7.0,2000.0,,,,,,02,6,6,6,,,,6,6,6,,,,,,6,,,K,A,,,,,,,,2014-02-13 15:31:22,0.0
2014-01-03 09:00:00,5129,DCNN,710,7.5,,,,,,,230.0,,1000.0,,,,,,02,6,,,,,,6,,6,,,,,,6,,,,A,,,,,,,,2014-02-13 15:31:22,0.0
2014-01-04 09:00:00,5129,DCNN,710,8.5,7.0,7.8,90.4,,,,210.0,18.0,400.0,,,,,,02,6,6,6,,,,6,6,6,,,,,,6,,,K,A,,,,,,,,2014-02-13 15:31:22,0.0
2014-01-05 09:00:00,5129,DCNN,710,2.5,1.2,2.0,91.1,,,,210.0,7.0,1000.0,,,,,,04,6,6,6,,,,6,6,6,,,,,,6,,,K,A,,,,,,,,2014-02-13 15:31:22,0.0
2014-01-06 09:00:00,5129,DCNN,710,9.0,6.7,7.9,85.2,,,,230.0,16.0,1000.0,,,,,,01,6,6,6,,,,6,6,6,,,,,,6,,,K,A,,,,,,,,2014-02-13 15:31:22,0.0
2014-01-07 09:00:00,5129,DCNN,710,10.5,6.2,8.5,74.8,,,,230.0,18.0,400.0,,,,,,02,6,6,6,,,,6,6,6,,,,,,6,,,K,A,,,,,,,,2014-02-13 15:31:22,0.0
2014-01-08 09:00:00,5129,DCNN,710,8.0,6.0,7.1,87.3,,,,230.0,10.0,1000.0,,,,,,01,6,6,6,,,,6,6,6,,,,,,6,,,K,A,,,,,,,,2014-02-13 15:31:22,0.0
2014-01-09 09:00:00,5129,DCNN,710,8.0,4.6,6.5,79.0,,,,270.0,12.0,4000.0,,,,,,02,6,6,6,,,,6,6,6,,,,,,6,,,K,A,,,,,,,,2014-02-13 15:31:22,0.0
2014-01-10 09:00:00,5129,DCNN,710,2.5,1.2,2.0,91.1,,,,210.0,5.0,1000.0,,,,,,04,6,6,6,,,,6,6,6,,,,,,6,,,K,A,,,,,,,,2014-02-13 15:31:22,0.0
2014-01-11 09:00:00,5129,DCNN,710,6.0,,,,,,,290.0,10.0,2000.0,,,,,,02,6,,,,,,6,6,6,,,,,,6,,,,A,,,,,,,,2014-02-13 15:31:22,0.0
2014-01-12 09:00:00,5129,DCNN,710,2.7,0.9,2.0,87.6,,,,160.0,10.0,1000.0,,,,,,04,6,6,6,,,,6,6,6,,,,,,6,,,K,A,,,,,,,,2014-02-13 15:31:22,0.0
2014-01-13 09:00:00,5129,DCNN,710,5.0,3.8,4.5,92.0,,,,210.0,8.0,1000.0,,,,,,01,6,6,6,,,,6,6,6,,,,,,6,,,K,A,,,,,,,,2014-02-13 15:31:22,0.0
2014-01-14 09:00:00,5129,DCNN,710,1.5,0.1,1.0,90.6,,,,270.0,2.0,400.0,,,,,,04,6,6,6,,,,6,6,6,,,,,,6,,,K,A,,,,,,,,2014-02-13 15:31:22,0.0
2014-01-15 09:00:00,5129,DCNN,710,9.5,8.5,9.0,93.3,,,,210.0,12.0,400.0,,,,,,02,6,6,6,,,,6,6,6,,,,,,6,,,K,A,,,,,,,,2014-02-13 15:31:22,0.0
2014-01-16 09:00:00,5129,DCNN,710,7.0,5.2,6.2,88.2,,,,180.0,10.0,1000.0,,,,,,01,6,6,6,,,,6,6,6,,,,,,6,,,K,A,,,,,,,,2014-02-13 15:31:22,0.0
2014-01-17 09:00:00,5129,DCNN,710,6.0,4.8,5.5,92.3,,,,210.0,10.0,1000.0,,,,,,02,6,6,6,,,,6,6,6,,,,,,6,,,K,A,,,,,,,,2014-02-13 15:31:22,0.0
2014-01-18 09:00:00,5129,DCNN,710,7.5,5.3,6.5,85.6,,,,140.0,10.0,1000.0,,,,,,02,6,6,6,,,,6,6,6,,,,,,6,,,K,A,,,,,,,,2014-02-13 15:31:22,0.0
2014-01-19 09:00:00,5129,DCNN,710,6.0,,,,,,,230.0,8.0,2000.0,,,,,,01,6,,,,,,6,6,6,,,,,,6,,,,A,,,,,,,,2014-02-13 15:31:22,0.0
2014-01-20 09:00:00,5129,DCNN,710,-0.5,-1.4,-0.8,93.4,,,,180.0,2.0,200.0,,,,,,04,6,6,6,,,,6,6,6,,,,,,6,,,K,A,,,,,,,,2014-02-13 15:31:22,0.0
2014-01-21 09:00:00,5129,DCNN,710,2.4,1.6,2.1,94.6,,,,0.0,0.0,10.0,,,,,,01,6,6,6,,,,6,6,6,,,,,,6,,,K,A,,,,,,,,2014-02-13 15:31:22,0.0
2014-01-22 09:00:00,5129,DCNN,710,7.0,5.9,6.5,92.6,,,,270.0,2.0,200.0,,,,,,02,6,6,6,,,,6,6,6,,,,,,6,,,K,A,,,,,,,,2014-02-13 15:31:22,0.0
2014-01-23 09:00:00,5129,DCNN,710,3.7,3.2,3.5,96.6,,,,210.0,8.0,200.0,,,,,,01,6,6,6,,,,6,6,6,,,,,,6,,,K,A,,,,,,,,2014-02-13 15:31:22,0.0
2014-01-24 09:00:00,5129,DCNN,710,3.6,2.1,3.0,89.8,,,,140.0,5.0,400.0,,,,,,01,6,6,6,,,,6,6,6,,,,,,6,,,K,A,,,,,,,,2014-02-13 15:31:22,0.0
2014-01-25 09:00:00,5129,DCNN,710,8.4,8.2,8.3,98.5,,,,230.0,7.0,200.0,,,,,,01,6,6,6,,,,6,6,6,,,,,,6,,,K,A,,,,,,,,2014-02-13 15:31:22,0.0
2014-01-26 09:00:00,5129,DCNN,710,5.0,1.2,3.5,76.2,,,,180.0,12.0,1000.0,,,,,,01,6,6,6,,,,6,6,6,,,,,,6,,,K,A,,,,,,,,2014-02-13 15:31:22,0.0
2014-01-27 09:00:00,5129,DCNN,710,3.5,0.9,2.5,82.9,,,,250.0,10.0,1000.0,,,,,,01,6,6,6,,,,6,6,6,,,,,,6,,,K,A,,,,,,,,2014-02-13 15:31:22,0.0
2014-01-28 09:00:00,5129,DCNN,710,5.5,3.1,4.5,84.5,,,,210.0,12.0,1000.0,,,,,,02,6,6,6,,,,6,6,6,,,,,,6,,,K,A,,,,,,,,2014-02-13 15:31:22,0.0
2014-01-29 09:00:00,5129,DCNN,710,4.0,2.8,3.5,91.6,,,,90.0,10.0,400.0,,,,,,02,6,6,6,,,,6,6,6,,,,,,6,,,K,A,,,,,,,,2014-02-13 15:31:22,0.0
2014-01-30 09:00:00,5129,DCNN,710,3.0,1.7,2.5,91.2,,,,70.0,6.0,200.0,,,,,,02,6,6,6,,,,6,6,6,,,,,,6,,,K,A,,,,,,,,2014-02-13 15:31:22,0.0
2014-01-31 09:00:00,5129,DCNN,710,3.0,2.8,2.9,98.3,,,,160.0,6.0,200.0,,,,,,01,6,6,6,,,,6,6,6,,,,,,6,,,K,A,,,,,,,,2014-02-13 15:31:22,0.0
2014-02-01 09:00:00,5129,DCNN,710,4.9,1.6,3.6,79.3,,,,230.0,12.0,2000.0,,,,,,01,6,6,6,,,,6,6,6,,,,,,6,,,K,A,,,,,,,,2014-03-14 08:34:29,0.0
2014-02-02 09:00:00,5129,DCNN,710,7.0,,,,,,,210.0,,,,,,,,,6,,,,,,6,,,,,,,,,,,,A,,,,,,,,2014-03-14 08:34:29,0.0
2014-02-03 09:00:00,5129,DCNN,710,6.0,,,,,,,140.0,,,,,,,,,6,,,,,,6,,,,,,,,,,,,A,,,,,,,,2014-03-14 08:34:29,0.0
2014-02-04 09:00:00,5129,DCNN,710,6.0,,,,,,,180.0,,,,,,,,,6,,,,,,6,,,,,,,,,,,,A,,,,,,,,2014-03-14 08:34:29,0.0
2014-02-05 09:00:00,5129,DCNN,710,6.8,,,,,,,180.0,,,,,,,,02,6,,,,,,6,,,,,,,,6,,,,A,,,,,,,,2014-03-14 08:34:29,0.0
2014-02-06 09:00:00,5129,DCNN,710,5.5,,,,,,,180.0,,,,,,,,,6,,,,,,6,,,,,,,,,,,,A,,,,,,,,2014-03-14 08:34:29,0.0
2014-02-07 09:00:00,5129,DCNN,710,5.0,,,,,,,270.0,,,,,,,,02,6,,,,,,6,,,,,,,,6,,,,A,,,,,,,,2014-03-14 08:34:29,0.0
2014-02-08 09:00:00,5129,DCNN,710,8.2,,,,,,,210.0,,,,,,,,02,6,,,,,,6,,,,,,,,6,,,,A,,,,,,,,2014-03-14 08:34:29,0.0
2014-02-09 09:00:00,5129,DCNN,710,5.0,,,,,,,230.0,,,,,,,,,6,,,,,,6,,,,,,,,,,,,A,,,,,,,,2014-03-14 08:34:29,0.0
2014-02-10 09:00:00,5129,DCNN,710,7.0,,,,,,,180.0,,,,,,,,,6,,,,,,6,,,,,,,,,,,,A,,,,,,,,2014-03-14 08:34:29,0.0
2014-02-11 09:00:00,5129,DCNN,710,5.5,,,,,,,180.0,,,,,,,,02,6,,,,,,6,,,,,,,,6,,,,A,,,,,,,,2014-03-14 08:34:29,0.0
2014-02-12 09:00:00,5129,DCNN,710,7.5,,,,,,,180.0,,,,,,,,,6,,,,,,6,,,,,,,,,,,,A,,,,,,,,2014-03-14 08:34:29,0.0
2014-02-13 09:00:00,5129,DCNN,710,7.8,,,,,,,230.0,,,,,,,,,6,,,,,,6,,,,,,,,,,,,A,,,,,,,,2014-03-14 08:34:29,0.0
2014-02-14 09:00:00,5129,DCNN,710,5.0,,,,,,,160.0,,,,,,,,,6,,,,,,6,,,,,,,,,,,,A,,,,,,,,2014-03-14 08:34:29,0.0
2014-02-15 09:00:00,5129,DCNN,710,7.0,,,,,,,210.0,,,,,,,,02,6,,,,,,6,,,,,,,,6,,,,A,,,,,,,,2014-03-14 08:34:29,0.0
2014-02-16 09:00:00,5129,DCNN,710,7.0,,,,,,,230.0,,,,,,,,,6,,,,,,6,,,,,,,,,,,,A,,,,,,,,2014-03-14 08:34:29,0.0
2014-02-17 09:00:00,5129,DCNN,710,7.2,,,,,,,210.0,10.0,1000.0,,,,,,01,6,,,,,,6,6,6,,,,,,6,,,,A,,,,,,,,2014-03-14 08:34:29,0.0
2014-02-18 09:00:00,5129,DCNN,710,8.1,7.2,7.7,94.4,,,,210.0,10.0,400.0,,,,,,01,6,6,6,,,,6,6,6,,,,,,6,,,K,A,,,,,,,,2014-03-14 08:34:29,0.0
2014-02-19 09:00:00,5129,DCNN,710,6.0,4.8,5.5,92.3,,,,230.0,7.0,1000.0,,,,,,01,6,6,6,,,,6,6,6,,,,,,6,,,K,A,,,,,,,,2014-03-14 08:34:29,0.0
2014-02-20 09:00:00,5129,DCNN,710,10.0,9.0,9.5,93.5,,,,180.0,15.0,200.0,,,,,,02,6,6,6,,,,6,6,6,,,,,,6,,,K,A,,,,,,,,2014-03-14 08:34:29,0.0
2014-02-21 09:00:00,5129,DCNN,710,5.0,1.2,3.5,76.2,,,,210.0,8.0,2000.0,,,,,,01,6,6,6,,,,6,6,6,,,,,,6,,,K,A,,,,,,,,2014-03-14 08:34:29,0.0
2014-02-22 09:00:00,5129,DCNN,710,6.5,2.9,5.0,77.8,,,,230.0,12.0,1000.0,,,,,,00,6,6,6,,,,6,6,6,,,,,,6,,,K,A,,,,,,,,2014-03-14 08:34:29,0.0
2014-02-23 09:00:00,5129,DCNN,710,10.0,6.8,8.5,80.6,,,,210.0,16.0,1000.0,,,,,,01,6,6,6,,,,6,6,6,,,,,,6,,,K,A,,,,,,,,2014-03-14 08:34:29,0.0
2014-02-24 09:00:00,5129,DCNN,710,9.5,5.3,7.6,75.1,,,,210.0,16.0,1000.0,,,,,,00,6,6,6,,,,6,6,6,,,,,,6,,,K,A,,,,,,,,2014-03-14 08:34:29,0.0
2014-02-25 09:00:00,5129,DCNN,710,8.5,4.9,6.9,78.1,,,,210.0,16.0,1000.0,,,,,,01,6,6,6,,,,6,6,6,,,,,,6,,,K,A,,,,,,,,2014-03-14 08:34:29,0.0
2014-02-26 09:00:00,5129,DCNN,710,6.1,3.5,5.0,83.3,,,,250.0,8.0,1000.0,,,,,,01,6,6,6,,,,6,6,6,,,,,,6,,,K,A,,,,,,,,2014-03-14 08:34:29,0.0
2014-02-27 09:00:00,5129,DCNN,710,7.0,4.7,6.0,85.3,,,,270.0,12.0,1000.0,,,,,,02,6,6,6,,,,6,6,6,,,,,,6,,,K,A,,,,,,,,2014-03-14 08:34:29,0.0
2014-02-28 09:00:00,5129,DCNN,710,5.0,3.8,4.5,92.0,,,,110.0,10.0,2000.0,,,,,,02,6,6,6,,,,6,6,6,,,,,,6,,,K,A,,,,,,,,2014-03-14 08:34:29,0.0
2014-03-01 09:00:00,5129,DCNN,710,2.5,1.2,2.0,91.1,,,,20.0,4.0,40.0,,,,,,01,6,6,6,,,,6,6,6,,,,,,6,,,K,A,,,,,,,,2014-04-22 09:48:07,0.0
2014-03-02 09:00:00,5129,DCNN,710,8.0,5.8,7.0,85.9,,,,230.0,12.0,1000.0,,,,,,01,6,6,6,,,,6,6,6,,,,,,6,,,K,A,,,,,,,,2014-04-22 09:48:07,0.0
2014-03-03 09:00:00,5129,DCNN,710,6.5,2.9,5.0,77.8,,,,160.0,10.0,1000.0,,,,,,01,6,6,6,,,,6,6,6,,,,,,6,,,K,A,,,,,,,,2014-04-22 09:48:07,0.0
2014-03-04 09:00:00,5129,DCNN,710,4.0,1.4,3.0,83.4,,,,250.0,2.0,1000.0,,,,,,01,6,6,6,,,,6,6,6,,,,,,6,,,K,A,,,,,,,,2014-04-22 09:48:07,0.0
2014-03-05 09:00:00,5129,DCNN,710,5.5,1.7,4.0,76.7,,,,290.0,2.0,1000.0,,,,,,01,6,6,6,,,,6,6,6,,,,,,6,,,K,A,,,,,,,,2014-04-22 09:48:07,0.0
2014-03-06 09:00:00,5129,DCNN,710,9.0,4.7,7.1,74.7,,,,230.0,14.0,1000.0,,,,,,00,6,6,6,,,,6,6,6,,,,,,6,,,K,A,,,,,,,,2014-04-22 09:48:07,0.0
2014-03-07 09:00:00,5129,DCNN,710,9.5,7.4,8.5,86.7,,,,230.0,12.0,400.0,,,,,,00,6,6,6,,,,6,6,6,,,,,,6,,,K,A,,,,,,,,2014-04-22 09:48:07,0.0
2014-03-08 09:00:00,5129,DCNN,710,9.0,6.9,8.0,86.5,,,,180.0,12.0,400.0,,,,,,00,6,6,6,,,,6,6,6,,,,,,6,,,K,A,,,,,,,,2014-04-22 09:48:07,0.0
2014-03-09 09:00:00,5129,DCNN,710,12.5,4.9,9.0,59.9,,,,180.0,6.0,400.0,,,,,,00,6,6,6,,,,6,6,6,,,,,,6,,,K,A,,,,,,,,2014-04-22 09:48:07,0.0
2014-03-10 09:00:00,5129,DCNN,710,10.0,4.4,7.5,68.2,,,,50.0,12.0,400.0,,,,,,00,6,6,6,,,,6,6,6,,,,,,6,,,K,A,,,,,,,,2014-04-22 09:48:07,0.0
2014-03-11 09:00:00,5129,DCNN,710,6.5,4.2,5.5,85.0,,,,50.0,7.0,1000.0,,,,,,00,6,6,6,,,,6,6,6,,,,,,6,,,K,A,,,,,,,,2014-04-22 09:48:07,0.0
2014-03-12 09:00:00,5129,DCNN,710,4.5,3.3,4.0,91.7,,,,50.0,10.0,20.0,,,,,,00,6,6,6,,,,6,6,6,,,,,,6,,,K,A,,,,,,,,2014-04-22 09:48:07,0.0
2014-03-13 09:00:00,5129,DCNN,710,6.5,5.4,6.0,92.5,,,,320.0,2.0,200.0,,,,,,00,6,6,6,,,,6,6,6,,,,,,6,,,K,A,,,,,,,,2014-04-22 09:48:07,0.0
2014-03-14 09:00:00,5129,DCNN,710,7.5,5.3,6.5,85.6,,,,230.0,4.0,200.0,,,,,,00,6,6,6,,,,6,6,6,,,,,,6,,,K,A,,,,,,,,2014-04-22 09:48:07,0.0
2014-03-15 09:00:00,5129,DCNN,710,10.0,4.4,7.5,68.2,,,,320.0,10.0,1000.0,,,,,,00,6,6,6,,,,6,6,6,,,,,,6,,,K,A,,,,,,,,2014-04-22 09:48:07,0.0
2014-03-16 09:00:00,5129,DCNN,710,12.5,4.1,8.7,56.6,,,,320.0,12.0,2000.0,,,,,,00,6,6,6,,,,6,6,6,,,,,,6,,,K,A,,,,,,,,2014-04-22 09:48:07,0.0
2014-03-17 09:00:00,5129,DCNN,710,10.0,5.7,8.0,74.3,,,,270.0,10.0,2000.0,,,,,,00,6,6,6,,,,6,6,6,,,,,,6,,,K,A,,,,,,,,2014-04-22 09:48:07,0.0
2014-03-18 09:00:00,5129,DCNN,710,9.0,4.5,7.0,73.3,,,,270.0,12.0,2000.0,,,,,,00,6,6,6,,,,6,6,6,,,,,,6,,,K,A,,,,,,,,2014-04-22 09:48:07,0.0
2014-03-19 09:00:00,5129,DCNN,710,9.0,4.5,7.0,73.3,,,,230.0,7.0,1000.0,,,,,,00,6,6,6,,,,6,6,6,,,,,,6,,,K,A,,,,,,,,2014-04-22 09:48:07,0.0
2014-03-20 09:00:00,5129,DCNN,710,10.5,6.9,8.8,78.5,,,,210.0,16.0,400.0,,,,,,00,6,6,6,,,,6,6,6,,,,,,6,,,K,A,,,,,,,,2014-04-22 09:48:07,0.0
2014-03-21 09:00:00,5129,DCNN,710,8.5,1.1,5.5,59.7,,,,250.0,12.0,1000.0,,,,,,00,6,6,6,,,,6,6,6,,,,,,6,,,K,A,,,,,,,,2014-04-22 09:48:07,0.0
2014-03-22 09:00:00,5129,DCNN,710,6.6,1.4,4.5,69.2,,,,250.0,10.0,2000.0,,,,,,01,6,6,6,,,,6,6,6,,,,,,6,,,K,A,,,,,,,,2014-04-22 09:48:07,0.0
2014-03-23 09:00:00,5129,DCNN,710,6.5,2.9,5.0,77.8,,,,320.0,12.0,2000.0,,,,,,01,6,6,6,,,,6,6,6,,,,,,6,,,K,A,,,,,,,,2014-04-22 09:48:07,0.0
2014-03-24 09:00:00,5129,DCNN,710,6.5,1.5,4.5,70.6,,,,160.0,10.0,1000.0,,,,,,00,6,6,6,,,,6,6,6,,,,,,6,,,K,A,,,,,,,,2014-04-22 09:48:07,0.0
2014-03-25 09:00:00,5129,DCNN,710,6.5,5.6,6.1,94.0,,,,140.0,8.0,400.0,,,,,,02,6,6,6,,,,6,6,6,,,,,,6,,,K,A,,,,,,,,2014-04-22 09:48:07,0.0
2014-03-26 09:00:00,5129,DCNN,710,5.4,3.0,4.4,84.4,,,,360.0,10.0,1000.0,,,,,,00,6,6,6,,,,6,6,6,,,,,,6,,,K,A,,,,,,,,2014-04-22 09:48:07,0.0
2014-03-27 09:00:00,5129,DCNN,710,6.5,2.9,5.0,77.8,,,,90.0,6.0,1000.0,,,,,,01,6,6,6,,,,6,6,6,,,,,,6,,,K,A,,,,,,,,2014-04-22 09:48:07,0.0
2014-03-28 09:00:00,5129,DCNN,710,7.0,5.4,6.3,89.7,,,,70.0,10.0,200.0,,,,,,01,6,6,6,,,,6,6,6,,,,,,6,,,K,A,,,,,,,,2014-04-22 09:48:07,0.0
2014-03-29 09:00:00,5129,DCNN,710,13.6,6.1,10.0,60.3,,,,110.0,10.0,400.0,,,,,,00,6,6,6,,,,6,6,6,,,,,,6,,,K,A,,,,,,,,2014-04-22 09:48:07,0.0
2014-03-30 09:00:00,5129,DCNN,710,10.0,6.8,8.5,80.6,,,,140.0,4.0,200.0,,,,,,00,6,6,6,,,,6,6,6,,,,,,6,,,K,A,,,,,,,,2014-04-22 09:48:07,0.0
2014-03-31 09:00:00,5129,DCNN,710,13.0,8.0,10.5,71.4,,,,160.0,3.0,400.0,,,,,,00,6,6,6,,,,6,6,6,,,,,,6,,,K,A,,,,,,,,2014-04-22 09:48:07,0.0
2014-04-01 09:00:00,5129,DCNN,710,8.5,7.4,8.0,93.1,,,,0.0,0.0,10.0,,,,,,01,6,6,6,,,,6,6,6,,,,,,6,,,K,A,,,,,,,,2014-05-27 16:21:58,0.0
2014-04-02 09:00:00,5129,DCNN,710,11.8,8.2,10.0,78.3,,,,110.0,10.0,200.0,,,,,,00,6,6,6,,,,6,6,6,,,,,,6,,,K,A,,,,,,,,2014-05-27 16:21:58,0.0
2014-04-03 09:00:00,5129,DCNN,710,12.0,9.0,10.5,82.0,,,,70.0,10.0,200.0,,,,,,00,6,6,6,,,,6,6,6,,,,,,6,,,K,A,,,,,,,,2014-05-27 16:21:58,0.0
2014-04-04 09:00:00,5129,DCNN,710,11.5,8.5,10.0,81.7,,,,270.0,10.0,1000.0,,,,,,00,6,6,6,,,,6,6,6,,,,,,6,,,K,A,,,,,,,,2014-05-27 16:21:58,0.0
2014-04-05 09:00:00,5129,DCNN,710,9.0,6.9,8.0,86.5,,,,180.0,10.0,400.0,,,,,,00,6,6,6,,,,6,6,6,,,,,,6,,,K,A,,,,,,,,2014-05-27 16:21:58,0.0
2014-04-06 09:00:00,5129,DCNN,710,12.6,,,,,,,230.0,10.0,1000.0,,,,,,02,6,,,,,,6,6,6,,,,,,6,,K,,A,,,,,,,,2014-06-02 10:30:00,0.0
2014-04-07 09:00:00,5129,DCNN,710,12.1,11.0,11.5,92.7,,,,210.0,12.0,1000.0,,,,,,02,6,6,6,,,,6,6,6,,,,,,6,,,K,A,,,,,,,,2014-05-27 16:21:58,0.0
2014-04-08 09:00:00,5129,DCNN,710,8.0,1.9,5.5,65.5,,,,270.0,15.0,1000.0,,,,,,01,6,6,6,,,,6,6,6,,,,,,6,,,K,A,,,,,,,,2014-05-27 16:21:58,0.0
2014-04-09 09:00:00,5129,DCNN,710,8.8,6.0,7.5,82.3,,,,230.0,8.0,400.0,,,,,,00,6,6,6,,,,6,6,6,,,,,,6,,,K,A,,,,,,,,2014-05-27 16:21:58,0.0
2014-04-10 09:00:00,5129,DCNN,710,9.5,5.1,7.5,73.8,,,,290.0,4.0,1000.0,,,,,,00,6,6,6,,,,6,6,6,,,,,,6,,,K,A,,,,,,,,2014-05-27 16:21:58,0.0
2014-04-11 09:00:00,5129,DCNN,710,10.5,3.7,7.5,62.8,,,,50.0,8.0,1000.0,,,,,,00,6,6,6,,,,6,6,6,,,,,,6,,,K,A,,,,,,,,2014-05-27 16:21:58,0.0
2014-04-12 09:00:00,5129,DCNN,710,9.5,3.8,7.0,67.5,,,,250.0,10.0,1000.0,,,,,,00,6,6,6,,,,6,6,6,,,,,,6,,,K,A,,,,,,,,2014-05-27 16:21:58,0.0
2014-04-13 09:00:00,5129,DCNN,710,9.6,0.8,6.0,54.1,,,,320.0,12.0,2000.0,,,,,,00,6,6,6,,,,6,6,6,,,,,,6,,,K,A,,,,,,,,2014-05-27 16:21:58,0.0
2014-04-14 09:00:00,5129,DCNN,710,9.0,,,,,,,360.0,10.0,1000.0,,,,,,00,6,,,,,,6,6,6,,,,,,6,,,,A,,,,,,,,2014-05-27 16:21:58,0.0
2014-04-15 09:00:00,5129,DCNN,710,7.5,-1.9,4.0,51.4,,,,90.0,10.0,1000.0,,,,,,00,6,6,6,,,,6,6,6,,,,,,6,,,K,A,,,,,,,,2014-05-27 16:21:58,0.0
2014-04-16 09:00:00,5129,DCNN,710,9.1,1.6,6.0,59.4,,,,160.0,10.0,1000.0,,,,,,00,6,6,6,,,,6,6,6,,,,,,6,,,K,A,,,,,,,,2014-05-27 16:21:58,0.0
2014-04-17 09:00:00,5129,DCNN,710,7.5,2.7,5.5,71.6,,,,210.0,4.0,400.0,,,,,,00,6,6,6,,,,6,6,6,,,,,,6,,,K,A,,,,,,,,2014-05-27 16:21:58,0.0
2014-04-18 09:00:00,5129,DCNN,710,8.5,1.1,5.5,59.7,,,,20.0,10.0,1000.0,,,,,,00,6,6,6,,,,6,6,6,,,,,,6,,,K,A,,,,,,,,2014-05-27 16:21:58,0.0
2014-04-19 09:00:00,5129,DCNN,710,8.0,-0.2,4.8,56.3,,,,70.0,12.0,2000.0,,,,,,00,6,6,6,,,,6,6,6,,,,,,6,,,K,A,,,,,,,,2014-05-27 16:21:58,0.0
2014-04-20 09:00:00,5129,DCNN,710,10.5,7.4,9.0,80.9,,,,50.0,14.0,200.0,,,,,,00,6,6,6,,,,6,6,6,,,,,,6,,,K,A,,,,,,,,2014-05-27 16:21:58,0.0
2014-04-21 09:00:00,5129,DCNN,710,11.0,6.8,9.0,75.2,,,,20.0,8.0,400.0,,,,,,01,6,6,6,,,,6,6,6,,,,,,6,,,K,A,,,,,,,,2014-05-27 16:21:58,0.0
2014-04-22 09:00:00,5129,DCNN,710,11.0,9.4,10.2,89.9,,,,160.0,2.0,200.0,,,,,,01,6,6,6,,,,6,6,6,,,,,,6,,,K,A,,,,,,,,2014-05-27 16:21:58,0.0
2014-04-23 09:00:00,5129,DCNN,710,12.5,7.4,10.0,70.9,,,,180.0,12.0,1000.0,,,,,,00,6,6,6,,,,6,6,6,,,,,,6,,,K,A,,,,,,,,2014-05-27 16:21:58,0.0
2014-04-24 09:00:00,5129,DCNN,710,12.5,9.6,11.0,82.3,,,,160.0,6.0,1000.0,,,,,,01,6,6,6,,,,6,6,6,,,,,,6,,,K,A,,,,,,,,2014-05-27 16:21:58,0.0
2014-04-25 09:00:00,5129,DCNN,710,9.0,8.0,8.5,93.2,,,,20.0,12.0,200.0,,,,,,01,6,6,6,,,,6,6,6,,,,,,6,,,K,A,,,,,,,,2014-05-27 16:21:58,0.0
2014-04-26 09:00:00,5129,DCNN,710,11.0,9.0,10.0,87.4,,,,210.0,12.0,1000.0,,,,,,02,6,6,6,,,,6,6,6,,,,,,6,,,K,A,,,,,,,,2014-05-27 16:21:58,0.0
2014-04-27 09:00:00,5129,DCNN,710,10.4,8.6,9.5,88.4,,,,110.0,7.0,2000.0,,,,,,02,6,6,6,,,,6,6,6,,,,,,6,,,K,A,,,,,,,,2014-05-27 16:21:58,0.0
2014-04-28 09:00:00,5129,DCNN,710,10.8,9.0,9.9,88.6,,,,50.0,8.0,200.0,,,,,,01,6,6,6,,,,6,6,6,,,,,,6,,,K,A,,,,,,,,2014-05-27 16:21:58,0.0
2014-04-29 09:00:00,5129,DCNN,710,11.5,,,,,,,70.0,,200.0,,,,,,00,6,,,,,,6,,6,,,,,,6,,,,A,,,,,,,,2014-05-27 16:21:58,0.0
2014-04-30 09:00:00,5129,DCNN,710,12.0,9.0,10.5,82.0,,,,180.0,6.0,200.0,,,,,,00,6,6,6,,,,6,6,6,,,,,,6,,,K,A,,,,,,,,2014-05-27 16:21:58,0.0
2014-05-01 09:00:00,5129,DCNN,710,10.5,9.5,10.0,93.5,,,,180.0,4.0,200.0,,,,,,02,6,6,6,,,,6,6,6,,,,,,6,,,K,A,,,,,,,,2014-06-13 10:40:07,0.0
2014-05-02 09:00:00,5129,DCNN,710,10.0,6.1,8.2,76.9,,,,20.0,12.0,1000.0,,,,,,01,6,6,6,,,,6,6,6,,,,,,6,,,K,A,,,,,,,,2014-06-13 10:40:07,0.0
2014-05-03 09:00:00,5129,DCNN,710,,,,,,,,20.0,2.0,1000.0,,,,,,00,,,,,,,6,6,6,,,,,,6,,K,K,A,,,,,,,,2014-08-05 11:56:00,0.0
2014-05-04 09:00:00,5129,DCNN,710,9.5,3.8,7.0,67.5,,,,230.0,8.0,1000.0,,,,,,00,6,6,6,,,,6,6,6,,,,,,6,,,K,A,,,,,,,,2014-06-13 10:40:07,0.0
2014-05-05 09:00:00,5129,DCNN,710,12.0,5.6,9.0,64.7,,,,160.0,10.0,1000.0,,,,,,00,6,6,6,,,,6,6,6,,,,,,6,,,K,A,,,,,,,,2014-06-13 10:40:07,0.0
2014-05-06 09:00:00,5129,DCNN,710,13.4,8.4,10.9,71.8,,,,230.0,10.0,2000.0,,,,,,01,6,6,6,,,,6,6,6,,,,,,6,,,K,A,,,,,,,,2014-06-13 10:40:07,0.0
2014-05-07 09:00:00,5129,DCNN,710,12.0,6.8,9.5,70.4,,,,250.0,12.0,1000.0,,,,,,01,6,6,6,,,,6,6,6,,,,,,6,,,K,A,,,,,,,,2014-06-13 10:40:07,0.0
2014-05-08 09:00:00,5129,DCNN,710,11.0,10.0,10.5,93.7,,,,180.0,8.0,400.0,,,,,,02,6,6,6,,,,6,6,6,,,,,,6,,,K,A,,,,,,,,2014-06-13 10:40:07,0.0
2014-05-09 09:00:00,5129,DCNN,710,12.0,8.4,10.2,78.5,,,,270.0,14.0,1000.0,,,,,,02,6,6,6,,,,6,6,6,,,,,,6,,,K,A,,,,,,,,2014-06-13 10:40:07,0.0
2014-05-10 09:00:00,5129,DCNN,710,12.8,11.7,12.2,92.9,,,,230.0,12.0,1000.0,,,,,,02,6,6,6,,,,6,6,6,,,,,,6,,,K,A,,,,,,,,2014-06-13 10:40:07,0.0
2014-05-11 09:00:00,5129,DCNN,710,9.6,6.2,8.0,79.0,,,,270.0,20.0,1000.0,,,,,,02,6,6,6,,,,6,6,6,,,,,,6,,,K,A,,,,,,,,2014-06-13 10:40:07,0.0
2014-05-12 09:00:00,5129,DCNN,710,10.5,2.3,7.0,56.9,,,,290.0,10.0,2000.0,,,,,,00,6,6,6,,,,6,6,6,,,,,,6,,,K,A,,,,,,,,2014-06-13 10:40:07,0.0
2014-05-13 09:00:00,5129,DCNN,710,10.8,8.2,9.5,83.6,,,,290.0,6.0,1000.0,,,,,,01,6,6,6,,,,6,6,6,,,,,,6,,,K,A,,,,,,,,2014-06-13 10:40:07,0.0
2014-05-14 09:00:00,5129,DCNN,710,12.5,6.0,9.4,64.3,,,,360.0,10.0,4000.0,,,,,,01,6,6,6,,,,6,6,6,,,,,,6,,,K,A,,,,,,,,2014-06-13 10:40:07,0.0
2014-05-15 09:00:00,5129,DCNN,710,13.1,6.9,10.1,66.1,,,,50.0,4.0,1000.0,,,,,,00,6,6,6,,,,6,6,6,,,,,,6,,,K,A,,,,,,,,2014-06-13 10:40:07,0.0
2014-05-16 09:00:00,5129,DCNN,710,15.0,8.1,11.5,63.1,,,,250.0,6.0,1000.0,,,,,,00,6,6,6,,,,6,6,6,,,,,,6,,,K,A,,,,,,,,2014-06-13 10:40:07,0.0
2014-05-17 09:00:00,5129,DCNN,710,16.5,10.9,13.5,69.6,,,,320.0,4.0,400.0,,,,,,00,6,6,6,,,,6,6,6,,,,,,6,,,K,A,,,,,,,,2014-06-13 10:40:07,0.0
2014-05-18 09:00:00,5129,DCNN,710,18.0,10.6,14.0,61.9,,,,210.0,8.0,1000.0,,,,,,00,6,6,6,,,,6,6,6,,,,,,6,,,K,A,,,,,,,,2014-06-13 10:40:07,0.0
2014-05-19 09:00:00,5129,DCNN,710,20.5,11.6,15.5,56.5,,,,140.0,10.0,1000.0,,,,,,00,6,6,6,,,,6,6,6,,,,,,6,,,K,A,,,,,,,,2014-06-13 10:40:07,0.0
2014-05-20 09:00:00,5129,DCNN,710,17.4,11.2,14.0,66.8,,,,180.0,7.0,1000.0,,,,,,00,6,6,6,,,,6,6,6,,,,,,6,,,K,A,,,,,,,,2014-06-13 10:40:07,0.0
2014-05-21 09:00:00,5129,DCNN,710,14.5,6.2,10.5,57.5,,,,110.0,2.0,1000.0,,,,,,00,6,6,6,,,,6,6,6,,,,,,6,,,K,A,,,,,,,,2014-06-13 10:40:07,0.0
2014-05-22 09:00:00,5129,DCNN,710,14.0,11.2,12.5,83.2,,,,210.0,6.0,1000.0,,,,,,01,6,6,6,,,,6,6,6,,,,,,6,,,K,A,,,,,,,,2014-06-13 10:40:07,0.0
2014-05-23 09:00:00,5129,DCNN,710,12.5,7.4,10.0,70.9,,,,180.0,16.0,1000.0,,,,,,00,6,6,6,,,,6,6,6,,,,,,6,,,K,A,,,,,,,,2014-06-13 10:40:07,0.0
2014-05-24 09:00:00,5129,DCNN,710,12.0,11.1,11.5,93.9,,,,160.0,10.0,400.0,,,,,,02,6,6,6,,,,6,6,6,,,,,,6,,,K,A,,,,,,,,2014-06-13 10:40:07,0.0
2014-05-25 09:00:00,5129,DCNN,710,12.5,7.4,10.0,70.9,,,,180.0,12.0,1000.0,,,,,,01,6,6,6,,,,6,6,6,,,,,,6,,,K,A,,,,,,,,2014-06-13 10:40:07,0.0
2014-05-26 09:00:00,5129,DCNN,710,11.0,9.0,10.0,87.4,,,,20.0,10.0,1000.0,,,,,,02,6,6,6,,,,6,6,6,,,,,,6,,,K,A,,,,,,,,2014-06-13 10:40:07,0.0
2014-05-27 09:00:00,5129,DCNN,710,12.0,9.0,10.5,82.0,,,,360.0,14.0,1000.0,,,,,,01,6,6,6,,,,6,6,6,,,,,,6,,,K,A,,,,,,,,2014-06-13 10:40:07,0.0
2014-05-28 09:00:00,5129,DCNN,710,11.5,10.5,11.0,93.8,,,,320.0,10.0,200.0,,,,,,02,6,6,6,,,,6,6,6,,,,,,6,,,K,A,,,,,,,,2014-06-13 10:40:07,0.0
2014-05-29 09:00:00,5129,DCNN,710,16.0,12.4,14.0,79.1,,,,110.0,10.0,1000.0,,,,,,01,6,6,6,,,,6,6,6,,,,,,6,,,K,A,,,,,,,,2014-06-13 10:40:07,0.0
2014-05-30 09:00:00,5129,DCNN,710,12.5,10.4,11.4,86.9,,,,70.0,7.0,400.0,,,,,,00,6,6,6,,,,6,6,6,,,,,,6,,,K,A,,,,,,,,2014-06-13 10:40:07,0.0
2014-05-31 09:00:00,5129,DCNN,710,11.8,7.0,9.5,72.5,,,,340.0,4.0,1000.0,,,,,,00,6,6,6,,,,6,6,6,,,,,,6,,,K,A,,,,,,,,2014-06-13 10:40:07,0.0
2014-06-01 09:00:00,5129,DCNN,710,17.0,9.4,13.0,60.8,,,,20.0,4.0,1000.0,,,,,,00,6,6,6,,,,6,6,6,,,,,,6,,,K,A,,,,,,,,2014-07-14 10:55:45,0.0
2014-06-02 09:00:00,5129,DCNN,710,15.5,10.8,13.0,73.7,,,,250.0,6.0,1000.0,,,,,,00,6,6,6,,,,6,6,6,,,,,,6,,,K,A,,,,,,,,2014-07-14 10:55:45,0.0
2014-06-03 09:00:00,5129,DCNN,710,13.0,12.1,12.5,94.1,,,,250.0,4.0,1000.0,,,,,,01,6,6,6,,,,6,6,6,,,,,,6,,,K,A,,,,,,,,2014-07-14 10:55:45,0.0
2014-06-04 09:00:00,5129,DCNN,710,12.0,,,,,,,270.0,,400.0,,,,,,02,6,,,,,,6,,6,,,,,,6,,,,A,,,,,,,,2014-07-14 10:55:45,0.0
2014-06-05 09:00:00,5129,DCNN,710,13.5,8.3,10.9,70.8,,,,270.0,10.0,2000.0,,,,,,01,6,6,6,,,,6,6,6,,,,,,6,,,K,A,,,,,,,,2014-07-14 10:55:45,0.0
2014-06-06 09:00:00,5129,DCNN,710,16.5,6.4,11.5,51.0,,,,160.0,10.0,2000.0,,,,,,00,6,6,6,,,,6,6,6,,,,,,6,,,K,A,,,,,,,,2014-07-14 10:55:45,0.0
2014-06-07 09:00:00,5129,DCNN,710,17.5,14.9,16.0,85.0,,,,160.0,7.0,400.0,,,,,,02,6,6,6,,,,6,6,6,,,,,,6,,,K,A,,,,,,,,2014-07-14 10:55:45,0.0
2014-06-08 09:00:00,5129,DCNN,710,19.0,11.6,14.9,62.2,,,,210.0,10.0,2000.0,,,,,,00,6,6,6,,,,6,6,6,,,,,,6,,,K,A,,,,,,,,2014-07-14 10:55:45,0.0
2014-06-09 09:00:00,5129,DCNN,710,19.0,14.8,16.5,76.3,,,,110.0,5.0,400.0,,,,,,00,6,6,6,,,,6,6,6,,,,,,6,,,K,A,,,,,,,,2014-07-14 10:55:45,0.0
2014-06-10 09:00:00,5129,DCNN,710,18.0,11.7,14.5,66.4,,,,210.0,10.0,4000.0,,,,,,01,6,6,6,,,,6,6,6,,,,,,6,,,K,A,,,,,,,,2014-07-14 10:55:45,0.0
2014-06-11 09:00:00,5129,DCNN,710,15.5,9.8,12.5,68.7,,,,230.0,10.0,1000.0,,,,,,00,6,6,6,,,,6,6,6,,,,,,6,,,K,A,,,,,,,,2014-07-14 10:55:45,0.0
2014-06-12 09:00:00,5129,DCNN,710,19.0,11.8,15.0,63.1,,,,340.0,4.0,1000.0,,,,,,00,6,6,6,,,,6,6,6,,,,,,6,,,K,A,,,,,,,,2014-07-14 10:55:45,0.0
2014-06-13 09:00:00,5129,DCNN,710,19.5,12.4,15.5,63.6,,,,360.0,8.0,1000.0,,,,,,00,6,6,6,,,,6,6,6,,,,,,6,,,K,A,,,,,,,,2014-07-14 10:55:45,0.0
2014-06-14 09:00:00,5129,DCNN,710,17.0,14.4,15.5,84.7,,,,360.0,10.0,1000.0,,,,,,01,6,6,6,,,,6,6,6,,,,,,6,,,K,A,,,,,,,,2014-07-14 10:55:45,0.0
2014-06-15 09:00:00,5129,DCNN,710,14.5,11.7,13.0,83.4,,,,50.0,12.0,1000.0,,,,,,01,6,6,6,,,,6,6,6,,,,,,6,,,K,A,,,,,,,,2014-07-14 10:55:45,0.0
2014-06-16 09:00:00,5129,DCNN,710,14.5,9.7,12.0,72.8,,,,20.0,12.0,2000.0,,,,,,00,6,6,6,,,,6,6,6,,,,,,6,,,K,A,,,,,,,,2014-07-14 10:55:45,0.0
2014-06-17 09:00:00,5129,DCNN,710,14.5,7.4,11.0,62.5,,,,20.0,12.0,1000.0,,,,,,00,6,6,6,,,,6,6,6,,,,,,6,,,K,A,,,,,,,,2014-07-14 10:55:45,0.0
2014-06-18 09:00:00,5129,DCNN,710,15.8,12.6,14.0,81.0,,,,360.0,10.0,2000.0,,,,,,00,6,6,6,,,,6,6,6,,,,,,6,,,K,A,,,,,,,,2014-07-14 10:55:45,0.0
2014-06-19 09:00:00,5129,DCNN,710,17.5,14.0,15.5,80.1,,,,360.0,10.0,1000.0,,,,,,00,6,6,6,,,,6,6,6,,,,,,6,,,K,A,,,,,,,,2014-07-14 10:55:45,0.0
2014-06-20 09:00:00,5129,DCNN,710,14.5,9.7,12.0,72.8,,,,360.0,2.0,2000.0,,,,,,00,6,6,6,,,,6,6,6,,,,,,6,,,K,A,,,,,,,,2014-07-14 10:55:45,0.0
2014-06-21 09:00:00,5129,DCNN,710,17.0,9.4,13.0,60.8,,,,320.0,6.0,1000.0,,,,,,00,6,6,6,,,,6,6,6,,,,,,6,,,K,A,,,,,,,,2014-07-14 10:55:45,0.0
2014-06-22 09:00:00,5129,DCNN,710,18.5,12.3,15.0,66.9,,,,90.0,7.0,1000.0,,,,,,00,6,6,6,,,,6,6,6,,,,,,6,,,K,A,,,,,,,,2014-07-14 10:55:45,0.0
2014-06-23 09:00:00,5129,DCNN,710,17.0,9.4,13.0,60.8,,,,140.0,2.0,2000.0,,,,,,00,6,6,6,,,,6,6,6,,,,,,6,,,K,A,,,,,,,,2014-07-14 10:55:45,0.0
2014-06-24 09:00:00,5129,DCNN,710,16.5,12.5,14.3,77.4,,,,340.0,4.0,1000.0,,,,,,00,6,6,6,,,,6,6,6,,,,,,6,,,K,A,,,,,,,,2014-07-14 10:55:45,0.0
2014-06-25 09:00:00,5129,DCNN,710,15.0,6.9,11.0,58.2,,,,70.0,12.0,4000.0,,,,,,00,6,6,6,,,,6,6,6,,,,,,6,,,K,A,,,,,,,,2014-07-14 10:55:45,0.0
2014-06-26 09:00:00,5129,DCNN,710,17.0,7.0,12.0,51.8,,,,90.0,6.0,2000.0,,,,,,00,6,6,6,,,,6,6,6,,,,,,6,,,K,A,,,,,,,,2014-07-14 10:55:45,0.0
2014-06-27 09:00:00,5129,DCNN,710,17.0,12.7,14.6,75.9,,,,210.0,12.0,1000.0,,,,,,00,6,6,6,,,,6,6,6,,,,,,6,,,K,A,,,,,,,,2014-07-14 10:55:45,0.0
2014-06-28 09:00:00,5129,DCNN,710,15.6,12.1,13.7,79.9,,,,270.0,4.0,1000.0,,,,,,00,6,6,6,,,,6,6,6,,,,,,6,,,K,A,,,,,,,,2014-07-14 10:55:45,0.0
2014-06-29 09:00:00,5129,DCNN,710,14.0,8.0,11.0,67.1,,,,360.0,10.0,2000.0,,,,,,00,6,6,6,,,,6,6,6,,,,,,6,,,K,A,,,,,,,,2014-07-14 10:55:45,0.0
2014-06-30 09:00:00,5129,DCNN,710,16.6,8.7,12.5,59.4,,,,110.0,6.0,1000.0,,,,,,00,6,6,6,,,,6,6,6,,,,,,6,,,K,A,,,,,,,,2014-07-14 10:55:45,0.0
2014-07-01 09:00:00,5129,DCNN,710,18.0,9.5,13.5,57.5,,,,90.0,7.0,2000.0,,,,,,00,6,6,6,,,,6,6,6,,,,,,6,,,K,A,,,,,,,,2014-08-26 11:59:48,0.0
2014-07-02 09:00:00,5129,DCNN,710,17.0,10.3,13.4,64.5,,,,210.0,7.0,2000.0,,,,,,00,6,6,6,,,,6,6,6,,,,,,6,,,K,A,,,,,,,,2014-08-26 11:59:48,0.0
2014-07-03 09:00:00,5129,DCNN,710,18.5,8.3,13.2,51.4,,,,230.0,10.0,2000.0,,,,,,00,6,6,6,,,,6,6,6,,,,,,6,,,K,A,,,,,,,,2014-08-26 11:59:48,0.0
2014-07-04 09:00:00,5129,DCNN,710,19.5,12.4,15.5,63.6,,,,210.0,12.0,1000.0,,,,,,00,6,6,6,,,,6,6,6,,,,,,6,,,K,A,,,,,,,,2014-08-26 11:59:48,0.0
2014-07-05 09:00:00,5129,DCNN,710,17.0,15.3,16.0,89.7,,,,230.0,10.0,2000.0,,,,,,02,6,6,6,,,,6,6,6,,,,,,6,,,K,A,,,,,,,,2014-08-26 11:59:48,0.0
2014-07-06 09:00:00,5129,DCNN,710,14.0,8.0,11.0,67.1,,,,270.0,10.0,2000.0,,,,,,00,6,6,6,,,,6,6,6,,,,,,6,,,K,A,,,,,,,,2014-08-26 11:59:48,0.0
2014-07-07 09:00:00,5129,DCNN,710,17.5,9.8,13.4,60.5,,,,250.0,8.0,2000.0,,,,,,00,6,6,6,,,,6,6,6,,,,,,6,,,K,A,,,,,,,,2014-08-26 11:59:48,0.0
2014-07-08 09:00:00,5129,DCNN,710,16.5,10.9,13.5,69.6,,,,360.0,7.0,2000.0,,,,,,00,6,6,6,,,,6,6,6,,,,,,6,,,K,A,,,,,,,,2014-08-26 11:59:48,0.0
2014-07-09 09:00:00,5129,DCNN,710,14.5,10.5,12.4,77.0,,,,360.0,10.0,1000.0,,,,,,00,6,6,6,,,,6,6,6,,,,,,6,,,K,A,,,,,,,,2014-08-26 11:59:48,0.0
2014-07-10 09:00:00,5129,DCNN,710,15.0,10.3,12.5,73.3,,,,360.0,12.0,1000.0,,,,,,00,6,6,6,,,,6,6,6,,,,,,6,,,K,A,,,,,,,,2014-08-26 11:59:48,0.0
2014-07-11 09:00:00,5129,DCNN,710,13.5,,,,,,,360.0,,,,,,,,02,6,,,,,,6,,,,,,,,6,,,,A,,,,,,,,2014-08-26 11:59:48,0.0
2014-07-12 09:00:00,5129,DCNN,710,17.0,14.4,15.5,84.7,,,,340.0,7.0,400.0,,,,,,00,6,6,6,,,,6,6,6,,,,,,6,,,K,A,,,,,,,,2014-08-26 11:59:48,0.0
2014-07-13 09:00:00,5129,DCNN,710,18.0,16.5,17.1,91.0,,,,250.0,6.0,1000.0,,,,,,01,6,6,6,,,,6,6,6,,,,,,6,,,K,A,,,,,,,,2014-08-26 11:59:48,0.0
2014-07-14 09:00:00,5129,DCNN,710,17.5,7.7,12.5,52.6,,,,320.0,10.0,4000.0,,,,,,00,6,6,6,,,,6,6,6,,,,,,6,,,K,A,,,,,,,,2014-08-26 11:59:48,0.0
2014-07-15 09:00:00,5129,DCNN,710,18.0,13.6,15.5,75.6,,,,270.0,6.0,2000.0,,,,,,00,6,6,6,,,,6,6,6,,,,,,6,,,K,A,,,,,,,,2014-08-26 11:59:48,0.0
2014-07-16 09:00:00,5129,DCNN,710,19.5,12.6,15.6,64.4,,,,210.0,8.0,2000.0,,,,,,00,6,6,6,,,,6,6,6,,,,,,6,,,K,A,,,,,,,,2014-08-26 11:59:48,0.0
2014-07-17 09:00:00,5129,DCNN,710,20.5,15.5,17.5,73.0,,,,160.0,6.0,1000.0,,,,,,00,6,6,6,,,,6,6,6,,,,,,6,,,K,A,,,,,,,,2014-08-26 11:59:48,0.0
2014-07-18 09:00:00,5129,DCNN,710,21.5,18.3,19.5,82.1,,,,160.0,10.0,400.0,,,,,,01,6,6,6,,,,6,6,6,,,,,,6,,,K,A,,,,,,,,2014-08-26 11:59:48,0.0
2014-07-19 09:00:00,5129,DCNN,710,20.6,18.7,19.4,88.9,,,,110.0,10.0,400.0,,,,,,02,6,6,6,,,,6,6,6,,,,,,6,,,K,A,,,,,,,,2014-08-26 11:59:48,0.0
2014-07-20 09:00:00,5129,DCNN,710,19.0,16.5,17.5,85.5,,,,320.0,8.0,400.0,,,,,,00,6,6,6,,,,6,6,6,,,,,,6,,,K,A,,,,,,,,2014-08-26 11:59:48,0.0
2014-07-21 09:00:00,5129,DCNN,710,18.5,15.1,16.5,80.7,,,,340.0,10.0,400.0,,,,,,00,6,6,6,,,,6,6,6,,,,,,6,,,K,A,,,,,,,,2014-08-26 11:59:48,0.0
2014-07-22 09:00:00,5129,DCNN,710,17.0,,,,,,,50.0,,,,,,,,00,6,,,,,,6,,,,,,,,6,,,,A,,,,,,,,2014-08-26 11:59:48,0.0
2014-07-23 09:00:00,5129,DCNN,710,18.0,,,,,,,50.0,,,,,,,,00,6,,,,,,6,,,,,,,,6,,,,A,,,,,,,,2014-08-26 11:59:48,0.0
2014-07-24 09:00:00,5129,DCNN,710,19.0,,,,,,,50.0,,,,,,,,00,6,,,,,,6,,,,,,,,6,,,,A,,,,,,,,2014-08-26 11:59:48,0.0
2014-07-25 09:00:00,5129,DCNN,710,20.0,,,,,,,20.0,,,,,,,,00,6,,,,,,6,,,,,,,,6,,,,A,,,,,,,,2014-08-26 11:59:48,0.0
2014-07-26 09:00:00,5129,DCNN,710,20.0,14.9,17.0,72.6,,,,20.0,7.0,1000.0,,,,,,00,6,6,6,,,,6,6,6,,,,,,6,,,K,A,,,,,,,,2014-08-26 11:59:48,0.0
2014-07-27 09:00:00,5129,DCNN,710,19.5,12.4,15.5,63.6,,,,360.0,10.0,4000.0,,,,,,00,6,6,6,,,,6,6,6,,,,,,6,,,K,A,,,,,,,,2014-08-26 11:59:49,0.0
2014-07-28 09:00:00,5129,DCNN,710,14.8,,,,,,,20.0,2.0,400.0,,,,,,02,6,,,,,,6,6,6,,,,,,6,,K,,A,,,,,,,,2014-08-27 13:36:00,0.0
2014-07-29 09:00:00,5129,DCNN,710,17.5,,,,,,,320.0,,,,,,,,00,6,,,,,,6,,,,,,,,6,,,,A,,,,,,,,2014-08-26 11:59:49,0.0
2014-07-30 09:00:00,5129,DCNN,710,16.5,,,,,,,290.0,,,,,,,,00,6,,,,,,6,,,,,,,,6,,,,A,,,,,,,,2014-08-26 11:59:49,0.0
2014-07-31 09:00:00,5129,DCNN,710,17.5,,,,,,,230.0,,,,,,,,00,6,,,,,,6,,,,,,,,6,,,,A,,,,,,,,2014-08-26 11:59:49,0.0
2014-08-01 09:00:00,5129,DCNN,710,19.0,,,,,,,180.0,,,,,,,,00,6,,,,,,6,,,,,,,,6,,,,A,,,,,,,,2014-09-16 15:55:46,0.0
2014-08-02 09:00:00,5129,DCNN,710,17.5,,,,,,,210.0,,,,,,,,00,6,,,,,,6,,,,,,,,6,,,,A,,,,,,,,2014-09-16 15:55:46,0.0
2014-08-03 09:00:00,5129,DCNN,710,18.0,,,,,,,180.0,,,,,,,,00,6,,,,,,6,,,,,,,,6,,,,A,,,,,,,,2014-09-16 15:55:46,0.0
2014-08-04 09:00:00,5129,DCNN,710,17.5,12.1,14.5,70.6,,,,230.0,6.0,2000.0,,,,,,00,6,6,6,,,,6,6,6,,,,,,6,,,K,A,,,,,,,,2014-09-16 15:55:46,0.0
2014-08-05 09:00:00,5129,DCNN,710,17.5,13.5,15.2,77.2,,,,210.0,8.0,2000.0,,,,,,00,6,6,6,,,,6,6,6,,,,,,6,,,K,A,,,,,,,,2014-09-16 15:55:46,0.0
2014-08-06 09:00:00,5129,DCNN,710,17.9,16.2,16.9,90.0,,,,210.0,6.0,2000.0,,,,,,01,6,6,6,,,,6,6,6,,,,,,6,,,K,A,,,,,,,,2014-09-16 15:55:46,0.0
2014-08-07 09:00:00,5129,DCNN,710,18.1,14.5,16.0,79.5,,,,210.0,6.0,1000.0,,,,,,00,6,6,6,,,,6,6,6,,,,,,6,,,K,A,,,,,,,,2014-09-16 15:55:46,0.0
2014-08-08 09:00:00,5129,DCNN,710,19.5,16.7,17.8,83.9,,,,140.0,6.0,400.0,,,,,,00,6,6,6,,,,6,6,6,,,,,,6,,,K,A,,,,,,,,2014-09-16 15:55:46,0.0
2014-08-09 09:00:00,5129,DCNN,710,16.0,12.4,14.0,79.1,,,,270.0,10.0,1000.0,,,,,,01,6,6,6,,,,6,6,6,,,,,,6,,,K,A,,,,,,,,2014-09-16 15:55:46,0.0
2014-08-10 09:00:00,5129,DCNN,710,16.9,16.1,16.4,94.8,,,,160.0,14.0,400.0,,,,,,02,6,6,6,,,,6,6,6,,,,,,6,,,K,A,,,,,,,,2014-09-16 15:55:46,0.0
2014-08-11 09:00:00,5129,DCNN,710,16.0,10.4,13.0,69.2,,,,230.0,15.0,2000.0,,,,,,00,6,6,6,,,,6,6,6,,,,,,6,,,K,A,,,,,,,,2014-09-16 15:55:46,0.0
2014-08-12 09:00:00,5129,DCNN,710,15.0,9.2,12.0,68.2,,,,230.0,8.0,1000.0,,,,,,00,6,6,6,,,,6,6,6,,,,,,6,,,K,A,,,,,,,,2014-09-16 15:55:46,0.0
2014-08-13 09:00:00,5129,DCNN,710,14.5,11.7,13.0,83.4,,,,270.0,10.0,2000.0,,,,,,01,6,6,6,,,,6,6,6,,,,,,6,,,K,A,,,,,,,,2014-09-16 15:55:46,0.0
2014-08-14 09:00:00,5129,DCNN,710,14.5,12.7,13.5,88.9,,,,230.0,6.0,2000.0,,,,,,01,6,6,6,,,,6,6,6,,,,,,6,,,K,A,,,,,,,,2014-09-16 15:55:46,0.0
2014-08-15 09:00:00,5129,DCNN,710,14.0,12.2,13.0,88.7,,,,360.0,4.0,400.0,,,,,,01,6,6,6,,,,6,6,6,,,,,,6,,,K,A,,,,,,,,2014-09-16 15:55:46,0.0
2014-08-16 09:00:00,5129,DCNN,710,15.0,9.4,12.1,69.2,,,,320.0,7.0,2000.0,,,,,,00,6,6,6,,,,6,6,6,,,,,,6,,,K,A,,,,,,,,2014-09-16 15:55:46,0.0
2014-08-17 09:00:00,5129,DCNN,710,14.5,10.9,12.6,79.1,,,,250.0,12.0,2000.0,,,,,,00,6,6,6,,,,6,6,6,,,,,,6,,,K,A,,,,,,,,2014-09-16 15:55:46,0.0
2014-08-18 09:00:00,5129,DCNN,710,12.8,8.2,10.5,73.4,,,,320.0,10.0,2000.0,,,,,,00,6,6,6,,,,6,6,6,,,,,,6,,,K,A,,,,,,,,2014-09-16 15:55:46,0.0
2014-08-19 09:00:00,5129,DCNN,710,12.5,6.2,9.5,65.4,,,,320.0,10.0,2000.0,,,,,,00,6,6,6,,,,6,6,6,,,,,,6,,,K,A,,,,,,,,2014-09-16 15:55:46,0.0
2014-08-20 09:00:00,5129,DCNN,710,12.5,7.4,10.0,70.9,,,,360.0,6.0,2000.0,,,,,,00,6,6,6,,,,6,6,6,,,,,,6,,,K,A,,,,,,,,2014-09-16 15:55:46,0.0
2014-08-21 09:00:00,5129,DCNN,710,11.5,7.4,9.5,75.8,,,,230.0,7.0,2000.0,,,,,,00,6,6,6,,,,6,6,6,,,,,,6,,,K,A,,,,,,,,2014-09-16 15:55:46,0.0
2014-08-22 09:00:00,5129,DCNN,710,13.5,10.7,12.0,82.9,,,,290.0,10.0,2000.0,,,,,,00,6,6,6,,,,6,6,6,,,,,,6,,,K,A,,,,,,,,2014-09-16 15:55:46,0.0
2014-08-23 09:00:00,5129,DCNN,710,12.5,7.4,10.0,70.9,,,,320.0,7.0,4000.0,,,,,,00,6,6,6,,,,6,6,6,,,,,,6,,,K,A,,,,,,,,2014-09-16 15:55:46,0.0
2014-08-24 09:00:00,5129,DCNN,710,11.5,8.5,10.0,81.7,,,,230.0,2.0,2000.0,,,,,,00,6,6,6,,,,6,6,6,,,,,,6,,,K,A,,,,,,,,2014-09-16 15:55:46,0.0
2014-08-25 09:00:00,5129,DCNN,710,14.0,13.6,13.8,97.7,,,,140.0,10.0,200.0,,,,,,02,6,6,6,,,,6,6,6,,,,,,6,,,K,A,,,,,,,,2014-09-17 07:45:46,0.0
2014-08-26 09:00:00,5129,DCNN,710,15.0,14.1,14.5,94.5,,,,70.0,8.0,200.0,,,,,,01,6,6,6,,,,6,6,6,,,,,,6,,,K,A,,,,,,,,2014-09-16 15:55:46,0.0
2014-08-27 09:00:00,5129,DCNN,710,14.1,12.1,13.0,87.6,,,,110.0,6.0,1000.0,,,,,,00,6,6,6,,,,6,6,6,,,,,,6,,,K,A,,,,,,,,2014-09-16 15:55:46,0.0
2014-08-28 09:00:00,5129,DCNN,710,16.6,16.3,16.4,97.9,,,,250.0,10.0,200.0,,,,,,02,6,6,6,,,,6,6,6,,,,,,6,,,K,A,,,,,,,,2014-09-16 15:55:46,0.0
2014-08-29 09:00:00,5129,DCNN,710,16.5,12.0,14.0,74.5,,,,230.0,10.0,1000.0,,,,,,00,6,6,6,,,,6,6,6,,,,,,6,,,K,A,,,,,,,,2014-09-16 15:55:46,0.0
2014-08-30 09:00:00,5129,DCNN,710,14.5,9.0,11.7,69.7,,,,230.0,10.0,2000.0,,,,,,01,6,6,6,,,,6,6,6,,,,,,6,,,K,A,,,,,,,,2014-09-16 15:55:46,0.0
2014-08-31 09:00:00,5129,DCNN,710,13.5,10.7,12.0,82.9,,,,320.0,6.0,1000.0,,,,,,00,6,6,6,,,,6,6,6,,,,,,6,,,K,A,,,,,,,,2014-09-16 15:55:46,0.0
2014-09-01 09:00:00,5129,DCNN,710,14.9,13.1,13.9,89.0,,,,230.0,8.0,200.0,,,,,,01,6,6,6,,,,6,6,6,,,,,,6,,,K,A,,,,,,,,2014-10-13 14:52:02,0.0
2014-09-02 09:00:00,5129,DCNN,710,15.0,12.1,13.4,82.6,,,,90.0,10.0,1000.0,,,,,,01,6,6,6,,,,6,6,6,,,,,,6,,,K,A,,,,,,,,2014-10-13 14:52:02,0.0
2014-09-03 09:00:00,5129,DCNN,710,17.0,15.3,16.0,89.7,,,,70.0,7.0,400.0,,,,,,00,6,6,6,,,,6,6,6,,,,,,6,,,K,A,,,,,,,,2014-10-13 14:52:02,0.0
2014-09-04 09:00:00,5129,DCNN,710,15.5,13.7,14.5,89.3,,,,50.0,8.0,200.0,,,,,,00,6,6,6,,,,6,6,6,,,,,,6,,,K,A,,,,,,,,2014-10-13 14:52:02,0.0
2014-09-05 09:00:00,5129,DCNN,710,17.5,13.7,15.3,78.2,,,,50.0,6.0,400.0,,,,,,00,6,6,6,,,,6,6,6,,,,,,6,,,K,A,,,,,,,,2014-10-13 14:52:02,0.0
2014-09-06 09:00:00,5129,DCNN,710,16.8,13.6,15.0,81.6,,,,320.0,2.0,200.0,,,,,,00,6,6,6,,,,6,6,6,,,,,,6,,,K,A,,,,,,,,2014-10-13 14:52:02,0.0
2014-09-07 09:00:00,5129,DCNN,710,13.9,10.1,11.9,77.7,,,,20.0,7.0,1000.0,,,,,,00,6,6,6,,,,6,6,6,,,,,,6,,,K,A,,,,,,,,2014-10-13 14:52:02,0.0
2014-09-08 09:00:00,5129,DCNN,710,12.5,10.6,11.5,88.1,,,,20.0,8.0,400.0,,,,,,00,6,6,6,,,,6,6,6,,,,,,6,,,K,A,,,,,,,,2014-10-13 14:52:02,0.0
2014-09-09 09:00:00,5129,DCNN,710,13.8,11.4,12.5,85.3,,,,110.0,6.0,400.0,,,,,,00,6,6,6,,,,6,6,6,,,,,,6,,,K,A,,,,,,,,2014-10-13 14:52:02,0.0
2014-09-10 09:00:00,5129,DCNN,710,14.0,11.2,12.5,83.2,,,,50.0,2.0,1000.0,,,,,,00,6,6,6,,,,6,6,6,,,,,,6,,,K,A,,,,,,,,2014-10-13 14:52:02,0.0
2014-09-11 09:00:00,5129,DCNN,710,13.0,,,,,,,50.0,,,,,,,,00,6,,,,,,6,,,,,,,,6,,,,A,,,,,,,,2014-10-13 14:52:02,0.0
2014-09-12 09:00:00,5129,DCNN,710,15.0,,,,,,,50.0,,,,,,,,00,6,,,,,,6,,,,,,,,6,,,,A,,,,,,,,2014-10-13 14:52:02,0.0
2014-09-13 09:00:00,5129,DCNN,710,14.5,,,,,,,50.0,,200.0,,,,,,00,6,,,,,,6,,6,,,,,,6,,,,A,,,,,,,,2014-10-13 14:52:02,0.0
2014-09-14 09:00:00,5129,DCNN,710,16.0,,,,,,,70.0,,,,,,,,00,6,,,,,,6,,,,,,,,6,,,,A,,,,,,,,2014-10-13 14:52:02,0.0
2014-09-15 09:00:00,5129,DCNN,710,15.0,,,,,,,50.0,,,,,,,,00,6,,,,,,6,,,,,,,,6,,,,A,,,,,,,,2014-10-13 14:52:02,0.0
2014-09-16 09:00:00,5129,DCNN,710,19.0,,,,,,,90.0,,200.0,,,,,,00,6,,,,,,6,,6,,,,,,6,,,,A,,,,,,,,2014-10-13 14:52:02,0.0
2014-09-17 09:00:00,5129,DCNN,710,17.0,,,,,,,70.0,,,,,,,,00,6,,,,,,6,,,,,,,,6,,,,A,,,,,,,,2014-10-13 14:52:02,0.0
2014-09-18 09:00:00,5129,DCNN,710,16.5,,,,,,,50.0,3.0,200.0,,,,,,00,6,,,,,,6,6,6,,,,,,6,,,,A,,,,,,,,2014-10-13 14:52:02,0.0
2014-09-19 09:00:00,5129,DCNN,710,17.2,16.0,16.5,92.8,,,,50.0,2.0,200.0,,,,,,01,6,6,6,,,,6,6,6,,,,,,6,,,K,A,,,,,,,,2014-10-13 14:52:02,0.0
2014-09-20 09:00:00,5129,DCNN,710,16.5,-23.0,6.0,5.1,,,,50.0,4.0,400.0,,,,,,02,6,6,6,,,,6,6,6,,,,,,6,,,K,A,,,,,,,,2014-10-13 14:52:02,0.0
2014-09-21 09:00:00,5129,DCNN,710,13.5,9.6,11.5,77.3,,,,20.0,10.0,1000.0,,,,,,00,6,6,6,,,,6,6,6,,,,,,6,,,K,A,,,,,,,,2014-10-13 14:52:02,0.0
2014-09-22 09:00:00,5129,DCNN,710,10.0,6.8,8.5,80.6,,,,340.0,2.0,200.0,,,,,,00,6,6,6,,,,6,6,6,,,,,,6,,,K,A,,,,,,,,2014-10-13 14:52:02,0.0
2014-09-23 09:00:00,5129,DCNN,710,10.6,8.6,9.6,87.3,,,,210.0,4.0,200.0,,,,,,00,6,6,6,,,,6,6,6,,,,,,6,,,K,A,,,,,,,,2014-10-13 14:52:02,0.0
2014-09-24 09:00:00,5129,DCNN,710,12.5,11.6,12.0,94.0,,,,270.0,6.0,200.0,,,,,,01,6,6,6,,,,6,6,6,,,,,,6,,,K,A,,,,,,,,2014-10-13 14:52:02,0.0
2014-09-25 09:00:00,5129,DCNN,710,10.0,6.8,8.5,80.6,,,,210.0,6.0,1000.0,,,,,,00,6,6,6,,,,6,6,6,,,,,,6,,,K,A,,,,,,,,2014-10-13 14:52:02,0.0
2014-09-26 09:00:00,5129,DCNN,710,16.0,14.1,14.9,88.3,,,,250.0,8.0,2000.0,,,,,,00,6,6,6,,,,6,6,6,,,,,,6,,,K,A,,,,,,,,2014-10-13 14:52:02,0.0
2014-09-27 09:00:00,5129,DCNN,710,14.0,12.0,12.9,87.6,,,,340.0,2.0,1000.0,,,,,,00,6,6,6,,,,6,6,6,,,,,,6,,,K,A,,,,,,,,2014-10-13 14:52:02,0.0
2014-09-28 09:00:00,5129,DCNN,710,16.6,14.9,15.6,89.6,,,,90.0,2.0,200.0,,,,,,00,6,6,6,,,,6,6,6,,,,,,6,,,K,A,,,,,,,,2014-10-13 14:52:02,0.0
2014-09-29 09:00:00,5129,DCNN,710,14.5,12.7,13.5,88.9,,,,0.0,0.0,200.0,,,,,,00,6,6,6,,,,6,6,6,,,,,,6,,,K,A,,,,,,,,2014-10-13 14:52:02,0.0
2014-09-30 09:00:00,5129,DCNN,710,16.5,13.7,14.9,83.4,,,,230.0,5.0,1000.0,,,,,,00,6,6,6,,,,6,6,6,,,,,,6,,,K,A,,,,,,,,2014-10-13 14:52:02,0.0
2014-10-01 09:00:00,5129,DCNN,710,15.5,13.0,14.1,85.0,,,,230.0,2.0,1000.0,,,,,,00,6,6,6,,,,6,6,6,,,,,,6,,,K,A,,,,,,,,2014-11-24 14:51:03,0.0
2014-10-02 09:00:00,5129,DCNN,710,15.0,12.3,13.5,83.7,,,,110.0,6.0,1000.0,,,,,,00,6,6,6,,,,6,6,6,,,,,,6,,,K,A,,,,,,,,2014-11-24 14:51:03,0.0
2014-10-03 09:00:00,5129,DCNN,710,13.1,12.9,13.0,98.8,,,,210.0,6.0,20.0,,,,,,00,6,6,6,,,,6,6,6,,,,,,6,,,K,A,,,,,,,,2014-11-24 14:51:03,0.0
2014-10-04 09:00:00,5129,DCNN,710,16.5,13.9,15.0,84.5,,,,210.0,8.0,1000.0,,,,,,00,6,6,6,,,,6,6,6,,,,,,6,,,K,A,,,,,,,,2014-11-24 14:51:03,0.0
2014-10-05 09:00:00,5129,DCNN,710,7.5,5.3,6.5,85.6,,,,160.0,4.0,1000.0,,,,,,00,6,6,6,,,,6,6,6,,,,,,6,,,K,A,,,,,,,,2014-11-24 14:51:03,0.0
2014-10-06 09:00:00,5129,DCNN,710,12.0,6.8,9.5,70.4,,,,210.0,14.0,1000.0,,,,,,01,6,6,6,,,,6,6,6,,,,,,6,,,K,A,,,,,,,,2014-11-24 14:51:03,0.0
2014-10-07 09:00:00,5129,DCNN,710,8.9,6.8,7.9,86.4,,,,250.0,12.0,2000.0,,,,,,01,6,6,6,,,,6,6,6,,,,,,6,,,K,A,,,,,,,,2014-11-24 14:51:03,0.0
2014-10-08 09:00:00,5129,DCNN,710,11.6,10.8,11.2,95.1,,,,180.0,8.0,400.0,,,,,,02,6,6,6,,,,6,6,6,,,,,,6,,,K,A,,,,,,,,2014-11-24 14:51:03,0.0
2014-10-09 09:00:00,5129,DCNN,710,14.5,8.6,11.5,67.6,,,,230.0,15.0,1000.0,,,,,,01,6,6,6,,,,6,6,6,,,,,,6,,,K,A,,,,,,,,2014-11-24 14:51:03,0.0
2014-10-10 09:00:00,5129,DCNN,710,10.0,9.0,9.5,93.5,,,,210.0,6.0,1000.0,,,,,,01,6,6,6,,,,6,6,6,,,,,,6,,,K,A,,,,,,,,2014-11-24 14:51:03,0.0
2014-10-11 09:00:00,5129,DCNN,710,12.0,11.1,11.5,93.9,,,,230.0,4.0,400.0,,,,,,02,6,6,6,,,,6,6,6,,,,,,6,,,K,A,,,,,,,,2014-11-24 14:51:03,0.0
2014-10-12 09:00:00,5129,DCNN,710,7.5,6.4,7.0,92.8,,,,50.0,4.0,400.0,,,,,,00,6,6,6,,,,6,6,6,,,,,,6,,,K,A,,,,,,,,2014-11-24 14:51:03,0.0
2014-10-13 09:00:00,5129,DCNN,710,11.1,10.7,10.9,97.4,,,,20.0,12.0,1000.0,,,,,,02,6,6,6,,,,6,6,6,,,,,,6,,,K,A,,,,,,,,2014-11-24 14:51:03,0.0
2014-10-14 09:00:00,5129,DCNN,710,12.0,11.1,11.5,93.9,,,,360.0,4.0,400.0,,,,,,01,6,6,6,,,,6,6,6,,,,,,6,,,K,A,,,,,,,,2014-11-24 14:51:03,0.0
2014-10-15 09:00:00,5129,DCNN,710,12.0,11.1,11.5,93.9,,,,90.0,7.0,200.0,,,,,,01,6,6,6,,,,6,6,6,,,,,,6,,,K,A,,,,,,,,2014-11-24 14:51:03,0.0
2014-10-16 09:00:00,5129,DCNN,710,12.5,11.6,12.0,94.0,,,,250.0,10.0,1000.0,,,,,,01,6,6,6,,,,6,6,6,,,,,,6,,,K,A,,,,,,,,2014-11-24 14:51:03,0.0
2014-10-17 09:00:00,5129,DCNN,710,14.5,13.6,14.0,94.4,,,,210.0,7.0,1000.0,,,,,,01,6,6,6,,,,6,6,6,,,,,,6,,,K,A,,,,,,,,2014-11-24 14:51:03,0.0
2014-10-18 09:00:00,5129,DCNN,710,17.5,14.8,15.9,84.0,,,,210.0,12.0,1000.0,,,,,,01,6,6,6,,,,6,6,6,,,,,,6,,,K,A,,,,,,,,2014-11-24 14:51:03,0.0
2014-10-19 09:00:00,5129,DCNN,710,15.0,13.4,14.1,90.1,,,,230.0,10.0,1000.0,,,,,,01,6,6,6,,,,6,6,6,,,,,,6,,,K,A,,,,,,,,2014-11-24 14:51:03,0.0
2014-10-20 09:00:00,5129,DCNN,710,12.5,10.6,11.5,88.1,,,,270.0,10.0,1000.0,,,,,,00,6,6,6,,,,6,6,6,,,,,,6,,,K,A,,,,,,,,2014-11-24 14:51:03,0.0
2014-10-21 09:00:00,5129,DCNN,710,14.0,10.2,12.0,77.7,,,,270.0,20.0,1000.0,,,,,,01,6,6,6,,,,6,6,6,,,,,,6,,,K,A,,,,,,,,2014-11-24 14:51:03,0.0
2014-10-22 09:00:00,5129,DCNN,710,8.0,4.6,6.5,79.0,,,,270.0,10.0,1000.0,,,,,,00,6,6,6,,,,6,6,6,,,,,,6,,,K,A,,,,,,,,2014-11-24 14:51:03,0.0
2014-10-23 09:00:00,5129,DCNN,710,12.5,8.5,10.5,76.6,,,,270.0,10.0,1000.0,,,,,,00,6,6,6,,,,6,6,6,,,,,,6,,,K,A,,,,,,,,2014-11-24 14:51:03,0.0
2014-10-24 09:00:00,5129,DCNN,710,13.5,12.8,13.1,95.3,,,,250.0,4.0,1000.0,,,,,,02,6,6,6,,,,6,6,6,,,,,,6,,,K,A,,,,,,,,2014-11-24 14:51:03,0.0
2014-10-25 09:00:00,5129,DCNN,710,9.0,8.0,8.5,93.2,,,,230.0,2.0,2000.0,,,,,,01,6,6,6,,,,6,6,6,,,,,,6,,,K,A,,,,,,,,2014-11-24 14:51:03,0.0
2014-10-26 09:00:00,5129,DCNN,710,13.0,9.1,11.0,77.0,,,,210.0,10.0,2000.0,,,,,,00,6,6,6,,,,6,6,6,,,,,,6,,,K,A,,,,,,,,2014-11-24 14:51:03,0.0
2014-10-27 09:00:00,5129,DCNN,710,14.7,11.6,13.0,81.4,,,,210.0,15.0,1000.0,,,,,,00,6,6,6,,,,6,6,6,,,,,,6,,,K,A,,,,,,,,2014-11-24 14:51:03,0.0
2014-10-28 09:00:00,5129,DCNN,710,13.5,11.6,12.5,88.5,,,,180.0,8.0,1000.0,,,,,,00,6,6,6,,,,6,6,6,,,,,,6,,,K,A,,,,,,,,2014-11-24 14:51:03,0.0
2014-10-29 09:00:00,5129,DCNN,710,12.0,11.1,11.5,93.9,,,,90.0,6.0,1000.0,,,,,,00,6,6,6,,,,6,6,6,,,,,,6,,,K,A,,,,,,,,2014-11-24 14:51:03,0.0
2014-10-30 09:00:00,5129,DCNN,710,15.1,14.6,14.8,96.7,,,,180.0,7.0,200.0,,,,,,01,6,6,6,,,,6,6,6,,,,,,6,,,K,A,,,,,,,,2014-11-24 14:51:03,0.0
2014-10-31 09:00:00,5129,DCNN,710,14.5,13.6,14.0,94.4,,,,160.0,8.0,200.0,,,,,,00,6,6,6,,,,6,6,6,,,,,,6,,,K,A,,,,,,,,2014-11-24 14:51:03,0.0
2014-11-01 09:00:00,5129,DCNN,710,13.4,10.8,12.0,83.9,,,,230.0,6.0,1000.0,,,,,,01,6,6,6,,,,6,6,6,,,,,,6,,,K,A,,,,,,,,2014-12-19 10:51:07,0.0
2014-11-02 09:00:00,5129,DCNN,710,13.5,12.4,12.9,93.0,,,,210.0,10.0,400.0,,,,,,02,6,6,6,,,,6,6,6,,,,,,6,,,K,A,,,,,,,,2014-12-19 10:51:07,0.0
2014-11-03 09:00:00,5129,DCNN,710,9.0,7.1,8.1,87.8,,,,210.0,7.0,2000.0,,,,,,02,6,6,6,,,,6,6,6,,,,,,6,,,K,A,,,,,,,,2014-12-19 10:51:07,0.0
2014-11-04 09:00:00,5129,DCNN,710,5.0,4.5,4.8,96.7,,,,230.0,2.0,200.0,,,,,,01,6,6,6,,,,6,6,6,,,,,,6,,,K,A,,,,,,,,2014-12-19 10:51:07,0.0
2014-11-05 09:00:00,5129,DCNN,710,6.0,4.8,5.5,92.3,,,,320.0,7.0,400.0,,,,,,01,6,6,6,,,,6,6,6,,,,,,6,,,K,A,,,,,,,,2014-12-19 10:51:07,0.0
2014-11-06 09:00:00,5129,DCNN,710,4.0,2.8,3.5,91.6,,,,160.0,10.0,200.0,,,,,,00,6,6,6,,,,6,6,6,,,,,,6,,,K,A,,,,,,,,2014-12-19 10:51:07,0.0
2014-11-07 09:00:00,5129,DCNN,710,11.5,9.5,10.5,87.7,,,,230.0,12.0,1000.0,,,,,,02,6,6,6,,,,6,6,6,,,,,,6,,,K,A,,,,,,,,2014-12-19 10:51:07,0.0
2014-11-08 09:00:00,5129,DCNN,710,10.0,5.7,8.0,74.3,,,,180.0,14.0,1000.0,,,,,,00,6,6,6,,,,6,6,6,,,,,,6,,,K,A,,,,,,,,2014-12-19 10:51:07,0.0
2014-11-09 09:00:00,5129,DCNN,710,8.0,6.9,7.5,92.9,,,,210.0,2.0,200.0,,,,,,02,6,6,6,,,,6,6,6,,,,,,6,,,K,A,,,,,,,,2014-12-19 10:51:07,0.0
2014-11-10 09:00:00,5129,DCNN,710,8.1,6.8,7.5,91.6,,,,250.0,8.0,1000.0,,,,,,00,6,6,6,,,,6,6,6,,,,,,6,,,K,A,,,,,,,,2014-12-19 10:51:07,0.0
2014-11-11 09:00:00,5129,DCNN,710,10.9,6.9,9.0,76.4,,,,110.0,12.0,1000.0,,,,,,00,6,6,6,,,,6,6,6,,,,,,6,,,K,A,,,,,,,,2014-12-19 10:51:07,0.0
2014-11-12 09:00:00,5129,DCNN,710,10.5,8.7,9.6,88.5,,,,180.0,10.0,1000.0,,,,,,02,6,6,6,,,,6,6,6,,,,,,6,,,K,A,,,,,,,,2014-12-19 10:51:07,0.0
2014-11-13 09:00:00,5129,DCNN,710,11.0,9.0,10.0,87.4,,,,160.0,12.0,1000.0,,,,,,01,6,6,6,,,,6,6,6,,,,,,6,,,K,A,,,,,,,,2014-12-19 10:51:07,0.0
2014-11-14 09:00:00,5129,DCNN,710,11.4,10.6,11.0,95.0,,,,140.0,12.0,400.0,,,,,,02,6,6,6,,,,6,6,6,,,,,,6,,,K,A,,,,,,,,2014-12-19 10:51:07,0.0
2014-11-15 09:00:00,5129,DCNN,710,9.0,8.8,8.9,98.7,,,,0.0,0.0,20.0,,,,,,01,6,6,6,,,,6,6,6,,,,,,6,,,K,A,,,,,,,,2014-12-19 10:51:07,0.0
2014-11-16 09:00:00,5129,DCNN,710,9.5,8.5,9.0,93.3,,,,90.0,2.0,200.0,,,,,,01,6,6,6,,,,6,6,6,,,,,,6,,,K,A,,,,,,,,2014-12-19 10:51:07,0.0
2014-11-17 09:00:00,5129,DCNN,710,7.8,7.2,7.5,95.7,,,,110.0,3.0,200.0,,,,,,02,6,6,6,,,,6,6,6,,,,,,6,,,K,A,,,,,,,,2014-12-19 10:51:07,0.0
2014-11-18 09:00:00,5129,DCNN,710,7.5,6.4,7.0,92.8,,,,70.0,6.0,1000.0,,,,,,01,6,6,6,,,,6,6,6,,,,,,6,,,K,A,,,,,,,,2014-12-19 10:51:07,0.0
2014-11-19 09:00:00,5129,DCNN,710,8.5,7.4,8.0,93.1,,,,110.0,2.0,200.0,,,,,,01,6,6,6,,,,6,6,6,,,,,,6,,,K,A,,,,,,,,2014-12-19 10:51:07,0.0
2014-11-20 09:00:00,5129,DCNN,710,7.5,6.4,7.0,92.8,,,,90.0,8.0,200.0,,,,,,01,6,6,6,,,,6,6,6,,,,,,6,,,K,A,,,,,,,,2014-12-19 10:51:07,0.0
2014-11-21 09:00:00,5129,DCNN,710,7.5,5.3,6.5,85.6,,,,90.0,10.0,200.0,,,,,,00,6,6,6,,,,6,6,6,,,,,,6,,,K,A,,,,,,,,2014-12-19 10:51:07,0.0
2014-11-22 09:00:00,5129,DCNN,710,12.1,11.7,11.9,97.6,,,,160.0,6.0,100.0,,,,,,02,6,6,6,,,,6,6,6,,,,,,6,,,K,A,,,,,,,,2014-12-19 10:51:07,0.0
2014-11-23 09:00:00,5129,DCNN,710,8.0,7.1,7.6,94.3,,,,360.0,8.0,400.0,,,,,,02,6,6,6,,,,6,6,6,,,,,,6,,,K,A,,,,,,,,2014-12-19 10:51:07,0.0
2014-11-24 09:00:00,5129,DCNN,710,2.0,0.7,1.5,90.8,,,,360.0,2.0,1000.0,,,,,,04,6,6,6,,,,6,6,6,,,,,,6,,,K,A,,,,,,,,2014-12-19 10:51:07,0.0
2014-11-25 09:00:00,5129,DCNN,710,4.0,2.8,3.5,91.6,,,,50.0,10.0,1000.0,,,,,,01,6,6,6,,,,6,6,6,,,,,,6,,,K,A,,,,,,,,2014-12-19 10:51:07,0.0
2014-11-26 09:00:00,5129,DCNN,710,8.0,6.9,7.5,92.9,,,,0.0,0.0,100.0,,,,,,01,6,6,6,,,,6,6,6,,,,,,6,,,K,A,,,,,,,,2014-12-19 10:51:07,0.0
2014-11-27 09:00:00,5129,DCNN,710,8.1,7.9,8.0,98.6,,,,210.0,10.0,40.0,,,,,,01,6,6,6,,,,6,6,6,,,,,,6,,,K,A,,,,,,,,2014-12-19 10:51:07,0.0
2014-11-28 09:00:00,5129,DCNN,710,10.5,8.5,9.5,87.2,,,,90.0,8.0,200.0,,,,,,01,6,6,6,,,,6,6,6,,,,,,6,,,K,A,,,,,,,,2014-12-19 10:51:07,0.0
2014-11-29 09:00:00,5129,DCNN,710,9.8,8.2,9.0,89.4,,,,110.0,6.0,400.0,,,,,,01,6,6,6,,,,6,6,6,,,,,,6,,,K,A,,,,,,,,2014-12-19 10:51:07,0.0
2014-11-30 09:00:00,5129,DCNN,710,8.5,8.3,8.4,98.6,,,,320.0,7.0,200.0,,,,,,01,6,6,6,,,,6,6,6,,,,,,6,,,K,A,,,,,,,,2014-12-19 10:51:07,0.0
2014-12-01 09:00:00,5129,DCNN,710,7.0,3.5,5.5,78.1,,,,50.0,12.0,400.0,,,,,,00,6,6,6,,,,6,6,6,,,,,,6,,,K,A,,,,,,,,2015-01-16 11:42:28,0.0
2014-12-02 09:00:00,5129,DCNN,710,7.1,6.2,6.7,94.2,,,,360.0,16.0,400.0,,,,,,01,6,6,6,,,,6,6,6,,,,,,6,,,K,A,,,,,,,,2015-01-16 11:42:28,0.0
2014-12-03 09:00:00,5129,DCNN,710,3.9,1.6,3.0,84.9,,,,50.0,10.0,400.0,,,,,,00,6,6,6,,,,6,6,6,,,,,,6,,,K,A,,,,,,,,2015-01-16 11:42:28,0.0
2014-12-04 09:00:00,5129,DCNN,710,3.5,2.0,2.9,89.8,,,,50.0,10.0,200.0,,,,,,01,6,6,6,,,,6,6,6,,,,,,6,,,K,A,,,,,,,,2015-01-16 11:42:28,0.0
2014-12-05 09:00:00,5129,DCNN,710,3.0,1.7,2.5,91.2,,,,340.0,2.0,200.0,,,,,,01,6,6,6,,,,6,6,6,,,,,,6,,,K,A,,,,,,,,2015-01-16 11:42:28,0.0
2014-12-06 09:00:00,5129,DCNN,710,-0.5,-2.0,-1.0,89.3,,,,340.0,2.0,400.0,,,,,,04,6,6,6,,,,6,6,6,,,,,,6,,,K,A,,,,,,,,2015-01-16 11:42:28,0.0
2014-12-07 09:00:00,5129,DCNN,710,8.8,7.3,8.1,90.4,,,,230.0,14.0,1000.0,,,,,,01,6,6,6,,,,6,6,6,,,,,,6,,,K,A,,,,,,,,2015-01-16 11:42:28,0.0
2014-12-08 09:00:00,5129,DCNN,710,3.2,0.0,2.0,79.3,,,,270.0,12.0,2000.0,,,,,,01,6,6,6,,,,6,6,6,,,,,,6,,,K,A,,,,,,,,2015-01-16 11:42:28,0.0
2014-12-09 09:00:00,5129,DCNN,710,0.4,-0.7,0.0,92.1,,,,160.0,6.0,1000.0,,,,,,04,6,6,6,,,,6,6,6,,,,,,6,,,K,A,,,,,,,,2015-01-16 11:42:28,0.0
2014-12-10 09:00:00,5129,DCNN,710,5.6,1.3,3.9,73.8,,,,270.0,12.0,2000.0,,,,,,01,6,6,6,,,,6,6,6,,,,,,6,,,K,A,,,,,,,,2015-01-16 11:42:28,0.0
2014-12-11 09:00:00,5129,DCNN,710,6.5,2.4,4.8,74.8,,,,270.0,18.0,2000.0,,,,,,00,6,6,6,,,,6,6,6,,,,,,6,,,K,A,,,,,,,,2015-01-16 11:42:28,0.0
2014-12-12 09:00:00,5129,DCNN,710,7.9,6.4,7.2,90.1,,,,250.0,10.0,2000.0,,,,,,02,6,6,6,,,,6,6,6,,,,,,6,,,K,A,,,,,,,,2015-01-16 11:42:28,0.0
2014-12-13 09:00:00,5129,DCNN,710,0.0,,,,,,,50.0,6.0,400.0,,,,,,04,6,,,,,,6,6,6,,,,,,6,,,,A,,,,,,,,2015-01-16 11:42:28,0.0
2014-12-14 09:00:00,5129,DCNN,710,2.0,0.7,1.5,90.8,,,,210.0,8.0,1000.0,,,,,,04,6,6,6,,,,6,6,6,,,,,,6,,,K,A,,,,,,,,2015-01-16 11:42:28,0.0
2014-12-15 09:00:00,5129,DCNN,710,5.0,3.8,4.5,92.0,,,,230.0,8.0,1000.0,,,,,,01,6,6,6,,,,6,6,6,,,,,,6,,,K,A,,,,,,,,2015-01-16 11:42:28,0.0
2014-12-16 09:00:00,5129,DCNN,710,2.0,1.7,1.9,98.2,,,,270.0,2.0,400.0,,,,,,04,6,6,6,,,,6,6,6,,,,,,6,,,K,A,,,,,,,,2015-01-16 11:42:28,0.0
2014-12-17 09:00:00,5129,DCNN,710,10.5,9.5,10.0,93.5,,,,270.0,8.0,2000.0,,,,,,02,6,6,6,,,,6,6,6,,,,,,6,,,K,A,,,,,,,,2015-01-16 11:42:28,0.0
2014-12-18 09:00:00,5129,DCNN,710,12.5,10.6,11.5,88.1,,,,250.0,14.0,2000.0,,,,,,01,6,6,6,,,,6,6,6,,,,,,6,,,K,A,,,,,,,,2015-01-16 11:42:28,0.0
2014-12-19 09:00:00,5129,DCNN,710,8.0,4.6,6.5,79.0,,,,290.0,12.0,4000.0,,,,,,02,6,6,6,,,,6,6,6,,,,,,6,,,K,A,,,,,,,,2015-01-16 11:42:28,0.0
2014-12-20 09:00:00,5129,DCNN,710,6.5,2.9,5.0,77.8,,,,250.0,10.0,4000.0,,,,,,01,6,6,6,,,,6,6,6,,,,,,6,,,K,A,,,,,,,,2015-01-16 11:42:28,0.0
2014-12-21 09:00:00,5129,DCNN,710,7.0,5.9,6.5,92.6,,,,250.0,12.0,4000.0,,,,,,01,6,6,6,,,,6,6,6,,,,,,6,,,K,A,,,,,,,,2015-01-16 11:42:28,0.0
2014-12-22 09:00:00,5129,DCNN,710,12.6,7.5,10.1,71.1,,,,250.0,16.0,2000.0,,,,,,01,6,6,6,,,,6,6,6,,,,,,6,,,K,A,,,,,,,,2015-01-16 11:42:28,0.0
2014-12-23 09:00:00,5129,DCNN,710,11.5,6.2,9.0,69.9,,,,270.0,16.0,2000.0,,,,,,00,6,6,6,,,,6,6,6,,,,,,6,,,K,A,,,,,,,,2015-01-16 11:42:28,0.0
2014-12-24 09:00:00,5129,DCNN,710,8.5,4.2,6.6,74.1,,,,320.0,12.0,4000.0,,,,,,02,6,6,6,,,,6,6,6,,,,,,6,,,K,A,,,,,,,,2015-01-16 11:42:28,0.0
2014-12-25 09:00:00,5129,DCNN,710,4.0,,,,,,,320.0,,,,,,,,04,6,,,,,,6,,,,,,,,6,,,,A,,,,,,,,2015-01-16 11:42:28,0.0
2014-12-26 09:00:00,5129,DCNN,710,1.0,,,,,,,,,,,,,,,04,6,,,,,,,,,,,,,,6,,,,A,,,,,,,,2015-01-16 11:42:28,0.0
2014-12-27 09:00:00,5129,DCNN,710,3.0,0.1,1.9,80.9,,,,340.0,12.0,1000.0,,,,,,02,6,6,6,,,,6,6,6,,,,,,6,,,K,A,,,,,,,,2015-01-16 11:42:28,0.0
2014-12-28 09:00:00,5129,DCNN,710,1.5,-2.6,0.1,73.9,,,,50.0,8.0,1000.0,,,,,,01,6,6,6,,,,6,6,6,,,,,,6,,,K,A,,,,,,,,2015-01-16 11:42:28,0.0
2014-12-29 09:00:00,5129,DCNN,710,0.2,-1.2,-0.3,90.3,,,,320.0,6.0,1000.0,,,,,,04,6,6,6,,,,6,6,6,,,,,,6,,,K,A,,,,,,,,2015-01-16 11:42:28,0.0
2014-12-30 09:00:00,5129,DCNN,710,-2.0,-2.9,-2.2,93.8,,,,160.0,2.0,200.0,,,,,,04,6,6,6,,,,6,6,6,,,,,,6,,,K,A,,,,,,,,2015-01-16 11:42:28,0.0
2014-12-31 09:00:00,5129,DCNN,710,-0.9,-1.3,-1.0,97.0,,,,230.0,2.0,200.0,,,,,,04,6,6,6,,,,6,6,6,,,,,,6,,,K,A,,,,,,,,2015-01-16 11:42:28,0.0
end data,,,,,,,,,,,,,,,,,,,,,,,,,,,,,,,,,,,,,,,,,,,,,,,
