met_day,air_temperature_mean,air_temperature_max,air_temperature_min,dewpoint_mean,dewpoint_max,dewpoint_min,wetb_temp_mean,wetb_temp_max,wetb_temp_min,rltv_hum_mean,rltv_hum_max,rltv_hum_min,msl_pressure_mean,stn_pres_mean,alt_pres_mean,wind_speed_mean,wind_speed_max,visibility_mean,visibility_min,q10mnt_mxgst_spd_max,cs_hr_sun_dur_sum,wmo_hr_sun_dur_sum,drv_hr_sun_dur_sum,snow_depth_max,air_temperature_q_max,dewpoint_q_max,wetb_temp_q_max,msl_pressure_q_max,stn_pres_q_max,alt_pres_q_max,wind_direction_q_max,wind_speed_q_max,visibility_q_max,q10mnt_mxgst_spd_q_max,cs_hr_sun_dur_q_max,wmo_hr_sun_dur_q_max,drv_hr_sun_dur_q_max,snow_depth_q_max,ground_state_id_q_max,wind_direction_circmean,ground_state_id_mode,station_count
2021-01-01,1.479,4.333,-0.783,0.649,3.383,-1.15,1.16,3.883,-0.917,93.942,97.283,89.867,1011.484,1004.199,,3.883,6.2,465.312,97.5,,0.0,0.0,0.067,,22.667,22.667,22.667,6.0,6.0,,26.0,26.0,6.0,,,6.0,1.0,,6.0,298.499,1.0,6
2021-01-02,3.206,4.8,0.817,1.058,3.2,-1.017,2.39,3.817,0.217,86.01,94.75,72.0,1015.804,1008.53,,4.642,7.0,2740.625,397.5,,0.0,0.25,0.717,,22.667,22.667,22.667,6.0,6.0,,26.0,26.0,6.0,,,6.0,1.0,,6.0,345.807,1.0,6
2021-01-03,3.3,5.583,0.8,1.455,2.583,-0.5,2.576,4.217,0.35,87.907,95.0,77.883,1017.433,1010.146,,5.458,8.2,2209.062,630.0,14.0,0.0,0.083,0.367,,22.667,22.667,22.667,6.0,6.0,,26.0,26.0,6.0,106.0,,6.0,1.0,,6.0,28.087,1.0,6
2021-01-04,3.687,4.833,2.8,1.171,2.283,-0.083,2.719,3.667,1.85,83.72,88.25,78.133,1019.221,1011.931,,8.867,11.6,3110.417,1275.0,25.0,0.0,0.0,0.05,,22.667,22.667,22.667,6.0,6.0,,26.0,26.0,6.0,31.0,,6.0,1.0,,6.0,30.595,1.0,6
2021-01-05,3.182,4.18,2.04,0.75,2.16,-0.24,2.264,3.28,1.26,84.157,89.54,80.12,1019.849,1012.548,,9.292,11.75,3026.354,1082.5,20.667,0.0,0.0,0.06,,26.0,26.0,26.0,6.0,6.0,,31.0,31.0,6.0,39.333,,6.0,1.0,,6.0,26.039,1.0,5
2021-01-06,3.242,5.26,0.6,1.072,2.44,-0.78,2.404,3.88,0.14,85.866,92.78,72.24,1019.359,1012.058,,6.323,10.0,2801.042,797.5,18.0,0.0,0.2,0.62,,26.0,26.0,26.0,6.0,6.0,,31.0,31.0,6.0,106.0,,6.0,1.0,,6.0,21.431,1.0,5
2021-01-07,0.359,2.56,-1.6,-1.012,0.08,-2.36,-0.146,1.52,-1.88,89.902,94.86,79.88,1018.431,1011.07,,4.948,6.75,743.646,367.5,,0.0,0.64,1.72,,26.0,26.0,26.0,6.0,6.0,,31.0,31.0,6.0,,,6.0,1.0,,6.0,288.389,1.0,5
2021-01-08,0.18,2.32,-1.46,-0.94,0.36,-2.12,-0.245,1.58,-1.7,91.318,95.0,86.12,1018.541,1011.173,,3.125,6.0,537.396,280.0,,0.0,0.0,0.36,,26.0,26.0,26.0,6.0,6.0,,31.0,31.0,6.0,,,6.0,1.0,,6.0,48.273,1.0,5
2021-01-09,0.354,3.24,-2.02,-0.646,0.56,-2.38,-0.017,2.18,-2.14,92.574,97.48,81.24,1026.217,1018.797,,2.854,5.75,533.367,14.0,,0.0,0.42,1.16,,26.0,26.0,26.0,6.0,6.0,,31.0,31.0,6.0,,,6.0,1.0,,6.0,338.04,1.0,5
2021-01-10,0.56,3.44,-2.12,-0.154,1.9,-2.34,0.285,2.84,-2.2,94.295,98.12,89.06,1026.027,1018.616,,4.969,7.0,491.521,24.0,,0.0,0.0,0.08,,26.0,26.0,26.0,6.0,6.0,,31.0,31.0,6.0,,,6.0,1.0,,6.0,263.762,1.0,5
2021-01-11,6.454,8.64,3.2,4.088,6.5,1.86,5.428,7.22,2.66,84.962,93.34,75.2,1017.805,1010.607,,10.885,17.5,3278.125,750.0,,0.0,0.0,0.44,,26.0,26.0,26.0,6.0,6.0,,31.0,31.0,6.0,,,6.0,1.0,,6.0,247.974,1.0,5
2021-01-12,6.056,8.9,1.95,4.31,7.717,0.25,5.322,8.35,1.483,88.775,96.35,77.117,1014.033,1006.865,,7.604,15.5,2526.042,550.0,24.333,0.0,0.0,0.183,,22.667,22.667,22.667,6.0,6.0,,31.0,31.0,6.0,39.333,,6.0,1.0,,6.0,308.232,2.0,6
2021-01-13,5.887,9.683,0.783,5.306,9.317,-0.1,5.651,9.483,0.483,96.22,98.883,88.383,1018.355,1011.154,,5.219,10.0,836.979,160.0,,0.0,0.0,0.05,,22.667,22.667,22.667,6.0,6.0,,31.0,31.0,6.0,,,6.0,1.0,,6.0,247.221,2.0,6
2021-01-14,5.424,9.333,2.533,4.722,8.9,1.083,5.135,9.117,2.05,95.221,98.85,89.017,1016.539,1009.347,,5.833,8.75,787.812,192.5,14.0,0.0,0.0,0.017,,22.667,22.667,22.667,6.0,6.0,,31.0,31.0,6.0,106.0,,6.0,1.0,,6.0,133.122,2.0,6
2021-01-15,1.44,3.75,-0.45,0.028,1.317,-1.333,0.911,2.733,-0.733,90.195,95.983,81.233,1029.628,1022.215,,3.531,7.25,1076.562,342.5,,0.0,0.117,0.25,,22.667,22.667,22.667,6.0,6.0,,31.0,31.0,6.0,,,6.0,1.0,,6.0,90.575,1.0,6
2021-01-16,4.819,7.95,0.8,2.98,6.6,-1.733,4.083,7.267,0.417,88.079,97.417,72.133,1020.03,1012.782,,7.052,11.75,2502.708,275.0,27.0,0.0,0.083,0.167,0.0,22.667,22.667,22.667,6.0,6.0,,31.0,31.0,6.0,6.0,,6.0,1.0,10006.0,2006.0,215.333,2.0,6
2021-01-17,5.35,7.583,2.45,1.929,3.5,0.883,3.967,5.433,1.967,78.888,92.1,65.933,1023.447,1016.179,,7.021,11.25,2829.167,1625.0,,0.0,0.4,1.4,,22.667,22.667,22.667,6.0,6.0,,31.0,31.0,6.0,,,6.0,1.0,,6.0,282.562,2.0,6
2021-01-18,5.009,8.283,1.65,3.397,7.117,0.733,4.325,7.767,1.333,89.468,96.333,79.417,1021.245,1013.995,,6.913,12.2,2438.75,772.5,20.0,0.0,0.0,0.267,,22.667,22.667,22.667,6.0,6.0,,26.0,26.0,6.0,56.0,,6.0,1.0,,6.0,224.125,1.0,6
2021-01-19,10.269,11.567,8.733,8.367,9.783,6.933,9.337,10.4,8.333,88.156,95.433,76.5,1004.139,997.121,,13.4,16.6,2539.896,467.5,27.4,0.0,0.0,0.1,,22.667,22.667,22.667,6.0,6.0,,26.0,26.0,6.0,26.0,,6.0,1.0,,6.0,226.381,1.0,6
2021-01-20,9.71,10.333,8.917,8.142,8.883,6.6,8.959,9.617,8.1,90.202,93.65,80.683,987.648,980.733,,13.858,17.2,1187.5,440.0,31.0,0.0,0.0,0.0,,22.667,22.667,22.667,6.0,6.0,,26.0,26.0,6.0,26.0,,6.0,1.0,,6.0,196.989,1.0,6
2021-01-21,6.053,8.35,3.65,2.179,4.95,0.683,4.474,6.017,2.683,76.782,88.667,64.5,984.666,977.692,,10.867,19.4,3942.708,1975.0,31.2,0.0,0.283,1.617,,22.667,22.667,22.667,6.0,6.0,,26.0,26.0,6.0,26.0,,6.0,1.0,,6.0,239.698,1.0,6
2021-01-22,3.623,7.617,0.25,1.094,3.05,-0.883,2.626,4.883,-0.117,84.328,95.033,59.367,992.166,985.085,,5.533,8.0,3432.292,1525.0,16.0,0.0,0.767,2.733,,22.667,22.667,22.667,6.0,6.0,,26.0,26.0,6.0,106.0,,6.0,1.0,,6.0,240.786,1.0,6
2021-01-23,1.47,4.083,-1.117,-0.203,2.367,-2.433,0.848,3.167,-1.5,88.569,97.7,74.333,995.594,988.429,,4.333,9.2,2788.854,285.0,,0.0,0.283,1.233,,22.667,22.667,22.667,6.0,6.0,,26.0,26.0,6.0,,,6.0,1.0,,6.0,282.981,4.0,6
2021-01-24,-0.015,1.583,-2.717,-1.106,0.733,-3.7,-0.413,1.233,-3.05,91.53,97.167,82.367,996.994,989.785,,4.258,7.6,2258.333,100.0,,0.0,0.0,0.05,4.0,22.667,22.667,22.667,6.0,6.0,,26.0,26.0,6.0,,,6.0,1.0,1006.0,6.0,241.535,4.0,6
2021-01-25,1.049,4.717,-2.333,-1.863,0.167,-4.3,-0.013,2.733,-2.95,80.203,91.617,67.267,1009.57,1002.288,,6.092,9.2,3027.083,1300.0,,0.0,1.033,3.767,2.0,22.667,22.667,22.667,6.0,6.0,,26.0,26.0,6.0,,,6.0,1.0,6.0,6.0,289.014,12.0,6
2021-01-26,2.539,6.25,-1.433,1.114,5.633,-3.033,1.983,5.983,-1.95,89.824,97.417,80.433,1015.797,1008.54,,5.0,10.4,2420.312,250.0,24.0,0.0,0.0,0.033,2.0,22.667,22.667,22.667,6.0,6.0,,26.0,26.0,6.0,6.0,,6.0,1.0,6.0,2006.0,211.207,1.0,6
2021-01-27,8.174,9.567,6.35,7.644,8.717,5.95,7.934,9.067,6.183,96.783,98.85,91.933,1011.015,1003.923,,4.058,7.0,857.5,110.0,,0.0,0.0,0.083,,22.667,22.667,22.667,6.0,6.0,,26.0,26.0,6.0,,,6.0,1.0,,6.0,235.423,1.0,6
2021-01-28,10.758,12.6,8.55,9.106,10.75,7.3,10.028,11.1,8.217,89.056,98.9,72.417,1001.542,994.57,,8.1,14.6,1934.062,255.0,20.5,0.0,0.167,0.7,,22.667,22.667,22.667,6.0,6.0,,26.0,26.0,6.0,56.0,,6.0,1.0,,6.0,227.836,1.0,6
2021-01-29,9.201,10.817,7.65,6.979,9.64,5.74,8.138,10.0,6.86,86.324,95.96,74.74,998.32,991.329,,8.783,13.8,2333.021,360.0,23.0,0.0,0.317,1.183,,22.667,26.0,26.0,6.0,6.0,,26.0,26.0,6.0,56.0,,6.0,1.0,,6.0,259.836,2.0,6
2021-01-30,5.042,7.467,3.167,3.492,5.74,0.12,4.392,6.64,2.36,89.877,96.02,76.54,997.728,990.646,,8.208,12.4,1256.562,345.0,23.8,0.0,0.0,0.0,,22.667,26.0,26.0,6.0,6.0,,26.0,26.0,6.0,26.0,,6.0,1.0,,6.0,97.03,1.0,6
2021-01-31,2.572,3.85,0.7,-0.309,2.74,-2.92,1.488,3.06,-0.54,82.032,96.96,70.3,997.785,990.628,,5.75,9.2,2225.938,175.0,,0.0,0.017,0.6,,22.667,26.0,26.0,6.0,6.0,,26.0,26.0,6.0,,,6.0,1.0,,6.0,82.019,3.0,6
2021-02-01,3.633,4.267,3.117,2.229,3.26,1.32,3.052,3.52,2.54,91.008,97.0,84.22,996.821,989.71,,4.258,6.4,826.979,197.5,,0.0,0.0,0.0,,22.667,26.0,26.0,6.0,6.0,,26.0,26.0,6.0,,,6.0,1.0,,6.0,19.962,1.0,6
2021-02-02,9.021,12.65,3.533,7.306,9.64,2.84,8.185,10.78,3.24,89.575,98.54,77.4,994.677,987.707,,8.192,13.0,983.8,237.5,22.4,0.0,0.117,0.7,,22.667,26.0,26.0,6.0,6.0,,26.0,26.0,6.0,26.0,,6.0,1.0,,6.0,199.738,1.0,6
2021-02-03,8.171,10.183,5.15,5.551,7.52,2.94,7.006,8.44,4.42,83.834,93.36,73.34,996.572,989.569,,6.417,12.0,2111.458,825.0,23.5,0.0,0.0,0.333,,22.667,26.0,26.0,6.0,6.0,,26.0,26.0,6.0,6.0,,6.0,1.0,,6.0,235.831,1.0,6
2021-02-04,6.368,8.983,2.417,5.572,8.08,1.86,6.086,8.52,2.5,93.902,98.48,84.06,1008.258,1001.136,,4.383,7.6,1384.375,105.0,,0.0,0.067,0.7,,22.667,26.0,26.0,6.0,6.0,,26.0,26.0,6.0,,,6.0,1.0,,6.0,144.112,1.0,6
2021-02-05,7.635,10.65,5.417,5.771,7.08,4.22,6.804,8.26,5.2,88.416,96.58,69.34,1008.158,1001.065,,4.608,7.8,2673.333,885.0,,0.0,0.567,2.433,,22.667,26.0,26.0,6.0,6.0,,26.0,26.0,6.0,,,6.0,1.0,,6.0,187.467,1.0,6
2021-02-06,6.158,8.0,3.983,4.717,5.82,2.84,5.535,6.58,3.48,90.843,97.82,79.58,1006.664,999.536,,4.108,8.8,1726.25,250.0,18.0,0.0,0.067,0.45,,22.667,26.0,26.0,6.0,6.0,,26.0,26.0,6.0,106.0,,6.0,1.0,,6.0,83.629,1.0,6
2021-02-07,1.474,3.917,-0.883,-1.152,2.9,-5.0,0.462,3.48,-2.34,82.572,93.98,69.4,1004.178,996.936,,11.142,14.6,1318.438,367.5,26.8,0.0,0.0,0.1,,22.667,26.0,26.0,6.0,6.0,,26.0,26.0,6.0,26.0,,6.0,1.0,,6.0,27.54,1.0,6
2021-02-08,-1.372,-0.783,-1.933,-4.319,-3.18,-5.4,-2.445,-1.82,-2.9,77.572,84.12,70.66,1003.542,996.239,,9.408,13.0,1800.312,430.0,24.8,0.0,0.0,0.067,0.0,22.667,26.0,26.0,6.0,6.0,,26.0,26.0,6.0,26.0,,6.0,1.0,10006.0,6.0,37.294,16.0,6
2021-02-09,-0.606,0.083,-1.3,-3.838,-2.48,-5.0,-1.812,-1.28,-2.22,76.383,86.72,66.1,1006.844,999.535,,7.3,10.4,2073.333,427.5,19.667,0.0,0.0,0.217,1.0,22.667,26.0,26.0,6.0,6.0,,26.0,26.0,6.0,39.333,,6.0,1.0,2006.0,6.0,75.592,15.0,6
2021-02-10,-0.099,2.067,-2.167,-5.082,-3.7,-7.16,-1.893,-0.52,-3.3,66.537,78.78,48.22,1015.598,1008.242,,6.451,9.8,4073.958,1600.0,16.0,0.0,0.767,2.333,1.0,22.667,26.0,26.0,6.0,6.0,,26.0,26.0,6.0,106.0,,6.0,1.0,10006.0,2006.0,45.228,15.0,6
2021-02-11,-1.101,0.733,-3.033,-5.373,-3.02,-7.3,-2.604,-1.68,-3.72,70.106,88.24,53.38,1026.849,1019.379,,6.838,11.0,2714.583,1075.0,18.333,0.0,0.467,2.417,1.0,22.667,26.0,26.0,6.0,6.0,,26.0,26.0,6.0,39.333,,6.0,1.0,2006.0,6.0,99.694,16.0,6
2021-02-12,-0.697,1.05,-2.15,-7.254,-5.8,-8.82,-2.861,-1.82,-4.02,57.131,66.68,46.68,1030.182,1022.692,,10.582,14.4,3155.208,1800.0,24.0,0.0,0.733,2.817,,22.667,26.0,26.0,6.0,6.0,,26.0,26.0,6.0,26.0,,6.0,1.0,,6.0,100.667,0.0,6
2021-02-13,-1.172,1.483,-4.0,-8.702,-7.36,-10.62,-3.532,-1.52,-5.32,52.557,66.96,37.74,1032.369,1024.855,,9.125,12.0,3615.625,2475.0,16.5,0.0,0.55,2.783,,22.667,26.0,26.0,6.0,6.0,,26.0,26.0,6.0,56.0,,6.0,1.0,,6.0,122.82,1.0,6
2021-02-14,2.463,4.067,0.717,-4.173,1.28,-7.32,0.133,2.82,-1.74,60.219,84.16,47.78,1025.761,1018.393,,9.57,12.6,3049.479,612.5,23.75,0.0,0.0,0.167,,22.667,26.0,26.0,6.0,6.0,,26.0,26.0,6.0,31.0,,6.0,1.0,,6.0,150.259,1.0,6
2021-02-15,8.398,12.233,4.35,6.651,9.24,2.26,7.547,10.2,3.46,89.5,97.1,71.2,1018.178,1011.022,,6.658,11.0,1467.708,242.5,24.0,0.0,0.283,0.833,,22.667,26.0,26.0,6.0,6.0,,26.0,26.0,6.0,6.0,,6.0,1.0,,6.0,191.278,1.0,6
2021-02-16,9.165,10.517,7.367,7.181,8.7,5.84,8.224,9.5,6.84,87.663,94.44,81.72,1010.008,1002.927,,8.594,11.4,1981.146,447.5,18.5,0.0,0.067,0.283,,22.667,26.0,26.0,6.0,6.0,,26.0,26.0,6.0,56.0,,6.0,1.0,,6.0,206.565,1.0,6
2021-02-17,9.548,10.883,7.45,7.588,9.0,5.84,8.603,9.76,6.88,87.875,93.34,77.2,1009.842,1002.776,,10.317,13.6,1392.5,390.0,24.8,0.0,0.0,0.1,,22.667,26.0,26.0,6.0,6.0,,26.0,26.0,6.0,26.0,,6.0,1.0,,6.0,205.493,2.0,6
2021-02-18,8.259,10.55,5.15,4.197,7.7,0.82,6.478,8.86,4.06,76.149,88.46,55.48,1003.824,996.77,,9.712,14.4,3181.25,900.0,26.5,0.0,0.483,1.933,,22.667,26.0,26.0,6.0,6.0,,26.0,26.0,6.0,6.0,,6.0,1.0,,6.0,204.913,1.0,6
2021-02-19,8.293,11.783,4.617,5.529,8.12,2.52,7.018,9.86,3.88,82.938,90.04,76.24,1008.065,1000.981,,8.967,13.4,2471.875,1575.0,21.75,0.0,0.0,0.3,,22.667,26.0,26.0,6.0,6.0,,26.0,26.0,6.0,31.0,,6.0,1.0,,6.0,172.438,1.0,6
2021-02-20,12.895,14.6,11.033,6.695,7.76,5.62,9.893,10.5,9.04,66.576,77.16,56.14,1003.24,996.304,,9.227,12.2,2619.792,1700.0,22.333,0.0,0.2,1.55,,22.667,26.0,26.0,6.0,6.0,,26.0,26.0,6.0,39.333,,6.0,1.0,,6.0,171.639,1.0,6
2021-02-21,11.538,14.0,9.283,7.659,8.94,5.6,9.67,11.14,7.94,77.283,90.24,65.88,1008.154,1001.162,,5.003,9.4,2353.125,1250.0,,0.0,0.05,1.183,,22.667,26.0,26.0,6.0,6.0,,26.0,26.0,6.0,,,6.0,1.0,,6.0,165.088,1.0,6
2021-02-22,9.198,10.85,7.45,7.328,8.96,5.42,8.397,9.48,6.98,87.618,95.44,76.96,1014.711,1007.629,,3.273,6.2,1593.333,290.0,,0.0,0.0,0.1,,22.667,26.0,26.0,6.0,6.0,,26.0,26.0,6.0,,,6.0,1.0,,6.0,198.716,1.0,6
2021-02-23,10.158,13.9,5.383,5.792,7.44,4.22,8.128,10.34,5.48,76.083,97.04,53.5,1023.031,1015.889,,9.249,16.4,2607.396,182.5,27.8,0.0,1.033,3.883,,22.667,26.0,26.0,6.0,6.0,,26.0,26.0,6.0,26.0,,6.0,1.0,,6.0,185.988,0.0,6
2021-02-24,12.795,15.317,10.95,7.252,9.04,5.1,10.075,12.04,8.78,69.009,74.78,60.62,1022.443,1015.365,,9.392,13.4,3451.042,2225.0,24.5,0.0,0.3,1.35,,22.667,26.0,26.0,6.0,6.0,,26.0,26.0,6.0,6.0,,6.0,1.0,,6.0,192.866,1.0,6
2021-02-25,9.999,12.483,5.867,5.278,8.36,1.42,7.877,9.96,4.38,72.796,86.5,54.08,1026.684,1019.512,,5.935,10.8,3216.667,1750.0,22.0,0.0,0.0,0.15,,22.667,26.0,26.0,6.0,6.0,,26.0,26.0,6.0,6.0,,6.0,1.0,,6.0,272.313,1.0,6
2021-02-26,6.047,12.083,0.867,0.747,3.0,-1.66,4.022,7.06,0.64,69.956,92.52,40.58,1037.176,1029.823,,2.773,6.6,3060.417,1700.0,,0.0,1.533,4.917,,22.667,26.0,26.0,6.0,6.0,,26.0,26.0,6.0,,,6.0,1.0,,6.0,297.275,0.0,6
2021-02-27,6.17,12.45,0.617,2.007,3.82,-0.24,4.496,8.16,0.46,75.203,94.14,51.16,1040.798,1033.425,,2.608,5.6,2399.366,1025.0,,0.0,1.5,4.817,,22.667,26.0,26.0,6.0,6.0,,26.0,26.0,6.0,,,6.0,1.0,,6.0,68.204,0.0,6
2021-02-28,5.459,9.433,2.317,3.041,4.18,1.58,4.475,7.02,2.34,84.665,97.02,65.9,1037.055,1029.694,,4.68,7.8,1264.103,127.5,19.0,0.0,0.783,2.133,,22.667,26.0,26.0,6.0,6.0,,26.0,26.0,6.0,6.0,,6.0,1.0,,6.0,74.786,0.0,6
2021-03-01,5.906,9.333,3.967,3.308,4.44,1.98,4.782,6.96,3.22,84.057,96.1,68.36,1031.901,1024.582,,6.241,9.0,683.125,217.5,,0.0,0.967,3.167,,22.667,26.0,26.0,6.0,6.0,,26.0,26.0,6.0,,,6.0,51.0,,6.0,82.741,1.0,6
2021-03-02,5.262,8.45,3.633,3.052,4.24,1.64,4.319,6.54,2.92,85.948,93.8,73.46,1029.89,1022.571,,4.07,6.2,473.333,240.0,4.0,0.0,0.433,1.333,,22.667,26.0,26.0,6.0,6.0,,26.0,26.0,6.0,6.0,,6.0,1.0,,6.0,60.29,1.0,6
2021-03-03,5.62,8.5,3.433,4.748,6.64,2.72,5.197,7.38,3.06,94.718,98.4,82.38,1027.515,1020.227,,3.017,4.6,211.625,51.5,,0.0,0.05,0.25,,22.667,26.0,26.0,6.0,6.0,,26.0,26.0,6.0,,,6.0,1.0,,6.0,87.479,1.0,6
2021-03-04,5.051,6.25,3.867,2.848,5.84,-1.62,4.151,6.06,2.0,86.292,98.16,66.46,1024.949,1017.667,,5.575,8.8,2136.667,100.0,16.0,0.0,0.0,0.017,,22.667,26.0,26.0,6.0,6.0,,26.0,26.0,6.0,6.0,,6.0,1.0,,6.0,25.663,1.0,6
2021-03-05,4.207,5.967,1.717,-2.202,0.08,-4.26,1.899,2.72,0.72,63.775,83.7,49.54,1031.668,1024.306,,6.392,9.6,3702.083,2425.0,,0.0,0.233,1.05,,22.667,26.0,26.0,6.0,6.0,,26.0,26.0,6.0,,,6.0,1.0,,6.0,45.871,1.0,6
2021-03-06,3.626,6.033,0.933,-1.632,0.02,-3.38,1.708,3.04,0.14,69.144,84.1,52.42,1033.678,1026.267,,3.806,6.8,3844.792,2275.0,,0.0,0.017,0.5,,22.667,26.0,26.0,6.0,6.0,,26.0,26.0,6.0,,,6.0,1.0,,6.0,62.796,0.0,6
2021-03-07,2.778,6.267,-0.067,-3.419,-0.94,-5.42,0.714,2.66,-0.94,64.094,84.1,46.22,1027.578,1020.182,,2.766,6.2,2691.644,755.0,,0.0,0.783,2.3,,22.667,26.0,26.0,6.0,6.0,,26.0,26.0,6.0,,,6.0,1.0,,6.0,89.26,0.0,6
2021-03-08,4.758,9.767,-0.55,-0.322,1.84,-2.94,2.851,6.28,-1.2,69.508,84.26,51.24,1023.732,1016.435,,3.073,6.2,1704.167,875.0,,0.0,0.2,1.5,,22.667,26.0,26.0,6.0,6.0,,26.0,26.0,6.0,,,6.0,51.0,,6.0,251.383,1.0,6
2021-03-09,7.052,13.067,1.617,0.947,2.46,-0.38,4.579,7.84,1.14,66.644,88.74,42.2,1019.996,1012.797,,6.179,10.8,2601.042,1025.0,2.0,0.0,1.283,3.833,,22.667,26.0,26.0,6.0,6.0,,26.0,26.0,6.0,6.0,,6.0,51.0,,6.0,258.179,1.0,6
2021-03-10,7.79,10.817,6.067,5.546,9.32,2.78,6.783,9.86,4.7,86.087,94.56,76.96,1007.52,1000.424,,12.458,16.8,1221.042,470.0,29.0,0.0,0.0,0.0,,22.667,26.0,26.0,6.0,6.0,,26.0,26.0,6.0,26.0,,6.0,1.0,,6.0,207.829,1.0,6
2021-03-11,9.183,11.483,5.383,4.055,8.56,1.26,6.896,9.8,3.88,71.248,86.9,59.58,996.357,989.369,,17.104,23.0,2605.0,545.0,39.6,0.0,0.783,2.45,,22.667,26.0,26.0,6.0,6.0,,26.0,26.0,6.0,26.0,,6.0,1.0,,6.0,245.953,1.0,6
2021-03-12,7.048,9.983,4.617,2.874,5.2,0.6,5.388,6.7,3.54,74.833,89.68,51.96,1002.149,995.07,,12.075,19.2,2701.146,752.5,32.0,0.0,0.3,1.8,,22.667,26.0,26.0,6.0,6.0,,26.0,26.0,6.0,26.0,,6.0,1.0,,2006.0,234.481,1.0,6
2021-03-13,6.767,9.783,4.35,1.248,5.58,-1.82,4.51,6.54,2.46,69.426,89.82,47.74,995.766,988.729,,14.626,20.8,3532.292,700.0,36.8,0.0,0.467,1.833,,22.667,26.0,26.0,6.0,6.0,,26.0,26.0,6.0,26.0,,6.0,1.0,,2006.0,258.183,1.0,6
2021-03-14,7.588,9.967,4.917,3.217,6.2,1.22,5.695,7.54,3.58,74.747,86.84,55.76,1012.89,1005.756,,10.467,13.6,3212.5,875.0,24.25,0.0,0.317,1.5,,22.667,26.0,26.0,6.0,6.0,,26.0,26.0,6.0,31.0,,6.0,1.0,,2006.0,275.905,1.0,6
2021-03-15,9.206,11.117,7.533,4.453,5.66,3.08,7.058,8.04,5.84,72.779,82.4,60.18,1020.39,1013.236,,7.825,12.2,2779.167,1150.0,,0.0,0.217,1.633,,22.667,26.0,26.0,6.0,6.0,,26.0,26.0,6.0,,,6.0,1.0,,6.0,321.935,1.0,6
2021-03-16,9.71,13.9,6.883,5.595,8.72,2.36,7.806,11.16,5.36,75.859,91.96,62.34,1027.457,1020.266,,7.591,12.6,2610.104,1030.0,22.5,0.0,0.05,0.417,,22.667,26.0,26.0,6.0,6.0,,26.0,26.0,6.0,6.0,,6.0,1.0,,6.0,314.158,1.0,6
2021-03-17,7.174,9.583,4.317,2.981,4.44,2.04,5.373,6.74,3.58,75.077,85.78,62.0,1033.094,1025.801,,6.238,9.2,1758.333,825.0,17.0,0.0,0.35,1.45,,22.667,26.0,26.0,6.0,6.0,,26.0,26.0,6.0,106.0,,6.0,1.0,,6.0,277.366,1.0,6
2021-03-18,7.258,9.6,3.967,4.39,7.88,2.12,5.975,8.68,3.3,82.637,93.9,67.76,1028.71,1021.447,,6.147,11.0,1514.062,455.0,20.25,0.0,0.0,0.1,,22.667,26.0,26.0,6.0,6.0,,26.0,26.0,6.0,31.0,,6.0,1.0,,6.0,344.066,1.0,6
2021-03-19,7.772,10.583,4.583,2.5,6.36,-0.68,5.558,7.2,3.12,71.302,93.54,46.7,1028.026,1020.766,,6.828,10.6,3793.125,810.0,20.5,0.0,1.117,3.667,,22.667,26.0,26.0,6.0,6.0,,26.0,26.0,6.0,56.0,,6.0,1.0,,6.0,45.449,1.0,6
2021-03-20,7.307,10.333,3.05,3.788,6.28,0.58,5.744,8.08,2.26,78.678,86.34,69.38,1031.09,1023.796,,3.825,7.2,3184.375,1325.0,,0.0,0.0,0.267,,22.667,26.0,26.0,6.0,6.0,,26.0,26.0,6.0,,,6.0,1.0,,6.0,319.19,1.0,6
2021-03-21,8.414,11.067,4.85,3.134,5.12,1.16,6.158,7.34,3.74,69.996,83.9,52.48,1028.626,1021.4,,5.51,10.0,3409.375,1700.0,17.0,0.0,0.367,1.35,,22.667,26.0,26.0,6.0,6.0,,26.0,26.0,6.0,106.0,,6.0,1.0,,6.0,16.862,1.0,6
2021-03-22,8.573,14.05,4.35,3.04,4.44,1.34,6.199,9.28,3.44,68.991,83.0,46.74,1026.399,1019.195,,3.808,7.4,2548.958,1375.0,,0.0,1.433,4.35,,22.667,26.0,26.0,6.0,6.0,,26.0,26.0,6.0,,,6.0,1.0,,6.0,272.905,0.0,6
2021-03-23,7.474,12.8,2.833,3.2,4.62,1.64,5.686,8.88,2.6,74.978,93.82,54.08,1024.21,1016.998,,5.662,11.2,1838.854,635.0,,0.0,0.767,2.167,,22.667,26.0,26.0,6.0,6.0,,26.0,26.0,6.0,,,6.0,1.0,,2006.0,230.594,0.0,6
2021-03-24,8.321,12.75,2.867,5.172,7.4,2.3,6.926,9.74,3.0,80.699,94.82,62.5,1020.904,1013.732,,5.844,10.0,1549.792,330.0,9.0,0.0,0.267,1.8,,22.667,26.0,26.0,6.0,6.0,,26.0,26.0,6.0,6.0,,6.0,1.0,,6.0,221.436,1.0,6
2021-03-25,8.401,12.317,3.317,5.732,8.2,2.4,7.184,9.96,3.22,83.402,93.54,68.88,1018.466,1011.321,,7.607,13.0,2420.833,950.0,21.5,0.0,0.45,2.25,,22.667,26.0,26.0,6.0,6.0,,26.0,26.0,6.0,56.0,,6.0,1.0,,6.0,223.377,1.0,6
2021-03-26,8.724,12.017,4.767,5.453,7.52,1.08,7.235,9.24,3.56,80.401,89.68,67.44,1010.869,1003.767,,10.201,17.0,3020.833,775.0,29.4,0.0,0.05,0.367,,22.667,26.0,26.0,6.0,6.0,,26.0,26.0,6.0,26.0,,6.0,1.0,,6.0,218.902,1.0,6
2021-03-27,7.376,11.133,3.133,1.815,5.06,-1.08,5.057,7.28,2.06,69.347,88.52,45.74,1020.558,1013.362,,10.939,15.4,3171.771,1447.5,26.667,0.0,1.017,3.667,,22.667,26.0,26.0,6.0,6.0,,26.0,26.0,6.0,39.333,,6.0,1.0,,6.0,244.248,1.0,6
2021-03-28,10.356,12.167,8.8,6.16,7.64,4.8,8.365,9.9,7.1,75.378,80.38,71.88,1022.933,1015.79,,12.755,16.4,2176.042,1625.0,27.4,0.0,0.0,0.2,,22.667,26.0,26.0,6.0,6.0,,26.0,26.0,6.0,26.0,,6.0,1.0,,6.0,224.232,1.0,6
2021-03-29,12.36,19.25,7.0,6.129,8.98,0.98,9.387,13.06,5.98,68.134,84.4,34.34,1026.792,1019.67,,8.892,12.6,2726.54,1725.0,23.0,0.0,1.333,4.067,,22.667,26.0,26.0,6.0,6.0,,26.0,26.0,6.0,56.0,,6.0,1.0,,6.0,225.62,0.0,6
2021-03-30,13.649,23.3,4.067,3.483,6.98,0.08,9.059,13.68,3.76,55.148,88.08,22.58,1027.283,1020.238,,3.148,6.8,3007.156,1550.0,,0.0,1.883,5.733,,22.667,26.0,26.0,6.0,6.0,,26.0,26.0,6.0,,,6.0,1.0,,6.0,202.067,0.0,6
2021-03-31,14.496,20.033,8.167,6.77,9.42,3.16,10.805,14.18,6.74,59.684,75.68,44.82,1020.303,1013.325,,2.408,5.8,2516.667,1350.0,,0.0,0.15,1.267,,22.667,26.0,26.0,6.0,6.0,,26.0,26.0,6.0,,,6.0,51.0,,6.0,189.949,0.0,6
2021-04-01,10.376,14.8,5.933,5.537,8.72,1.3,8.141,11.08,4.1,72.412,87.92,54.36,1024.586,1017.436,,7.758,11.2,1960.312,447.5,20.0,0.0,0.867,3.717,,22.667,26.0,26.0,6.0,6.0,,26.0,26.0,6.0,56.0,,6.0,1.0,,6.0,47.193,1.0,6
2021-04-02,7.028,10.067,5.167,0.507,1.78,-0.66,4.428,6.32,3.0,63.201,73.56,51.74,1030.17,1022.893,,8.72,11.8,3815.625,2275.0,20.5,0.0,0.767,2.567,,22.667,26.0,26.0,6.0,6.0,,26.0,26.0,6.0,31.0,,6.0,1.0,,6.0,44.577,0.0,6
2021-04-03,7.048,9.133,5.533,0.725,2.74,-0.3,4.51,5.6,3.38,64.195,80.66,54.04,1031.961,1024.677,,7.853,10.4,2322.917,1525.0,20.4,0.0,0.05,0.517,,22.667,26.0,26.0,6.0,6.0,,26.0,26.0,6.0,26.0,,6.0,1.0,,6.0,33.031,0.0,6
2021-04-04,8.51,14.817,2.617,1.746,4.74,-0.74,5.611,9.24,1.6,64.292,81.26,41.24,1025.354,1018.145,,4.925,9.6,2331.25,1475.0,,0.0,1.6,4.483,,22.667,26.0,26.0,6.0,6.0,,26.0,26.0,6.0,,,6.0,1.0,,6.0,291.581,0.0,6
2021-04-05,5.944,8.8,2.633,-4.333,4.84,-13.72,2.56,7.02,-0.6,50.454,83.04,18.76,1018.449,1011.226,,9.317,14.6,3531.25,1375.0,24.6,0.0,1.1,3.333,,22.667,26.0,26.0,6.0,6.0,,26.0,26.0,6.0,26.0,,6.0,1.0,,6.0,329.583,0.0,6
2021-04-06,2.94,7.167,-0.35,-5.091,-2.06,-9.22,0.27,2.32,-1.62,56.615,78.44,30.04,1020.522,1013.202,,8.183,14.4,4383.333,2775.0,24.0,0.0,1.05,3.417,,22.667,26.0,26.0,6.0,6.0,,26.0,26.0,6.0,26.0,,6.0,1.0,,6.0,316.667,0.0,6
2021-04-07,3.035,6.233,-1.95,-4.134,-2.2,-6.34,0.571,2.38,-2.56,60.705,86.84,40.6,1023.783,1016.444,,6.929,11.4,4194.792,2450.0,,0.0,0.433,2.083,,22.667,26.0,26.0,6.0,6.0,,26.0,26.0,6.0,,,6.0,1.0,,6.0,290.333,0.0,6
2021-04-08,7.405,11.733,2.783,0.232,2.92,-3.1,4.562,7.64,0.96,60.484,72.82,50.02,1021.367,1014.153,,7.742,12.0,4235.417,3000.0,16.0,0.0,0.217,1.3,,22.667,26.0,26.0,6.0,6.0,,26.0,26.0,6.0,6.0,,6.0,1.0,,6.0,233.703,1.0,6
2021-04-09,8.667,13.333,4.933,2.821,4.64,0.9,6.157,8.2,4.08,68.318,85.82,43.6,1013.332,1006.223,,6.124,9.0,4005.208,2875.0,,0.0,0.983,3.017,,22.667,26.0,26.0,6.0,6.0,,26.0,26.0,6.0,,,6.0,1.0,,6.0,259.408,0.0,6
2021-04-10,6.417,7.8,4.433,1.138,3.44,-2.26,4.298,5.38,2.04,69.803,82.06,56.32,1013.14,1005.963,,6.0,9.0,3314.583,1600.0,17.5,0.0,0.0,0.183,,22.667,26.0,26.0,6.0,6.0,,26.0,26.0,6.0,56.0,,6.0,1.0,,6.0,66.879,1.0,6
2021-04-11,4.238,8.367,0.633,-2.167,-0.06,-5.12,1.966,4.14,-0.26,64.487,83.4,39.02,1019.443,1012.167,,5.608,11.0,4104.167,1975.0,18.5,0.0,1.2,3.4,,22.667,26.0,26.0,6.0,6.0,,26.0,26.0,6.0,56.0,,6.0,1.0,,6.0,209.21,0.0,6
2021-04-12,4.048,9.333,-0.65,-2.451,1.72,-7.08,1.864,4.38,-0.94,65.683,93.98,31.08,1028.786,1021.446,,3.514,8.0,3382.812,835.0,,0.0,0.667,2.033,,22.667,26.0,26.0,6.0,6.0,,26.0,26.0,6.0,,,6.0,1.0,,6.0,283.313,1.0,6
2021-04-13,5.801,11.5,-0.65,-0.85,3.12,-4.1,3.337,6.9,-1.36,62.953,84.34,37.7,1032.55,1025.224,,3.168,8.0,3294.792,1800.0,16.0,0.0,0.867,2.767,,22.667,26.0,26.0,6.0,6.0,,26.0,26.0,6.0,6.0,,6.0,1.0,,6.0,236.282,0.0,6
2021-04-14,7.192,11.517,2.967,-0.839,2.7,-3.8,4.188,6.12,1.96,58.794,87.4,34.72,1032.623,1025.338,,4.2,9.0,3116.667,950.0,17.0,0.0,1.05,3.3,,22.667,26.0,26.0,6.0,6.0,,26.0,26.0,6.0,6.0,,6.0,1.0,,6.0,62.137,0.0,6
2021-04-15,5.909,9.433,1.317,-0.116,1.8,-1.9,3.529,5.7,0.18,66.015,82.04,48.42,1033.047,1025.715,,5.075,9.0,4039.583,2350.0,,0.0,0.833,3.017,,22.667,26.0,26.0,6.0,6.0,,26.0,26.0,6.0,,,6.0,1.0,,6.0,44.848,0.0,6
2021-04-16,6.103,11.217,0.95,-1.149,2.68,-4.26,3.418,5.94,0.66,62.6,91.82,35.4,1031.08,1023.77,,3.77,6.8,3311.875,1242.5,,0.0,1.3,4.35,,22.667,26.0,26.0,6.0,6.0,,26.0,26.0,6.0,,,6.0,1.0,,6.0,52.404,0.0,6
2021-04-17,7.194,12.9,0.583,-2.568,-0.44,-4.8,3.611,6.96,-0.1,51.715,80.26,32.36,1028.88,1021.61,,3.963,8.2,3886.458,2400.0,19.0,0.0,2.017,6.25,,22.667,26.0,26.0,6.0,6.0,,26.0,26.0,6.0,6.0,,6.0,1.0,,6.0,58.198,0.0,6
2021-04-18,8.601,14.8,0.783,-2.292,2.2,-6.14,4.554,7.42,0.02,49.699,80.12,23.9,1024.93,1017.724,,2.809,6.0,3844.792,2125.0,13.0,0.0,2.133,6.4,,22.667,26.0,26.0,6.0,6.0,,26.0,26.0,6.0,106.0,,6.0,101.0,,6.0,68.703,0.0,6
2021-04-19,10.123,16.8,2.833,2.438,4.78,0.0,6.843,10.32,2.38,61.539,88.62,33.98,1021.165,1014.03,,3.011,7.0,2213.542,1075.0,14.0,0.0,2.05,5.933,,22.667,26.0,26.0,6.0,6.0,,26.0,26.0,6.0,6.0,,6.0,1.0,,6.0,107.087,0.0,6
2021-04-20,10.76,16.583,4.367,4.192,6.38,2.08,7.807,10.74,3.8,65.534,88.82,42.2,1017.961,1010.866,,3.173,7.2,1453.646,475.0,,0.0,1.417,4.667,,22.667,26.0,26.0,6.0,6.0,,26.0,26.0,6.0,,,6.0,767.667,,6.0,79.992,0.0,6
2021-04-21,9.451,13.433,5.333,4.113,6.42,-0.06,7.088,9.62,3.52,70.278,90.46,50.62,1021.197,1014.04,,5.723,9.8,1612.083,245.0,17.0,0.0,0.8,3.667,,22.667,26.0,26.0,6.0,6.0,,26.0,26.0,6.0,106.0,,6.0,767.667,,6.0,73.006,0.0,6
2021-04-22,8.013,13.4,2.783,-0.083,2.1,-3.7,4.746,7.84,1.6,59.211,82.32,33.86,1027.123,1019.893,,6.25,9.2,2632.292,1400.0,14.0,0.0,2.15,6.75,,22.667,26.0,26.0,6.0,6.0,,26.0,26.0,6.0,106.0,,6.0,1.0,,6.0,90.408,0.0,6
2021-04-23,9.347,15.85,2.517,0.787,4.0,-3.1,5.825,9.14,2.22,59.223,91.18,29.04,1028.486,1021.282,,5.961,9.6,2833.333,1500.0,12.0,0.0,2.1,6.133,,22.667,26.0,26.0,6.0,6.0,,26.0,26.0,6.0,56.0,,6.0,1.0,,6.0,93.743,0.0,6
2021-04-24,10.17,15.817,3.667,1.489,4.68,-1.5,6.502,9.46,2.98,57.142,85.9,33.94,1027.455,1020.28,,6.667,11.4,3051.042,1575.0,21.2,0.0,2.167,6.833,,22.667,26.0,26.0,6.0,6.0,,26.0,26.0,6.0,26.0,,6.0,1.0,,6.0,86.082,0.0,6
2021-04-25,8.392,13.067,4.683,1.711,3.22,-0.4,5.57,8.1,3.28,64.404,87.6,44.02,1027.98,1020.752,,8.416,11.8,3106.25,1200.0,21.25,0.0,1.75,5.217,,22.667,26.0,26.0,6.0,6.0,,26.0,26.0,6.0,31.0,,6.0,1.0,,6.0,78.789,0.0,6
2021-04-26,7.605,12.683,4.45,-0.132,1.58,-1.3,4.521,7.6,2.42,59.036,76.8,42.34,1021.191,1013.989,,7.001,9.6,3910.417,2500.0,19.5,0.0,1.65,4.95,,22.667,26.0,26.0,6.0,6.0,,26.0,26.0,6.0,6.0,,6.0,1.0,,6.0,74.677,0.0,6
2021-04-27,9.276,15.917,1.267,0.341,3.1,-3.82,5.634,9.16,1.02,57.926,91.16,27.36,1010.068,1002.989,,3.345,8.0,2711.458,1072.5,,0.0,0.917,4.067,,22.667,26.0,26.0,6.0,6.0,,26.0,26.0,6.0,,,6.0,767.667,,6.0,109.463,0.0,6
2021-04-28,8.497,12.117,5.867,2.212,4.7,-0.68,5.869,7.66,4.32,65.763,83.66,42.92,1006.299,999.233,,6.398,12.2,2123.646,642.5,21.6,0.0,0.0,0.383,,22.667,26.0,26.0,6.0,6.0,,26.0,26.0,6.0,26.0,,6.0,1.0,,6.0,47.335,0.0,6
2021-04-29,7.638,10.7,4.183,0.163,2.52,-2.8,4.682,6.04,2.66,60.413,78.64,40.26,1011.358,1004.23,,6.085,9.6,3971.875,1800.0,,0.0,0.8,2.383,,22.667,26.0,26.0,6.0,6.0,,26.0,26.0,6.0,,,6.0,1.0,,6.0,141.547,0.0,6
2021-04-30,7.587,11.933,3.083,0.623,2.72,-2.28,4.818,6.78,2.24,62.938,83.62,39.06,1015.01,1007.841,,3.725,8.4,3648.958,1800.0,,0.0,0.667,3.633,,22.667,26.0,26.0,6.0,6.0,,26.0,26.0,6.0,,,6.0,101.0,,6.0,211.876,1.0,6
2021-05-01,7.725,12.467,2.617,1.058,3.48,-1.48,5.076,7.22,2.24,64.793,88.76,39.8,1016.414,1009.243,,4.142,8.6,3200.625,840.0,,0.0,1.033,3.667,,22.667,26.0,26.0,6.0,6.0,,26.0,26.0,6.0,,,6.0,1.0,,6.0,30.8,0.0,6
2021-05-02,8.627,13.633,3.583,1.754,3.88,-2.12,5.815,7.86,3.08,64.539,89.04,35.34,1020.366,1013.182,,4.033,9.0,2833.854,1185.0,,0.0,0.817,2.6,,22.667,26.0,26.0,6.0,6.0,,26.0,26.0,6.0,,,6.0,1.0,,6.0,246.081,0.0,6
2021-05-03,9.287,12.983,5.283,3.908,8.66,0.66,6.996,9.36,4.52,70.574,91.9,44.24,1012.146,1005.048,1018.0,12.392,21.0,2927.5,447.5,36.6,0.0,0.267,1.75,,22.667,26.0,26.0,6.0,6.0,1.0,26.0,26.0,6.0,26.0,,6.0,1.0,,6.0,221.25,0.0,6
2021-05-04,9.816,13.533,6.383,2.648,6.04,-1.28,6.742,8.56,4.2,62.777,82.8,38.24,1000.068,993.077,1002.0,14.675,21.0,3867.708,1075.0,35.6,0.0,1.267,3.233,,22.667,26.0,26.0,6.0,6.0,1.0,26.0,26.0,6.0,26.0,,6.0,1.0,,6.0,273.886,1.0,6
2021-05-05,6.781,12.483,3.317,1.664,3.72,-1.3,4.687,7.34,2.58,71.808,91.8,40.96,1008.792,1001.657,1004.2,6.5,11.4,4338.542,2225.0,20.25,0.0,1.283,3.517,,22.667,26.0,26.0,6.0,6.0,1.0,26.0,26.0,6.0,31.0,,6.0,1.0,,6.0,275.608,0.0,6
2021-05-06,7.058,12.067,1.833,0.562,3.82,-4.34,4.545,6.9,1.76,66.818,93.58,32.48,1007.249,1000.13,1005.667,5.167,10.8,3709.375,1725.0,18.0,0.0,1.133,3.933,,22.667,26.0,26.0,6.0,6.0,1.0,26.0,26.0,6.0,6.0,,6.0,1.0,,6.0,280.171,1.0,6
2021-05-07,9.209,13.533,3.717,-0.364,1.62,-2.24,5.388,7.7,2.48,52.6,75.58,35.98,1015.354,1008.236,1012.917,6.567,10.0,4015.625,2350.0,,0.0,1.233,4.533,,22.667,26.0,26.0,6.0,6.0,1.0,26.0,26.0,6.0,,,6.0,1.0,,6.0,262.906,0.0,6
2021-05-08,12.088,15.883,6.75,7.759,11.82,-3.1,10.055,13.28,4.12,76.444,96.18,44.14,1005.288,998.318,1002.636,10.517,17.6,2530.729,472.5,31.0,0.0,0.0,0.267,,22.667,26.0,26.0,6.0,6.0,1.0,26.0,26.0,6.0,26.0,,6.0,1.0,,6.0,184.802,1.0,6
2021-05-09,15.783,19.5,12.4,10.648,12.34,8.34,13.024,15.28,10.98,72.118,85.26,61.14,997.095,990.271,993.667,8.325,12.8,3927.5,1735.0,21.0,0.0,0.417,2.717,,22.667,26.0,26.0,6.0,6.0,1.0,26.0,26.0,6.0,39.333,,6.0,1.0,,6.0,192.685,0.0,6
2021-05-10,12.758,16.2,9.433,7.453,10.74,4.04,10.196,12.08,8.24,71.795,90.56,47.08,1000.571,993.644,998.333,10.183,17.0,2811.607,812.5,29.0,0.0,1.0,3.333,,22.667,26.0,26.0,6.0,6.0,1.0,26.0,26.0,6.0,31.0,,6.0,1.0,,6.0,208.208,1.0,6
2021-05-11,12.085,16.95,6.733,6.063,8.56,3.24,9.271,11.6,6.44,68.528,92.1,42.78,1007.088,1000.112,1004.333,6.942,12.8,3166.667,1375.0,18.667,0.0,0.817,3.017,,22.667,26.0,26.0,6.0,6.0,1.0,26.0,26.0,6.0,39.333,,6.0,1.0,,6.0,175.059,1.0,6
2021-05-12,12.655,16.583,9.067,5.462,7.88,2.08,9.272,10.98,7.9,63.81,85.7,42.26,1008.458,1001.472,1006.0,6.367,9.6,2867.572,1475.0,,0.0,1.067,3.75,,22.667,26.0,26.0,6.0,6.0,1.0,26.0,26.0,6.0,,,6.0,1.0,,6.0,191.125,0.0,6
2021-05-13,11.15,13.3,8.933,7.916,9.26,6.06,9.549,10.76,7.96,81.103,91.5,67.1,1006.039,999.04,,5.515,8.4,2567.453,657.5,,0.0,0.15,0.85,,22.667,26.0,26.0,6.0,6.0,,26.0,26.0,6.0,,,6.0,1.0,,6.0,97.555,1.0,6
2021-05-14,10.294,12.45,8.117,6.531,8.24,4.96,8.507,9.28,7.54,78.379,93.88,60.68,1008.937,1001.902,,4.69,8.0,2152.188,415.0,,0.0,0.067,0.267,,22.667,26.0,26.0,6.0,6.0,,26.0,26.0,6.0,,,6.0,1.0,,6.0,35.746,1.0,6
2021-05-15,10.814,14.117,8.467,7.992,9.84,6.62,9.418,11.56,7.66,83.348,94.86,68.42,1000.854,993.878,,4.667,8.4,2555.417,485.0,,0.0,0.35,1.283,,22.667,26.0,26.0,6.0,6.0,,26.0,26.0,6.0,,,6.0,1.0,,6.0,171.928,1.0,6
2021-05-16,10.756,13.933,7.683,8.558,10.34,6.74,9.673,11.26,7.56,86.862,96.12,67.76,997.876,990.923,,5.635,10.2,2016.042,307.5,23.0,0.0,0.417,1.733,,22.667,26.0,26.0,6.0,6.0,,26.0,26.0,6.0,6.0,,6.0,1.0,,6.0,209.896,1.0,6
2021-05-17,11.269,15.233,8.767,8.632,10.24,6.52,9.941,12.32,7.98,84.729,95.84,64.26,1005.18,998.199,,5.746,10.4,2715.938,437.5,15.0,0.0,0.417,1.467,,22.667,26.0,26.0,6.0,6.0,,26.0,26.0,6.0,6.0,,6.0,1.0,,6.0,286.177,1.0,6
2021-05-18,10.801,15.533,6.333,7.78,9.74,5.56,9.356,11.56,6.24,82.118,96.64,54.36,1013.309,1006.251,,5.58,11.2,3215.208,715.0,20.5,0.0,0.883,3.7,,22.667,26.0,26.0,6.0,6.0,,26.0,26.0,6.0,56.0,,6.0,1.0,,6.0,240.835,1.0,6
2021-05-19,11.993,17.017,8.35,6.369,8.94,3.42,9.348,11.12,7.5,70.813,95.16,42.26,1017.585,1010.526,,5.995,11.4,3564.583,950.0,21.0,0.0,1.1,3.267,,22.667,26.0,26.0,6.0,6.0,,26.0,26.0,6.0,106.0,,6.0,1.0,,6.0,293.79,1.0,6
2021-05-20,10.855,13.683,6.4,7.049,9.9,5.08,9.058,11.38,6.02,77.402,92.0,62.96,1012.665,1005.609,,10.132,19.0,2916.458,820.0,33.4,0.0,0.017,0.483,,22.667,26.0,26.0,6.0,6.0,,26.0,26.0,6.0,26.0,,6.0,1.0,,6.0,204.105,0.0,6
2021-05-21,11.245,12.583,10.05,7.299,8.78,6.12,9.317,10.12,8.72,77.254,88.02,65.46,996.802,989.858,994.0,16.277,20.6,1782.292,700.0,35.4,0.0,0.05,0.467,,22.667,26.0,26.0,6.0,6.0,1.0,26.0,26.0,6.0,26.0,,6.0,1.0,,6.0,228.34,0.0,6
2021-05-22,10.407,14.067,7.5,7.147,8.92,5.16,8.861,10.58,7.02,80.982,95.76,60.42,1003.197,996.203,,6.918,11.4,3585.938,662.5,20.5,0.0,0.267,0.967,,22.667,26.0,26.0,6.0,6.0,,26.0,26.0,6.0,56.0,,6.0,1.0,,6.0,274.922,1.0,6
2021-05-23,9.633,12.717,4.583,5.842,8.98,2.48,7.903,9.88,4.0,77.882,92.42,62.0,1007.985,1000.923,,8.98,15.0,3000.729,562.5,27.0,0.0,0.317,1.967,,22.667,26.0,26.0,6.0,6.0,,26.0,26.0,6.0,26.0,,6.0,1.0,,6.0,208.631,1.0,6
2021-05-24,9.802,13.083,7.083,7.034,8.4,5.34,8.471,10.26,6.94,83.754,95.28,62.82,1003.385,996.369,,6.979,12.6,3113.542,775.0,21.5,0.0,0.917,3.117,,22.667,26.0,26.0,6.0,6.0,,26.0,26.0,6.0,6.0,,6.0,1.0,,6.0,224.216,2.0,6
2021-05-25,10.478,14.84,6.76,6.102,7.86,3.6,8.433,10.16,6.0,75.885,91.4,47.26,1013.524,1006.452,,8.519,12.6,4080.208,2175.0,19.0,0.0,0.133,1.067,,26.0,26.0,26.0,6.0,6.0,,26.0,26.0,6.0,6.0,,6.0,51.0,,6.0,259.493,0.0,6
2021-05-26,11.704,15.85,6.783,6.193,7.86,3.56,8.83,10.92,5.5,72.778,95.32,45.38,1014.777,1007.715,,6.062,10.0,3709.375,1325.0,2.0,0.0,0.6,2.15,,22.667,26.0,26.0,6.0,6.0,,26.0,26.0,6.0,6.0,,6.0,1.0,,6.0,303.466,0.0,6
2021-05-27,14.867,19.733,8.417,7.312,9.6,5.06,10.859,13.48,7.24,65.1,93.68,39.82,1020.131,1013.111,,3.169,6.4,3505.208,1475.0,16.0,0.0,1.433,3.65,,22.667,26.0,26.0,6.0,6.0,,26.0,26.0,6.0,106.0,,6.0,1.0,,6.0,270.279,0.0,6
2021-05-28,14.91,19.233,10.05,9.084,11.72,7.06,11.871,14.0,9.14,69.406,87.04,48.82,1023.201,1016.181,,3.16,6.6,2688.542,850.0,,0.0,0.4,1.883,,22.667,26.0,26.0,6.0,6.0,,26.0,26.0,6.0,,,6.0,51.0,,6.0,112.746,0.0,6
2021-05-29,15.667,20.617,11.333,7.975,9.62,5.62,11.735,14.2,9.54,61.516,79.18,43.2,1026.605,1019.559,,4.886,8.8,2947.917,1550.0,,0.0,0.783,4.033,,22.667,26.0,26.0,6.0,6.0,,26.0,26.0,6.0,,,6.0,51.0,,6.0,85.827,0.0,6
2021-05-30,12.882,20.05,8.8,8.252,10.36,6.88,10.501,14.28,8.14,75.161,92.28,47.08,1027.374,1020.258,,5.675,8.6,1936.25,577.5,,0.0,1.5,4.35,,22.667,26.0,26.0,6.0,6.0,,26.0,26.0,6.0,,,6.0,1.0,,6.0,82.24,0.0,6
2021-05-31,15.851,23.417,9.05,8.872,12.34,6.68,12.173,15.92,8.56,67.177,93.14,37.02,1021.176,1014.189,,5.34,9.4,2030.833,437.5,16.0,0.0,1.683,5.4,,22.667,26.0,26.0,6.0,6.0,,26.0,26.0,6.0,6.0,,6.0,1.0,,6.0,86.254,0.0,6
2021-06-01,18.673,24.75,11.383,8.078,12.0,5.46,13.172,16.22,9.88,53.415,84.36,30.2,1014.949,1008.066,,6.339,11.0,2890.625,1325.0,19.333,0.0,2.183,7.133,,22.667,26.0,26.0,6.0,6.0,,26.0,26.0,6.0,39.333,,6.0,1.0,,6.0,92.358,0.0,6
2021-06-02,20.149,26.55,12.667,10.225,15.18,6.84,14.714,17.52,10.54,55.704,81.38,31.96,1012.597,1005.766,,5.477,9.2,3253.125,1325.0,17.5,0.0,1.217,4.05,,22.667,26.0,26.0,6.0,6.0,,26.0,26.0,6.0,56.0,,6.0,1.0,,6.0,102.242,0.0,6
2021-06-03,19.138,23.1,15.617,13.372,15.42,11.14,15.823,17.3,13.44,70.534,87.4,51.98,1018.293,1011.393,,5.985,9.0,2502.083,800.0,,0.0,1.1,4.417,,22.667,26.0,26.0,6.0,6.0,,26.0,26.0,6.0,,,6.0,1.0,,6.0,248.441,0.0,6
2021-06-04,14.503,15.983,12.633,12.054,13.72,9.44,13.202,14.34,11.22,85.387,92.9,71.86,1022.742,1015.707,,4.257,7.4,2110.208,545.0,,0.0,0.05,0.5,,22.667,26.0,26.0,6.0,6.0,,26.0,26.0,6.0,,,6.0,1.0,,6.0,342.895,1.0,6
2021-06-05,17.263,23.1,11.8,10.326,12.78,6.52,13.577,15.56,11.56,67.432,96.06,35.76,1024.16,1017.177,,4.036,7.4,2673.75,190.0,18.0,0.0,1.8,5.467,,22.667,26.0,26.0,6.0,6.0,,26.0,26.0,6.0,6.0,,6.0,1.0,,6.0,284.182,0.0,6
2021-06-06,17.667,22.617,12.683,12.579,14.28,10.64,14.816,17.26,11.96,72.86,90.28,53.7,1024.403,1017.434,,3.714,6.8,3511.458,1850.0,,0.0,0.583,2.667,,22.667,26.0,26.0,6.0,6.0,,26.0,26.0,6.0,,,6.0,51.0,,6.0,237.38,0.0,6
2021-06-07,17.999,22.717,13.85,12.616,13.92,10.76,14.976,16.76,13.28,72.203,92.4,49.48,1023.753,1016.778,,4.738,8.2,3134.375,1010.0,,0.0,0.733,4.45,,22.667,26.0,26.0,6.0,6.0,,26.0,26.0,6.0,,,6.0,1.0,,6.0,203.125,0.0,6
2021-06-08,18.367,23.45,12.217,11.316,12.88,9.56,14.484,16.5,11.82,65.891,93.1,42.82,1023.058,1016.101,,4.77,7.6,3243.333,1490.0,15.0,0.0,2.25,7.633,,22.667,26.0,26.0,6.0,6.0,,26.0,26.0,6.0,106.0,,6.0,1.0,,6.0,238.015,0.0,6
2021-06-09,18.998,24.917,11.55,10.158,14.54,1.32,14.315,17.18,10.72,61.013,88.58,21.5,1021.582,1014.653,,5.845,10.2,3620.833,2075.0,,0.0,2.05,6.933,,22.667,26.0,26.0,6.0,6.0,,26.0,26.0,6.0,,,6.0,1.0,,6.0,236.962,0.0,6
2021-06-10,18.967,23.05,15.2,14.792,15.65,14.1,16.403,18.0,14.75,78.487,92.367,63.4,1020.773,1013.85,,6.24,9.4,3093.542,655.0,13.0,0.0,0.7,2.55,,22.667,22.667,22.667,6.0,6.0,,26.0,26.0,6.0,6.0,,6.0,1.0,,6.0,228.243,0.0,6
2021-06-11,19.383,23.8,16.283,14.59,15.8,13.283,16.566,18.317,15.4,75.133,91.65,55.317,1019.791,1012.887,,7.371,11.2,3041.667,1005.0,17.0,0.0,0.483,1.833,,22.667,22.667,22.667,6.0,6.0,,26.0,26.0,6.0,6.0,,6.0,1.0,,6.0,249.266,0.0,6
2021-06-12,19.06,23.533,14.217,11.364,13.65,9.567,14.81,16.567,13.0,62.944,87.917,42.25,1023.336,1016.405,,5.02,8.6,3585.417,2075.0,16.0,0.0,2.0,6.167,,22.667,22.667,22.667,6.0,6.0,,26.0,26.0,6.0,106.0,,6.0,1.0,,6.0,310.512,0.0,6
2021-06-13,20.876,26.967,13.983,12.587,15.267,9.85,16.094,19.65,12.85,60.925,89.833,45.167,1025.86,1018.944,,3.603,8.0,3136.458,1450.0,,0.0,2.3,7.283,,22.667,22.667,22.667,6.0,6.0,,26.0,26.0,6.0,,,6.0,1.0,,6.0,226.566,0.0,6
2021-06-14,21.606,27.2,14.917,13.385,15.3,11.183,16.778,19.65,13.15,60.783,81.983,43.617,1020.682,1013.832,,5.035,8.2,3730.208,2700.0,,0.0,1.433,5.033,,22.667,22.667,22.667,6.0,6.0,,26.0,26.0,6.0,,,6.0,1.0,,6.0,289.379,0.0,6
2021-06-15,19.82,25.167,14.967,11.09,14.483,7.55,14.99,17.783,11.583,57.925,74.6,42.333,1020.382,1013.496,,4.866,9.2,3716.667,2375.0,,0.0,1.833,5.233,,22.667,22.667,22.667,6.0,6.0,,26.0,26.0,6.0,,,6.0,1.0,,6.0,72.474,0.0,6
2021-06-16,21.356,27.733,14.367,14.585,18.367,11.633,17.31,20.317,13.017,67.569,93.967,45.3,1011.873,1005.065,,4.974,8.8,2739.792,455.0,,0.0,1.517,5.333,,22.667,22.667,22.667,6.0,6.0,,26.0,26.0,6.0,,,6.0,1.0,,6.0,196.86,0.0,6
2021-06-17,18.86,21.0,16.517,16.616,18.05,15.167,17.502,18.5,15.933,87.297,96.067,71.867,1010.569,1003.723,,4.449,8.0,1613.021,332.5,,0.0,0.0,0.05,,22.667,22.667,22.667,6.0,6.0,,26.0,26.0,6.0,,,6.0,1.0,,6.0,220.63,1.0,6
2021-06-18,14.405,16.383,12.333,13.479,15.283,11.267,13.886,15.733,11.767,94.182,96.1,91.133,1012.961,1005.999,,6.667,9.0,1234.688,257.5,16.667,0.0,0.0,0.0,,22.667,22.667,22.667,6.0,6.0,,26.0,26.0,6.0,39.333,,6.0,1.0,,6.0,14.846,2.0,6
2021-06-19,13.717,15.717,11.95,11.417,12.783,10.55,12.48,13.717,11.267,86.222,93.183,75.967,1013.817,1006.828,,4.625,7.8,3243.75,1000.0,,0.0,0.0,0.0,,22.667,22.667,22.667,6.0,6.0,,26.0,26.0,6.0,,,6.0,1.0,,6.0,47.407,1.0,6
2021-06-20,14.827,18.033,12.75,12.62,14.15,11.55,13.597,15.683,12.25,86.91,95.433,75.15,1008.771,1001.85,,5.083,8.8,2224.062,500.0,19.0,0.0,0.0,0.267,,22.667,22.667,22.667,6.0,6.0,,26.0,26.0,6.0,6.0,,6.0,1.0,,6.0,52.398,0.0,6
2021-06-21,12.868,13.9,11.817,10.274,11.417,8.967,11.52,12.467,10.433,84.344,90.083,78.133,1012.592,1005.589,,7.85,10.2,2314.583,875.0,18.0,0.0,0.0,0.05,,22.667,22.667,22.667,6.0,6.0,,26.0,26.0,6.0,39.333,,6.0,1.0,,6.0,42.153,1.0,6
2021-06-22,13.644,16.633,11.033,7.171,9.833,5.25,10.485,11.7,8.933,66.052,84.467,49.167,1020.277,1013.242,,7.84,10.8,3188.542,1625.0,19.5,0.0,0.317,1.3,,22.667,22.667,22.667,6.0,6.0,,26.0,26.0,6.0,31.0,,6.0,1.0,,6.0,26.956,0.0,6
2021-06-23,15.017,20.8,7.983,7.094,9.367,5.567,11.042,13.717,7.2,61.892,90.75,38.733,1023.326,1016.29,,3.767,6.6,3370.833,1900.0,17.0,0.0,1.567,5.5,,22.667,22.667,22.667,6.0,6.0,,26.0,26.0,6.0,106.0,,6.0,1.0,,6.0,86.905,0.0,6
2021-06-24,16.131,20.083,9.433,11.6,14.433,7.75,13.607,16.283,8.817,75.44,94.3,59.417,1021.351,1014.37,1019.0,4.225,8.0,2541.667,1400.0,,0.0,0.567,3.267,,22.667,22.667,22.667,6.0,6.0,1.0,26.0,26.0,6.0,,,6.0,1.0,,6.0,265.18,0.0,6
2021-06-25,17.199,21.267,13.617,11.551,14.45,8.85,14.11,15.883,11.383,70.585,90.417,50.633,1016.133,1009.205,1014.0,5.483,8.0,3679.167,1925.0,17.0,0.0,0.683,1.75,,22.667,22.667,22.667,6.0,6.0,1.0,26.0,26.0,6.0,106.0,,6.0,1.0,,6.0,267.923,0.0,6
2021-06-26,17.565,21.683,13.783,11.487,13.45,7.183,14.244,16.1,12.683,69.56,90.7,40.8,1017.382,1010.438,,4.675,7.8,2885.208,932.5,,0.0,0.783,2.817,,22.667,22.667,22.667,6.0,6.0,,26.0,26.0,6.0,,,6.0,1.0,,6.0,92.157,0.0,6
2021-06-27,17.21,19.9,15.433,14.744,16.7,12.867,15.772,17.467,14.0,85.682,94.833,75.9,1015.342,1008.421,1012.75,6.192,9.2,951.354,135.0,,0.0,0.0,0.0,,22.667,22.667,22.667,6.0,6.0,1.0,26.0,26.0,6.0,,,6.0,1.0,,6.0,56.75,0.0,6
2021-06-28,17.03,20.05,15.367,15.42,16.667,14.517,16.076,17.85,14.95,90.56,97.667,77.267,1014.236,1007.336,1011.25,4.908,7.6,1094.896,217.5,,0.0,0.183,1.167,,22.667,22.667,22.667,6.0,6.0,1.0,26.0,26.0,6.0,,,6.0,1.0,,6.0,37.113,2.0,6
2021-06-29,15.732,18.217,14.417,12.783,14.6,10.65,14.1,15.05,13.183,83.11,94.75,63.567,1015.202,1008.254,,5.333,9.0,1841.458,380.0,,0.0,0.033,0.35,,22.667,22.667,22.667,6.0,6.0,,26.0,26.0,6.0,,,6.0,1.0,,6.0,15.952,1.0,6
2021-06-30,15.012,17.333,13.283,10.685,11.533,10.017,12.708,13.783,11.933,75.695,86.633,63.833,1017.282,1010.298,1014.333,4.692,7.4,3203.125,1425.0,,0.0,0.083,0.767,,22.667,22.667,22.667,6.0,6.0,1.0,26.0,26.0,6.0,,,6.0,1.0,,6.0,350.083,0.0,6
2021-07-01,17.158,21.3,12.533,11.564,13.15,9.633,14.065,16.5,11.467,70.704,90.5,56.467,1017.631,1010.703,,3.175,5.6,2330.208,1250.0,,0.0,1.017,3.833,,22.667,22.667,22.667,6.0,6.0,,26.0,26.0,6.0,,,6.0,1.0,,6.0,348.431,0.0,6
2021-07-02,18.922,23.283,14.967,13.719,15.533,11.25,15.919,17.8,13.667,73.181,92.733,49.567,1015.881,1009.002,1014.0,4.091,7.8,2047.812,445.0,,0.0,0.6,2.733,,22.667,22.667,22.667,6.0,6.0,1.0,26.0,26.0,6.0,,,6.0,1.0,,6.0,218.145,0.0,6
2021-07-03,18.104,20.95,15.95,14.632,16.35,12.867,16.074,17.65,14.817,80.65,92.3,66.033,1011.834,1004.949,,5.852,10.0,2802.083,825.0,,0.0,0.35,1.383,,22.667,22.667,22.667,6.0,6.0,,26.0,26.0,6.0,,,6.0,1.0,,6.0,187.327,0.0,6
2021-07-04,17.058,20.733,14.617,14.094,16.1,12.267,15.355,17.1,13.883,83.362,95.1,65.667,1007.568,1000.698,,7.07,12.4,2863.125,540.0,19.667,0.0,0.2,0.967,,22.667,22.667,22.667,6.0,6.0,,26.0,26.0,6.0,39.333,,6.0,1.0,,6.0,192.216,1.0,6
2021-07-05,16.267,20.25,13.9,12.138,14.017,10.217,14.0,15.233,13.183,78.16,96.65,54.467,1004.527,997.661,,7.116,12.0,2395.729,372.5,19.0,0.0,0.817,1.683,,22.667,22.667,22.667,6.0,6.0,,26.0,26.0,6.0,6.0,,6.0,1.0,,6.0,201.408,1.0,6
2021-07-06,15.167,18.467,13.033,12.465,14.433,10.217,13.681,15.233,11.967,84.445,96.717,61.2,999.993,993.131,,9.337,14.6,2567.812,307.5,25.0,0.0,0.433,1.733,,22.667,22.667,22.667,6.0,6.0,,26.0,26.0,6.0,39.333,,6.0,1.0,,6.0,211.869,1.0,6
2021-07-07,16.509,19.967,13.217,12.66,14.4,11.15,14.349,16.45,12.15,78.724,90.7,63.167,1011.743,1004.82,,8.367,12.8,2574.167,1155.0,19.5,0.0,0.467,1.417,,22.667,22.667,22.667,6.0,6.0,,26.0,26.0,6.0,56.0,,6.0,1.0,,6.0,210.744,0.0,6
2021-07-08,17.046,20.417,13.883,13.425,15.083,11.783,14.979,16.783,12.783,79.857,91.383,63.85,1019.476,1012.516,,5.034,8.4,2514.688,1002.5,,0.0,0.567,1.883,,22.667,22.667,22.667,6.0,6.0,,26.0,26.0,6.0,,,6.0,1.0,,6.0,215.694,1.0,6
2021-07-09,18.294,22.95,14.933,13.365,15.35,10.867,15.481,17.733,13.2,74.49,93.9,52.55,1020.488,1013.545,,4.9,9.0,2852.684,807.5,,0.0,0.583,1.433,,22.667,22.667,22.667,6.0,6.0,,26.0,26.0,6.0,,,6.0,1.0,,6.0,228.839,0.0,6
2021-07-10,15.778,18.183,13.383,11.597,12.967,10.333,13.5,14.983,12.15,76.598,89.95,65.017,1016.533,1009.565,,2.743,5.2,3825.0,2225.0,,0.0,0.1,0.45,,22.667,22.667,22.667,6.0,6.0,,26.0,26.0,6.0,,,6.0,1.0,,6.0,242.693,0.0,6
2021-07-11,16.395,20.983,11.783,12.678,14.133,10.933,14.292,16.417,11.417,80.015,96.583,59.767,1015.184,1008.244,,4.306,8.2,3107.257,522.5,,0.0,0.683,2.733,,22.667,22.667,22.667,6.0,6.0,,26.0,26.0,6.0,,,6.0,1.0,,6.0,199.56,1.0,6
2021-07-12,16.684,21.017,14.017,14.33,15.917,12.983,15.316,17.15,13.533,86.869,96.95,63.983,1011.107,1004.203,,3.2,6.4,2547.976,605.0,,0.0,0.233,0.55,,22.667,22.667,22.667,6.0,6.0,,26.0,26.0,6.0,,,6.0,1.0,,6.0,51.642,0.0,6
2021-07-13,18.444,22.05,15.533,14.294,15.5,12.933,16.033,17.433,14.733,77.978,96.267,59.433,1014.623,1007.744,,5.263,9.2,2921.268,702.5,,0.0,0.5,2.117,,22.667,22.667,22.667,6.0,6.0,,26.0,26.0,6.0,,,6.0,1.0,,6.0,281.822,0.0,6
2021-07-14,19.322,24.383,14.383,13.525,14.917,12.367,15.938,18.383,13.517,70.652,91.65,52.033,1017.902,1011.02,,6.691,10.2,3527.841,1475.0,17.0,0.0,1.567,3.633,,22.667,22.667,22.667,6.0,6.0,,26.0,26.0,6.0,6.0,,6.0,1.0,,6.0,330.816,0.0,6
2021-07-15,18.008,21.033,14.117,13.065,14.533,11.1,15.191,16.983,12.733,73.276,87.533,60.8,1022.376,1015.43,,6.003,9.0,3975.347,2425.0,,0.0,0.5,2.183,,22.667,22.667,22.667,6.0,6.0,,26.0,26.0,6.0,,,6.0,1.0,,6.0,212.853,0.0,6
2021-07-16,19.272,25.65,11.417,11.786,13.35,9.617,15.01,18.317,10.667,64.406,91.5,43.183,1026.592,1019.644,,5.781,10.6,3354.257,1200.0,17.333,0.0,2.267,7.083,,22.667,22.667,22.667,6.0,6.0,,26.0,26.0,6.0,39.333,,6.0,1.0,,6.0,17.038,0.0,6
2021-07-17,21.755,27.4,15.617,13.344,15.433,11.633,16.828,19.633,13.533,60.105,78.567,42.2,1027.865,1020.963,,4.093,7.2,4726.223,3000.0,,0.0,2.267,7.35,,22.667,22.667,22.667,6.0,6.0,,26.0,26.0,6.0,,,6.0,1.0,,6.0,49.872,0.0,6
2021-07-18,23.793,30.5,15.4,15.154,17.883,12.317,18.497,21.917,13.95,61.207,87.583,37.45,1024.63,1017.793,,2.804,5.4,4084.284,2450.0,16.0,0.0,2.167,6.817,,22.667,22.667,22.667,6.0,6.0,,26.0,26.0,6.0,56.0,,6.0,51.0,,6.0,298.558,0.0,6
2021-07-19,24.222,30.15,18.317,16.41,18.517,14.017,19.362,21.867,16.183,63.46,83.383,41.133,1020.636,1013.846,,3.513,7.2,3691.667,2125.0,,0.0,1.983,5.65,,22.667,22.667,22.667,6.0,6.0,,26.0,26.0,6.0,,,6.0,1.0,,6.0,187.876,0.0,6
2021-07-20,23.709,30.533,17.883,16.145,18.3,13.017,19.051,21.35,16.317,65.249,88.5,36.75,1019.691,1012.891,,4.069,9.0,3021.875,1200.0,,0.0,1.783,5.517,,22.667,22.667,22.667,6.0,6.0,,26.0,26.0,6.0,,,6.0,1.0,,6.0,149.725,0.0,6
2021-07-21,23.759,29.417,17.417,16.276,18.367,13.967,19.133,21.117,16.367,65.428,91.967,40.083,1022.064,1015.243,,3.298,6.4,2479.755,650.0,,0.0,1.9,5.883,,22.667,22.667,22.667,6.0,6.0,,26.0,26.0,6.0,,,6.0,1.0,,6.0,126.353,0.0,6
2021-07-22,22.86,28.333,17.15,14.76,16.317,12.817,17.996,20.317,15.683,62.318,86.233,40.733,1022.418,1015.572,,3.986,6.6,2503.958,620.0,,0.0,1.8,6.183,,22.667,22.667,22.667,6.0,6.0,,26.0,26.0,6.0,,,6.0,1.0,,6.0,85.274,0.0,6
2021-07-23,19.012,23.267,15.583,13.504,14.45,12.233,15.832,17.8,14.2,71.349,87.533,54.467,1016.79,1009.89,,6.872,11.0,2784.375,1375.0,20.5,0.0,1.633,5.4,,22.667,22.667,22.667,6.0,6.0,,26.0,26.0,6.0,6.0,,6.0,51.0,,6.0,136.341,0.0,6
2021-07-24,18.461,22.467,15.983,15.013,16.433,13.017,16.421,18.583,14.5,80.767,91.033,65.917,1008.276,1001.435,,5.744,10.6,1357.604,445.0,29.0,0.0,0.283,1.033,,22.667,22.667,22.667,6.0,6.0,,26.0,26.0,6.0,6.0,,6.0,1.0,,6.0,101.747,1.0,6
2021-07-25,18.235,21.033,16.867,16.012,17.317,15.217,16.91,17.983,15.983,87.242,94.833,72.317,1007.611,1000.774,,4.223,8.6,1099.479,257.5,,0.0,0.0,0.183,,22.667,22.667,22.667,6.0,6.0,,26.0,26.0,6.0,,,6.0,1.0,,6.0,54.883,2.0,6
2021-07-26,19.778,24.483,16.15,15.589,16.567,14.283,17.256,19.033,15.65,78.334,95.283,54.15,1009.702,1002.881,,3.921,7.6,1659.271,407.5,,0.0,0.8,2.1,,22.667,22.667,22.667,6.0,6.0,,26.0,26.0,6.0,,,6.0,1.0,,6.0,226.665,0.0,6
2021-07-27,18.603,21.5,16.533,14.377,16.467,12.417,16.147,17.85,14.3,76.901,89.267,63.917,1008.242,1001.397,,6.345,10.2,3452.083,950.0,,0.0,0.45,1.2,,22.667,22.667,22.667,6.0,6.0,,26.0,26.0,6.0,,,6.0,1.0,,6.0,215.764,0.0,6
2021-07-28,16.687,19.833,13.517,13.588,15.55,10.7,14.934,16.467,12.067,82.358,92.617,64.417,1006.986,1000.121,,8.749,13.0,3216.354,542.5,19.0,0.0,0.517,1.917,,22.667,22.667,22.667,6.0,6.0,,26.0,26.0,6.0,39.333,,6.0,1.0,,6.0,211.906,0.0,6
2021-07-29,16.747,21.417,12.167,10.127,11.433,7.95,13.217,15.1,11.15,66.92,89.133,42.833,1009.671,1002.772,,9.469,13.4,3630.389,2200.0,20.5,0.0,1.717,4.85,,22.667,22.667,22.667,6.0,6.0,,26.0,26.0,6.0,56.0,,6.0,1.0,,6.0,243.194,0.0,6
2021-07-30,16.084,18.4,14.4,12.778,14.833,11.4,14.246,15.967,13.217,81.108,94.0,70.767,1003.214,996.351,,10.08,17.0,3114.015,600.0,27.2,0.0,0.217,1.117,,22.667,22.667,22.667,6.0,6.0,,26.0,26.0,6.0,26.0,,6.0,1.0,,6.0,202.665,1.0,6
2021-07-31,16.169,19.767,13.283,13.257,15.0,11.617,14.523,16.55,12.417,83.369,93.7,65.917,1009.141,1002.243,,5.667,9.0,3971.146,1562.5,,0.0,0.083,0.767,,22.667,22.667,22.667,6.0,6.0,,26.0,26.0,6.0,,,6.0,1.0,,6.0,260.066,1.0,6
2021-08-01,16.7,20.583,14.017,13.433,14.9,11.717,14.844,16.567,12.783,81.878,95.383,62.717,1011.289,1004.391,,4.15,8.6,3550.0,1400.0,,0.0,0.167,0.9,,22.667,22.667,22.667,6.0,6.0,,26.0,26.0,6.0,,,6.0,1.0,,6.0,246.878,0.0,6
2021-08-02,15.926,19.467,12.683,10.737,12.2,9.1,13.148,14.683,11.8,72.638,91.067,52.95,1014.864,1007.909,,3.465,7.2,3957.708,907.5,,0.0,0.35,1.483,,22.667,22.667,22.667,6.0,6.0,,26.0,26.0,6.0,,,6.0,1.0,,6.0,110.538,0.0,6
2021-08-03,16.222,21.433,11.183,11.256,13.35,9.3,13.504,15.417,10.7,74.317,95.133,47.033,1013.056,1006.125,,3.254,6.4,3502.292,1355.0,,0.0,0.733,2.5,,22.667,22.667,22.667,6.0,6.0,,26.0,26.0,6.0,,,6.0,1.0,,6.0,164.063,0.0,6
2021-08-04,17.248,22.4,11.867,11.434,13.067,9.55,14.04,16.033,11.283,71.051,94.733,45.733,1012.73,1005.826,,3.29,6.6,3217.708,1100.0,13.0,0.0,1.45,4.283,,22.667,22.667,22.667,6.0,6.0,,26.0,26.0,6.0,106.0,,6.0,1.0,,6.0,116.046,0.0,6
2021-08-05,16.68,20.383,13.067,13.316,15.967,11.233,14.776,16.383,12.2,81.478,94.95,58.517,1004.648,997.79,,6.592,12.0,2627.708,417.5,18.667,0.0,0.5,2.167,,22.667,22.667,22.667,6.0,6.0,,26.0,26.0,6.0,39.333,,6.0,1.0,,6.0,193.615,0.0,6
2021-08-06,17.085,21.6,14.15,13.403,15.35,11.05,14.996,16.933,12.717,79.799,91.883,53.95,998.606,991.804,,9.509,15.2,2965.0,985.0,21.667,0.0,0.45,1.983,,22.667,22.667,22.667,6.0,6.0,,26.0,26.0,6.0,39.333,,6.0,1.0,,6.0,196.195,1.0,6
2021-08-07,15.962,19.833,13.567,12.984,14.917,11.583,14.287,16.433,12.617,83.204,95.35,63.283,997.908,991.077,,7.193,12.2,2978.854,332.5,19.5,0.0,0.65,2.033,,22.667,22.667,22.667,6.0,6.0,,26.0,26.0,6.0,56.0,,6.0,1.0,,6.0,187.161,1.0,6
2021-08-08,15.671,19.25,13.417,12.514,14.75,10.733,13.919,16.3,12.117,81.806,91.717,68.967,1005.703,998.812,,9.91,14.0,2901.354,932.5,22.5,0.0,0.45,2.283,,22.667,22.667,22.667,6.0,6.0,,26.0,26.0,6.0,6.0,,6.0,1.0,,6.0,204.564,1.0,6
2021-08-09,15.876,20.933,13.067,13.244,14.75,11.45,14.393,16.25,12.3,85.409,95.683,56.317,1011.645,1004.725,,6.998,12.8,2592.396,575.0,22.667,0.0,0.483,1.433,,22.667,22.667,22.667,6.0,6.0,,26.0,26.0,6.0,39.333,,6.0,1.0,,6.0,198.715,0.0,6
2021-08-10,17.547,23.083,12.733,13.094,14.0,11.767,14.997,17.35,12.367,77.057,96.767,53.15,1015.443,1008.54,,5.398,7.8,3002.917,970.0,,0.0,0.9,4.167,,22.667,22.667,22.667,6.0,6.0,,26.0,26.0,6.0,,,6.0,1.0,,6.0,229.207,0.0,6
2021-08-11,17.892,23.017,12.95,12.29,14.0,10.267,14.728,17.517,12.15,71.333,90.733,52.367,1018.046,1011.116,,5.968,9.8,4408.333,2450.0,,0.0,1.633,4.767,,22.667,22.667,22.667,6.0,6.0,,26.0,26.0,6.0,,,6.0,1.0,,6.0,197.32,0.0,6
2021-08-12,18.243,21.633,15.633,14.802,16.667,13.0,16.219,18.1,14.283,80.742,92.3,66.05,1018.247,1011.326,,6.361,10.2,3412.083,535.0,16.0,0.0,0.233,1.25,,22.667,22.667,22.667,6.0,6.0,,26.0,26.0,6.0,6.0,,6.0,1.0,,6.0,187.152,0.0,6
2021-08-13,17.51,21.333,13.75,13.59,14.967,12.1,15.251,17.2,12.9,78.674,92.317,61.733,1020.899,1013.942,,7.258,10.8,2558.333,1525.0,17.5,0.0,0.05,0.483,,22.667,22.667,22.667,6.0,6.0,,26.0,26.0,6.0,56.0,,6.0,1.0,,6.0,196.776,0.0,6
2021-08-14,18.822,24.0,14.283,13.675,15.4,11.483,15.841,18.417,13.683,73.645,94.033,51.4,1019.69,1012.779,,6.495,9.8,2784.375,1200.0,,0.0,0.767,3.5,,22.667,22.667,22.667,6.0,6.0,,26.0,26.0,6.0,,,6.0,1.0,,6.0,221.47,0.0,6
2021-08-15,18.025,22.667,14.25,13.453,16.217,11.567,15.406,18.1,13.3,75.681,92.217,52.5,1013.376,1006.483,,7.212,12.6,3411.771,1057.5,16.0,0.0,0.533,2.133,,22.667,22.667,22.667,6.0,6.0,,26.0,26.0,6.0,6.0,,6.0,1.0,,6.0,232.666,0.0,6
2021-08-16,15.778,18.167,12.317,10.221,14.15,8.417,12.843,15.217,10.85,70.238,88.167,54.9,1017.173,1010.207,,7.64,11.2,2714.583,1175.0,20.0,0.0,0.333,1.55,,22.667,22.667,22.667,6.0,6.0,,26.0,26.0,6.0,6.0,,6.0,1.0,,6.0,312.949,0.0,6
2021-08-17,15.513,18.133,11.217,12.071,14.2,9.25,13.606,15.55,10.283,80.109,90.233,73.0,1019.619,1012.627,,6.394,10.0,3778.125,850.0,16.0,0.0,0.0,0.0,,22.667,22.667,22.667,6.0,6.0,,26.0,26.0,6.0,56.0,,6.0,1.0,,6.0,239.419,0.0,6
2021-08-18,18.084,22.333,15.35,13.926,15.067,11.9,15.686,17.533,13.75,77.831,95.083,59.35,1016.703,1009.79,,7.55,11.6,3798.542,715.0,19.0,0.0,0.5,1.533,,22.667,22.667,22.667,6.0,6.0,,26.0,26.0,6.0,56.0,,6.0,1.0,,6.0,277.64,0.0,6
2021-08-19,17.026,20.667,13.75,12.639,15.983,10.117,14.577,17.067,12.283,75.96,93.117,58.1,1014.222,1007.304,,6.198,9.0,3635.312,702.5,,0.0,0.467,1.65,,22.667,22.667,22.667,6.0,6.0,,26.0,26.0,6.0,,,6.0,1.0,,6.0,212.98,0.0,6
2021-08-20,17.541,20.617,13.983,14.172,15.3,12.917,15.59,16.8,13.517,81.322,95.4,63.65,1016.074,1009.155,,4.733,6.6,3914.583,2075.0,,0.0,0.0,0.45,,22.667,22.667,22.667,6.0,6.0,,26.0,26.0,6.0,,,6.0,1.0,,6.0,229.262,0.0,6
2021-08-21,17.667,20.3,15.633,14.841,16.833,13.3,16.012,18.0,14.75,83.751,92.25,72.567,1015.367,1008.461,,3.771,7.2,2989.062,837.5,,0.0,0.15,0.533,,22.667,22.667,22.667,6.0,6.0,,26.0,26.0,6.0,,,6.0,1.0,,6.0,142.249,0.0,6
2021-08-22,18.042,21.883,15.25,14.858,16.133,13.667,16.174,17.55,14.45,82.462,93.333,61.05,1018.93,1012.009,,5.973,10.0,3592.708,1300.0,18.0,0.0,0.7,1.467,,22.667,22.667,22.667,6.0,6.0,,26.0,26.0,6.0,6.0,,6.0,1.0,,6.0,302.401,0.0,6
2021-08-23,17.376,20.683,14.367,12.463,15.917,10.067,14.654,16.567,12.25,73.791,91.45,53.8,1027.625,1020.626,,5.593,8.0,3585.607,985.0,,0.0,0.633,1.733,,22.667,22.667,22.667,6.0,6.0,,26.0,26.0,6.0,,,6.0,1.0,,6.0,59.828,0.0,6
2021-08-24,17.172,22.383,13.05,11.501,13.667,9.417,14.051,16.217,11.95,71.12,91.333,45.667,1029.294,1022.27,,5.83,9.4,3550.0,1775.0,13.0,0.0,0.983,3.15,,22.667,22.667,22.667,6.0,6.0,,26.0,26.0,6.0,106.0,,6.0,1.0,,6.0,93.325,0.0,6
2021-08-25,17.053,21.533,13.55,11.971,12.95,10.8,14.237,15.883,12.683,73.22,91.667,51.1,1025.456,1018.466,,5.837,9.2,4350.312,2282.5,,0.0,1.617,4.283,,22.667,22.667,22.667,6.0,6.0,,26.0,26.0,6.0,,,6.0,1.0,,6.0,30.61,0.0,6
2021-08-26,16.632,18.083,15.183,10.497,13.2,8.367,13.375,14.667,11.9,67.462,84.233,57.0,1021.995,1015.017,,7.523,10.6,3815.625,2650.0,16.5,0.0,0.033,0.2,,22.667,22.667,22.667,6.0,6.0,,26.0,26.0,6.0,56.0,,6.0,1.0,,6.0,15.752,0.0,6
2021-08-27,15.463,18.917,12.383,10.121,11.367,9.183,12.635,14.367,11.15,71.074,86.867,54.5,1023.356,1016.345,,5.885,8.8,3406.25,1925.0,,0.0,0.5,1.767,,22.667,22.667,22.667,6.0,6.0,,26.0,26.0,6.0,,,6.0,51.0,,6.0,81.144,0.0,6
2021-08-28,15.619,19.75,11.2,11.253,12.85,9.317,13.233,15.467,10.433,76.301,94.083,57.133,1025.795,1018.762,,5.388,9.2,3102.917,1020.0,16.0,0.0,0.217,0.967,,22.667,22.667,22.667,6.0,6.0,,26.0,26.0,6.0,6.0,,6.0,1.0,,6.0,18.674,0.0,6
2021-08-29,14.883,18.667,10.083,10.04,11.783,8.217,12.314,14.067,9.583,74.094,94.317,53.217,1025.247,1018.204,,4.825,9.0,3889.688,1482.5,18.0,0.0,0.383,1.533,,22.667,22.667,22.667,6.0,6.0,,26.0,26.0,6.0,6.0,,6.0,1.0,,6.0,8.733,0.0,6
2021-08-30,15.378,16.617,13.733,11.583,12.983,9.367,13.326,14.533,12.367,78.266,88.433,66.05,1026.07,1019.035,,7.095,9.6,3791.667,1275.0,16.5,0.0,0.0,0.033,,22.667,22.667,22.667,6.0,6.0,,26.0,26.0,6.0,56.0,,6.0,1.0,,6.0,20.077,1.0,6
2021-08-31,15.561,18.2,13.85,11.822,13.017,10.433,13.515,14.867,12.5,78.638,89.833,64.85,1029.309,1022.255,,6.777,9.6,3265.104,887.5,17.0,0.0,0.0,0.083,,22.667,22.667,22.667,6.0,6.0,,26.0,26.0,6.0,106.0,,6.0,1.0,,6.0,23.267,0.0,6
2021-09-01,15.951,18.067,14.133,11.314,12.15,10.367,13.436,14.433,12.483,74.089,85.55,62.267,1030.643,1023.597,,6.32,8.6,2988.542,1200.0,,0.0,0.0,0.217,,22.667,22.667,22.667,6.0,6.0,,26.0,26.0,6.0,,,6.0,1.0,,6.0,29.255,0.0,6
2021-09-02,16.646,19.417,14.883,11.374,12.217,10.25,13.776,14.783,12.9,71.473,83.267,57.483,1027.532,1020.518,,6.546,10.2,2651.042,1375.0,17.5,0.0,0.45,1.183,,22.667,22.667,22.667,6.0,6.0,,26.0,26.0,6.0,56.0,,6.0,1.0,,6.0,47.253,0.0,6
2021-09-03,17.121,21.25,13.883,12.379,13.883,10.417,14.457,16.817,12.217,74.135,84.55,60.867,1021.582,1014.612,,4.842,7.2,1703.125,1050.0,,0.0,0.2,1.35,,22.667,22.667,22.667,6.0,6.0,,26.0,26.0,6.0,,,6.0,1.0,,6.0,71.014,0.0,6
2021-09-04,16.378,18.85,13.5,12.774,14.3,10.817,14.351,16.1,12.133,79.412,87.467,71.367,1018.812,1011.847,,5.038,7.6,1498.958,900.0,,0.0,0.183,0.45,,22.667,22.667,22.667,6.0,6.0,,26.0,26.0,6.0,,,6.0,1.0,,6.0,71.544,0.0,6
2021-09-05,18.737,25.35,13.917,14.089,16.25,12.1,15.991,19.55,12.967,76.04,92.617,52.4,1020.465,1013.555,,3.598,6.0,1209.167,537.5,,0.0,1.217,3.55,,22.667,22.667,22.667,6.0,6.0,,26.0,26.0,6.0,,,6.0,1.0,,6.0,82.233,0.0,6
2021-09-06,20.282,27.55,13.667,15.234,17.383,12.733,17.207,20.417,13.2,75.212,95.95,46.517,1022.955,1016.062,,1.809,4.0,1710.625,412.5,,0.0,1.433,3.85,,22.667,22.667,22.667,6.0,6.0,,26.0,26.0,6.0,,,6.0,1.0,,6.0,84.179,0.0,6
2021-09-07,22.121,29.15,15.833,13.941,17.15,9.05,17.308,20.383,14.6,63.318,91.5,37.833,1020.583,1013.762,1019.111,3.845,7.4,2300.725,750.0,,0.0,1.933,5.65,,22.667,22.667,22.667,6.0,6.0,1.0,26.0,26.0,6.0,,,6.0,1.0,,6.0,102.544,0.0,6
2021-09-08,21.935,28.967,16.283,14.085,17.383,11.217,17.317,19.433,14.883,64.574,92.433,34.183,1012.562,1005.792,,4.796,9.0,1981.562,320.0,17.0,0.0,1.7,5.017,,22.667,22.667,22.667,6.0,6.0,,26.0,26.0,6.0,6.0,,6.0,1.0,,6.0,104.529,0.0,6
2021-09-09,18.72,22.117,16.35,16.151,17.65,14.983,17.169,19.033,15.883,85.62,97.067,69.2,1008.519,1001.681,,5.477,9.6,2508.438,182.5,,0.0,0.1,0.583,,22.667,22.667,22.667,6.0,6.0,,26.0,26.0,6.0,,,6.0,1.0,,6.0,195.822,0.0,6
2021-09-10,18.473,21.1,16.867,16.044,17.417,15.117,17.01,18.317,16.067,86.046,93.5,71.25,1010.698,1003.839,,6.014,9.4,2917.604,372.5,,0.0,0.067,0.45,,22.667,22.667,22.667,6.0,6.0,,26.0,26.0,6.0,,,6.0,1.0,,6.0,211.999,1.0,6
2021-09-11,18.43,22.25,14.067,13.587,15.95,10.05,15.683,17.1,12.05,74.642,90.2,51.717,1016.259,1009.36,,6.48,9.4,3386.458,1525.0,,0.0,0.617,1.583,,22.667,22.667,22.667,6.0,6.0,,26.0,26.0,6.0,,,6.0,1.0,,6.0,246.777,0.0,6
2021-09-12,16.375,20.717,11.917,11.465,13.433,9.817,13.677,15.733,11.1,74.28,93.283,53.383,1018.659,1011.697,,3.023,6.4,3652.083,1600.0,5.0,0.0,0.483,2.2,,22.667,22.667,22.667,6.0,6.0,,26.0,26.0,6.0,6.0,,6.0,51.0,,6.0,299.482,0.0,6
2021-09-13,16.864,20.433,13.867,12.246,13.467,10.45,14.297,15.65,12.85,75.103,88.5,54.567,1017.566,1010.62,,5.577,8.2,3734.375,2050.0,,0.0,0.033,0.65,,22.667,22.667,22.667,6.0,6.0,,26.0,26.0,6.0,,,6.0,1.0,,6.0,91.436,0.0,6
2021-09-14,17.237,19.883,15.783,15.727,17.633,13.45,16.345,18.25,14.55,90.979,96.533,81.35,1011.684,1004.796,,3.289,5.8,958.333,182.5,,0.0,0.05,0.467,,22.667,22.667,22.667,6.0,6.0,,26.0,26.0,6.0,,,6.0,1.0,,6.0,66.338,1.0,6
2021-09-15,16.751,20.133,13.217,13.139,14.95,11.4,14.71,16.067,12.433,80.097,94.1,59.95,1014.233,1007.307,,3.729,6.6,2101.83,577.5,13.0,0.0,0.75,1.5,,22.667,22.667,22.667,6.0,6.0,,26.0,26.0,6.0,106.0,,6.0,1.0,,6.0,278.401,0.0,6
2021-09-16,16.443,22.717,10.783,12.612,14.583,10.15,14.244,17.183,10.467,79.946,96.6,53.383,1017.452,1010.508,,4.006,7.8,2079.896,565.0,14.0,0.0,1.533,4.15,,22.667,22.667,22.667,6.0,6.0,,26.0,26.0,6.0,106.0,,6.0,1.0,,6.0,238.42,0.0,6
2021-09-17,16.63,21.117,12.917,12.844,13.683,11.533,14.483,16.467,12.483,79.858,96.55,56.867,1014.614,1007.696,,4.205,7.2,2642.917,415.0,,0.0,0.783,3.083,,22.667,22.667,22.667,6.0,6.0,,26.0,26.0,6.0,,,6.0,1.0,,6.0,193.563,0.0,6
2021-09-18,18.156,23.817,13.133,12.754,15.667,10.717,15.089,17.783,12.467,73.087,95.367,47.2,1013.84,1006.962,,3.461,7.0,2805.208,625.0,,0.0,0.75,2.367,,22.667,22.667,22.667,6.0,6.0,,26.0,26.0,6.0,,,6.0,1.0,,6.0,127.057,1.0,6
2021-09-19,16.413,18.967,14.383,14.078,15.817,12.0,15.073,16.617,13.233,86.249,94.65,72.967,1014.481,1007.553,,3.287,6.6,1907.812,462.5,16.0,0.0,0.017,0.45,,22.667,22.667,22.667,6.0,6.0,,26.0,26.0,6.0,106.0,,6.0,1.0,,6.0,304.85,1.0,6
2021-09-20,15.459,18.983,11.817,11.938,13.5,9.867,13.507,15.6,10.783,79.992,91.583,65.883,1022.929,1015.916,,4.969,8.4,3095.625,982.5,,0.0,0.75,1.283,,22.667,22.667,22.667,6.0,6.0,,26.0,26.0,6.0,,,6.0,1.0,,6.0,279.287,0.0,6
2021-09-21,15.341,21.283,10.533,11.095,12.967,9.233,13.025,15.6,10.2,78.019,97.317,48.583,1030.144,1023.086,,2.242,4.4,2524.479,547.5,,0.0,1.3,4.1,,22.667,22.667,22.667,6.0,6.0,,26.0,26.0,6.0,,,6.0,1.0,,6.0,269.628,0.0,6
2021-09-22,15.567,21.483,10.3,11.378,13.267,9.45,13.239,16.283,9.867,77.849,96.85,54.933,1027.429,1020.4,,4.19,9.4,2682.917,790.0,,0.0,1.4,4.083,,22.667,22.667,22.667,6.0,6.0,,26.0,26.0,6.0,,,6.0,1.0,,6.0,243.692,0.0,6
2021-09-23,15.986,20.717,11.7,13.033,15.45,10.067,14.301,17.483,10.883,83.08,92.633,69.917,1020.305,1013.338,1017.542,6.475,10.4,3705.208,2275.0,,0.0,0.55,2.117,,22.667,22.667,22.667,6.0,6.0,1.0,26.0,26.0,6.0,,,6.0,1.0,,6.0,248.96,0.0,6
2021-09-24,17.06,23.133,12.667,13.241,15.117,11.483,14.863,17.867,12.333,79.793,96.867,55.783,1016.16,1009.228,1013.333,6.025,9.0,3068.854,515.0,,0.0,1.167,3.8,,22.667,22.667,22.667,6.0,6.0,1.0,26.0,26.0,6.0,,,6.0,47.667,,6.0,234.909,0.0,6
2021-09-25,16.428,18.45,13.167,14.915,15.933,12.05,15.542,16.8,12.567,90.851,96.6,82.817,1014.152,1007.231,1011.333,2.708,5.4,1822.938,331.5,,0.0,0.0,0.067,,22.667,22.667,22.667,6.0,6.0,1.0,26.0,26.0,6.0,,,6.0,1.0,,6.0,221.471,0.0,6
2021-09-26,16.927,22.067,13.217,13.983,16.483,11.55,15.224,17.867,12.767,83.895,96.983,61.783,1011.712,1004.823,1008.833,5.242,11.0,2216.667,320.0,,0.0,0.517,1.6,,22.667,22.667,22.667,6.0,6.0,1.0,26.0,26.0,6.0,,,6.0,1.0,,6.0,187.096,0.0,6
2021-09-27,15.65,17.983,11.333,10.747,15.717,6.05,13.124,16.167,9.733,74.051,93.55,46.633,1010.907,1003.982,1007.958,9.875,15.4,3755.833,390.0,28.0,0.0,0.85,2.55,,22.667,22.667,22.667,6.0,6.0,1.0,26.0,26.0,6.0,26.0,,6.0,1.0,,6.0,215.763,1.0,6
2021-09-28,13.519,17.85,9.917,10.713,12.883,7.983,12.022,14.7,9.017,83.643,95.8,66.583,1015.632,1008.627,1012.625,7.333,13.4,2651.25,510.0,22.25,0.0,0.483,1.417,,22.667,22.667,22.667,6.0,6.0,1.0,26.0,26.0,6.0,31.0,,6.0,47.667,,6.0,180.049,0.0,6
2021-09-29,11.41,15.217,8.033,6.688,10.75,3.717,9.19,11.233,6.6,74.398,94.433,48.7,1019.694,1012.6,1011.8,7.952,13.0,4786.458,3625.0,21.0,0.0,1.367,3.817,,22.667,22.667,22.667,6.0,6.0,1.0,26.0,26.0,6.0,6.0,,6.0,1.0,,6.0,274.0,0.0,6
2021-09-30,12.447,15.867,6.8,9.744,13.983,4.567,11.069,14.283,5.9,83.894,96.1,71.333,1020.426,1013.364,,8.342,14.2,2497.188,350.0,24.25,0.0,0.0,0.083,,22.667,22.667,22.667,6.0,6.0,,26.0,26.0,6.0,31.0,,6.0,1.0,,6.0,206.266,1.0,6
2021-10-01,14.334,17.283,8.817,10.547,14.783,5.183,12.418,15.283,7.5,79.391,95.983,50.317,1010.184,1003.233,,8.453,13.4,3073.854,307.5,21.5,0.0,0.583,1.55,,22.667,22.667,22.667,6.0,6.0,,26.0,26.0,6.0,56.0,,6.0,1.0,,6.0,230.198,1.0,6
2021-10-02,11.848,15.917,7.417,10.054,15.383,5.233,10.958,15.6,6.483,88.963,98.333,76.783,998.097,991.181,,6.998,13.4,2709.375,225.0,22.333,0.0,0.0,0.0,,22.667,22.667,22.667,6.0,6.0,,26.0,26.0,6.0,39.333,,6.0,1.0,,6.0,164.208,1.0,6
2021-10-03,12.481,16.4,10.183,9.031,10.65,7.25,10.733,12.267,9.45,80.508,93.033,55.683,998.14,991.228,,7.9,15.2,4319.792,2025.0,27.0,0.0,0.9,2.483,,22.667,22.667,22.667,6.0,6.0,,26.0,26.0,6.0,6.0,,6.0,1.0,,6.0,225.092,1.0,6
2021-10-04,12.781,16.533,10.133,9.966,11.467,8.517,11.317,12.933,9.533,83.752,93.45,62.85,1008.181,1001.217,,7.019,11.6,3187.027,950.0,20.333,0.0,0.733,2.283,,22.667,22.667,22.667,6.0,6.0,,26.0,26.0,6.0,39.333,,6.0,1.0,,6.0,191.979,1.0,6
2021-10-05,12.503,14.46,10.38,9.078,12.5,6.68,10.802,12.92,8.76,80.352,96.14,63.7,1002.667,993.619,,10.729,14.75,4171.111,276.667,23.0,0.0,0.64,1.96,,6.0,6.0,6.0,6.0,6.0,,6.0,6.0,6.0,6.0,,6.0,1.0,,6.0,246.72,1.0,5
2021-10-06,12.397,16.64,9.38,7.263,9.18,6.14,9.885,11.8,8.14,71.942,88.1,50.36,1018.86,1009.66,,8.878,14.0,4600.0,2900.0,22.0,0.0,1.7,5.34,,6.0,6.0,6.0,6.0,6.0,,6.0,6.0,6.0,6.0,,6.0,1.0,,6.0,269.095,0.0,5
2021-10-07,14.966,17.52,11.66,13.551,15.84,9.26,14.174,16.28,10.66,91.262,97.66,81.26,1026.136,1016.949,,4.048,6.5,1706.214,266.667,6.0,0.0,0.0,0.04,,6.0,6.0,6.0,6.0,6.0,,6.0,6.0,6.0,6.0,,6.0,1.0,,6.0,195.138,0.0,5
2021-10-08,15.169,17.22,11.42,13.413,14.62,9.28,14.182,15.44,10.62,89.441,97.28,77.14,1029.549,1020.344,,2.5,5.25,1716.806,166.667,,0.0,0.0,0.02,,6.0,6.0,6.0,6.0,6.0,,6.0,6.0,6.0,,,6.0,1.0,,6.0,192.844,1.0,5
2021-10-09,12.558,18.7,7.967,9.946,12.9,7.483,11.162,14.517,7.867,85.627,99.567,59.167,1028.578,1021.444,,1.825,4.2,763.812,35.75,,0.0,0.95,2.917,,22.667,22.667,22.667,6.0,6.0,,26.0,26.0,6.0,,,6.0,1.0,,6.0,252.734,0.0,6
2021-10-10,12.734,17.933,8.65,10.053,13.9,6.567,11.333,15.15,8.233,84.762,97.767,63.533,1029.428,1022.3,,3.508,6.8,2246.969,270.75,,0.0,0.65,1.317,,22.667,22.667,22.667,6.0,6.0,,26.0,26.0,6.0,,,6.0,1.0,,6.0,317.395,1.0,6
2021-10-11,10.631,15.383,7.35,7.466,8.85,5.983,9.078,11.517,6.85,81.822,95.9,58.617,1030.472,1023.278,,3.864,6.4,2763.542,1125.0,,0.0,0.65,2.8,,22.667,22.667,22.667,6.0,6.0,,26.0,26.0,6.0,,,6.0,1.0,,6.0,309.338,0.0,6
2021-10-12,11.252,15.733,7.083,9.143,11.517,6.55,10.163,13.033,6.85,87.547,98.133,68.983,1025.894,1018.771,,4.467,8.8,2562.083,715.0,,0.0,0.333,0.95,,22.667,22.667,22.667,6.0,6.0,,26.0,26.0,6.0,,,6.0,1.0,,6.0,315.462,0.0,6
2021-10-13,11.548,15.5,7.067,9.032,11.583,5.817,10.261,13.2,6.617,84.993,96.933,70.167,1027.822,1020.682,,3.073,6.8,3347.917,1475.0,,0.0,0.317,1.4,,22.667,22.667,22.667,6.0,6.0,,26.0,26.0,6.0,,,6.0,1.0,,6.0,278.534,0.0,6
2021-10-14,13.572,17.717,9.717,10.391,12.033,8.683,11.89,13.65,9.417,82.228,97.717,60.15,1023.588,1016.539,,5.532,11.0,3030.208,1000.0,13.0,0.0,0.533,2.067,,22.667,22.667,22.667,6.0,6.0,,26.0,26.0,6.0,6.0,,6.0,1.0,,6.0,244.972,0.0,6
2021-10-15,12.518,14.033,9.067,8.565,11.183,5.017,10.579,12.067,7.583,77.535,91.283,59.7,1020.352,1013.284,,4.553,8.6,3073.958,1425.0,11.0,0.0,0.1,0.417,,22.667,22.667,22.667,6.0,6.0,,26.0,26.0,6.0,56.0,,6.0,1.0,,6.0,88.936,0.0,6
2021-10-16,11.656,15.85,8.1,9.661,12.4,6.0,10.634,13.833,7.2,87.792,96.45,75.367,1020.33,1013.259,,2.72,5.0,2138.646,425.0,10.5,0.0,0.383,0.717,,22.667,22.667,22.667,6.0,6.0,,26.0,26.0,6.0,56.0,,6.0,1.0,,6.0,128.418,1.0,6
2021-10-17,12.545,16.6,9.367,10.447,12.517,8.533,11.433,13.717,9.017,87.754,97.7,67.65,1017.417,1010.397,,4.192,9.2,2335.312,502.5,13.5,0.0,0.133,0.517,,22.667,22.667,22.667,6.0,6.0,,26.0,26.0,6.0,56.0,,6.0,1.0,,6.0,164.475,1.0,6
2021-10-18,13.417,16.733,8.3,12.429,15.967,7.817,12.863,16.133,8.067,93.968,99.367,81.167,1016.172,1009.176,,5.313,8.6,1482.532,130.0,21.0,0.0,0.0,0.0,,22.667,22.667,22.667,6.0,6.0,,26.0,26.0,6.0,6.0,,6.0,1.0,,6.0,167.106,1.0,6
2021-10-19,17.71,19.683,16.367,15.539,16.917,14.183,16.436,17.3,15.867,87.594,98.25,72.4,1011.774,1004.894,,10.475,16.0,1369.688,267.5,27.4,0.0,0.233,0.6,,22.667,22.667,22.667,6.0,6.0,,26.0,26.0,6.0,26.0,,6.0,1.0,,6.0,216.566,1.0,6
2021-10-20,15.126,17.95,10.217,12.403,15.433,9.133,13.658,15.817,9.783,84.642,96.567,62.283,998.346,991.498,,9.722,17.4,1831.354,180.0,28.5,0.0,0.683,1.817,,22.667,22.667,22.667,6.0,6.0,,26.0,26.0,6.0,6.0,,6.0,1.0,,6.0,217.231,2.0,6
2021-10-21,8.915,11.9,5.517,4.269,8.917,1.717,6.894,9.533,4.5,73.873,93.15,52.617,1008.161,1001.084,,8.742,15.8,4154.167,800.0,23.4,0.0,1.15,3.3,,22.667,22.667,22.667,6.0,6.0,,26.0,26.0,6.0,26.0,,6.0,1.0,,6.0,294.07,0.0,6
2021-10-22,9.149,13.167,4.967,5.497,7.8,3.3,7.457,9.833,4.3,78.572,91.55,59.933,1021.184,1014.033,,7.158,12.0,4250.0,2450.0,17.0,0.0,0.533,1.717,,22.667,22.667,22.667,6.0,6.0,,26.0,26.0,6.0,56.0,,6.0,1.0,,6.0,263.293,0.0,6
2021-10-23,11.239,13.45,9.167,7.029,8.183,5.317,9.222,10.267,8.367,75.876,89.95,60.033,1024.871,1017.74,,3.997,7.0,4593.75,3500.0,,0.0,0.0,0.017,,22.667,22.667,22.667,6.0,6.0,,26.0,26.0,6.0,,,6.0,1.0,,6.0,195.226,0.0,6
2021-10-24,12.89,14.95,11.417,8.332,12.233,6.2,10.656,12.833,9.117,74.39,94.483,60.917,1017.944,1010.901,,6.116,10.0,3866.458,630.0,,0.0,0.6,2.117,,22.667,22.667,22.667,6.0,6.0,,26.0,26.0,6.0,,,6.0,51.0,,6.0,181.935,1.0,6
2021-10-25,12.156,16.217,8.633,9.815,12.1,7.533,10.944,13.267,8.133,86.342,97.517,67.117,1015.188,1008.17,,5.338,9.4,2380.208,900.0,,0.0,0.817,2.883,,22.667,22.667,22.667,6.0,6.0,,26.0,26.0,6.0,,,6.0,1.0,,6.0,225.348,1.0,6
2021-10-26,12.928,16.533,8.217,11.056,13.067,7.483,11.906,14.533,7.917,88.738,98.25,78.95,1018.203,1011.172,,6.7,10.2,2406.667,496.667,16.5,0.0,0.1,1.017,,22.667,22.667,22.667,6.0,6.0,,26.0,26.0,6.0,6.0,,6.0,1.0,,6.0,220.093,0.0,6
2021-10-27,15.096,16.95,13.95,11.401,12.917,9.8,13.106,13.833,12.133,78.81,89.4,65.333,1018.091,1011.102,,10.007,14.6,3600.0,1466.667,21.0,0.0,0.283,1.267,,22.667,22.667,22.667,6.0,6.0,,26.0,26.0,6.0,26.0,,6.0,51.0,,6.0,215.535,0.0,6
2021-10-28,13.648,15.133,11.883,10.486,11.55,9.517,11.985,12.833,10.917,81.34,89.083,73.967,1008.713,1001.761,,8.161,11.2,3380.303,2400.0,19.333,0.0,0.067,0.633,,22.667,22.667,22.667,6.0,6.0,,26.0,26.0,6.0,6.0,,6.0,1.0,,6.0,176.297,0.0,6
2021-10-29,12.981,15.167,9.25,9.915,11.917,7.233,11.394,13.1,8.467,81.882,90.9,73.467,998.556,991.655,,9.067,15.4,2742.188,737.5,26.8,0.0,0.233,1.183,,22.667,22.667,22.667,6.0,6.0,,26.0,26.0,6.0,26.0,,6.0,1.0,,6.0,179.976,1.0,6
2021-10-30,11.103,14.567,7.75,8.424,11.0,6.067,9.784,11.767,6.983,84.307,96.2,63.867,997.101,990.162,,6.55,10.8,3390.208,545.0,19.5,0.0,0.583,1.583,,22.667,22.667,22.667,6.0,6.0,,26.0,26.0,6.0,6.0,,6.0,1.0,,6.0,192.459,1.0,6
2021-10-31,11.483,14.867,7.433,8.178,11.85,5.717,9.867,12.483,6.833,80.954,95.417,60.85,993.067,986.168,,10.492,18.6,2672.396,442.5,33.6,0.0,0.45,1.567,,22.667,22.667,22.667,6.0,6.0,,26.0,26.0,6.0,26.0,,6.0,1.0,,6.0,185.063,2.0,6
2021-11-01,9.754,13.017,5.633,5.324,6.383,3.717,7.712,9.583,4.833,74.506,89.017,61.25,993.881,986.929,,8.898,13.0,3456.042,2550.0,22.0,0.0,1.0,3.017,,22.667,22.667,22.667,6.0,6.0,,26.0,26.0,6.0,6.0,,6.0,1.0,,6.0,230.135,1.0,6
2021-11-02,5.768,12.16,1.68,3.568,6.42,1.28,4.788,9.02,1.54,87.146,98.34,58.98,998.993,989.768,,2.188,4.5,2740.972,990.0,,0.0,1.36,4.32,,6.0,6.0,6.0,6.0,6.0,,6.0,6.0,6.0,,,6.0,1.0,,6.0,268.247,0.0,5
2021-11-03,5.472,9.34,0.56,4.012,6.92,0.2,4.821,7.84,0.44,90.815,99.32,77.44,1004.431,995.139,,3.854,7.5,1846.986,237.667,,0.0,0.68,1.94,,6.0,6.0,6.0,6.0,6.0,,6.0,6.0,6.0,,,6.0,1.0,,6.0,312.324,1.0,5
2021-11-04,7.038,9.32,3.66,3.876,5.24,1.88,5.671,7.16,2.96,80.455,89.42,69.86,1014.775,1005.443,,7.604,10.75,4006.944,1066.667,,0.0,0.1,0.28,,6.0,6.0,6.0,6.0,6.0,,6.0,6.0,6.0,,,6.0,1.0,,6.0,330.05,0.0,5
2021-11-05,5.453,10.1,-0.36,2.792,7.1,-1.1,4.327,8.04,-0.64,83.852,96.0,55.66,1026.457,1016.962,,4.073,7.25,2193.333,643.333,,0.0,1.0,3.8,,6.0,6.0,6.0,6.0,6.0,,6.0,6.0,6.0,,,6.0,1.0,,6.0,258.329,0.0,5
2021-11-06,10.92,12.667,8.183,7.913,9.633,6.883,9.439,10.883,7.617,81.828,92.033,71.833,1024.51,1017.372,,9.31,13.2,3887.518,1222.5,20.0,0.0,0.033,0.617,,22.667,22.667,22.667,6.0,6.0,,26.0,26.0,6.0,39.333,,6.0,1.0,,6.0,238.148,0.0,6
2021-11-07,9.706,12.433,5.533,4.632,10.117,2.867,7.445,10.967,4.6,71.331,90.983,54.9,1021.205,1014.058,,7.542,13.0,2754.167,1625.0,22.75,0.0,0.833,3.317,,22.667,22.667,22.667,6.0,6.0,,26.0,26.0,6.0,6.0,,6.0,1.0,,,282.177,,6
2021-11-08,7.984,11.783,3.133,5.849,10.517,2.267,6.987,10.817,2.8,86.81,97.333,68.467,1023.728,1016.532,,3.65,6.8,1786.458,375.0,,0.0,0.067,1.017,,22.667,22.667,22.667,6.0,6.0,,26.0,26.0,6.0,,,6.0,1.0,,6.0,236.854,0.0,6
2021-11-09,12.461,14.967,9.8,9.851,11.35,7.8,11.125,12.417,8.85,84.639,96.717,69.617,1023.395,1016.309,,5.553,9.2,3415.833,602.5,,0.0,0.55,1.717,,22.667,22.667,22.667,6.0,6.0,,26.0,26.0,6.0,,,6.0,1.0,,6.0,222.363,0.0,6
2021-11-10,11.722,13.067,8.967,10.91,12.383,7.667,11.298,12.667,8.35,94.721,98.15,88.3,1022.976,1015.882,,3.558,5.0,1690.625,212.5,,0.0,0.0,0.083,,22.667,22.667,22.667,6.0,6.0,,26.0,26.0,6.0,,,6.0,1.0,,6.0,218.372,1.0,6
2021-11-11,11.403,14.417,8.783,9.663,11.533,7.4,10.509,12.45,8.183,89.308,98.483,76.117,1022.597,1015.485,,3.75,6.2,2083.438,205.0,16.0,0.0,0.2,1.167,,22.667,22.667,22.667,6.0,6.0,,26.0,26.0,6.0,106.0,,6.0,1.0,,6.0,209.659,0.0,6
2021-11-12,11.622,14.767,8.2,9.814,11.967,7.133,10.696,12.733,7.733,88.971,96.367,71.1,1011.808,1004.788,,7.992,12.6,1708.523,340.0,23.0,0.0,0.117,0.45,,22.667,22.667,22.667,6.0,6.0,,26.0,26.0,6.0,6.0,,6.0,1.0,,6.0,209.405,1.0,6
2021-11-13,11.653,12.583,10.367,7.953,9.983,6.817,9.844,10.7,9.183,78.211,90.883,69.0,1015.654,1008.604,,6.358,9.8,4390.625,2325.0,15.0,0.0,0.0,0.15,,22.667,22.667,22.667,6.0,6.0,,26.0,26.0,6.0,106.0,,6.0,1.0,,6.0,309.57,0.0,6
2021-11-14,11.406,12.917,9.9,8.964,10.5,6.75,10.185,11.55,9.0,85.047,93.567,74.383,1023.752,1016.639,,4.9,7.8,2550.625,532.5,,0.0,0.0,0.05,,22.667,22.667,22.667,6.0,6.0,,26.0,26.0,6.0,,,6.0,1.0,,6.0,14.718,1.0,6
2021-11-15,10.335,11.533,7.683,7.377,9.05,4.733,8.922,9.933,6.433,82.262,91.467,69.833,1026.81,1019.636,,2.217,4.0,1767.292,835.0,12.0,0.0,0.0,0.017,,22.667,22.667,22.667,6.0,6.0,,26.0,26.0,6.0,106.0,,6.0,1.0,,6.0,20.076,0.0,6
2021-11-16,8.284,11.617,3.483,5.834,8.9,2.733,7.151,9.567,3.183,85.055,96.533,68.9,1022.836,1015.666,,2.958,5.4,1705.417,690.0,,0.0,0.3,1.567,,22.667,22.667,22.667,6.0,6.0,,26.0,26.0,6.0,,,6.0,1.0,,6.0,242.168,0.0,6
2021-11-17,8.089,11.967,5.233,5.672,8.183,3.817,6.983,9.15,4.667,85.599,98.3,61.783,1024.179,1016.992,,4.175,8.2,1849.062,727.5,16.0,0.0,0.933,3.383,,22.667,22.667,22.667,6.0,6.0,,26.0,26.0,6.0,106.0,,6.0,1.0,,6.0,266.139,0.0,6
2021-11-18,9.679,13.617,4.8,7.611,10.35,3.433,8.662,11.8,4.267,87.072,94.317,78.167,1028.933,1021.751,,5.742,9.6,2843.75,1225.0,,0.0,0.317,1.85,,22.667,22.667,22.667,6.0,6.0,,26.0,26.0,6.0,,,6.0,1.0,,6.0,247.06,0.0,6
2021-11-19,11.153,11.883,10.4,9.158,9.933,8.417,10.147,10.567,9.5,87.447,93.617,80.55,1030.643,1023.474,,3.925,6.8,2486.458,850.0,19.0,0.0,0.0,0.0,,22.667,22.667,22.667,6.0,6.0,,26.0,26.0,6.0,106.0,,6.0,1.0,,6.0,258.698,0.0,6
2021-11-20,9.928,10.617,8.383,7.563,8.65,6.5,8.797,9.55,7.717,85.269,92.767,78.333,1024.037,1016.884,,4.408,6.8,2800.312,767.5,13.0,0.0,0.0,0.0,,22.667,22.667,22.667,6.0,6.0,,26.0,26.0,6.0,106.0,,6.0,1.0,,6.0,254.776,0.0,6
2021-11-21,6.676,9.0,4.183,3.015,6.833,1.267,5.156,7.867,3.183,77.636,88.983,65.717,1019.521,1012.308,,8.117,12.4,3850.0,2025.0,23.5,0.0,0.4,1.567,,22.667,22.667,22.667,6.0,6.0,,26.0,26.0,6.0,31.0,,6.0,1.0,,6.0,351.077,0.0,6
2021-11-22,5.975,9.617,3.867,2.88,4.417,1.233,4.678,6.983,2.867,80.867,93.533,61.683,1029.804,1022.502,,6.408,9.4,3162.5,1050.0,20.0,0.0,0.967,3.367,,22.667,22.667,22.667,6.0,6.0,,26.0,26.0,6.0,106.0,,6.0,1.0,,6.0,19.056,0.0,6
2021-11-23,4.333,9.433,0.833,2.608,4.917,0.367,3.607,6.917,0.683,89.267,98.5,63.05,1032.253,1024.891,,2.15,4.6,1113.438,260.0,13.0,0.0,0.8,2.833,,22.667,22.667,22.667,6.0,6.0,,26.0,26.0,6.0,106.0,,6.0,1.0,,6.0,223.761,0.0,6
2021-11-24,5.226,7.2,2.567,3.669,5.367,1.783,4.576,6.3,2.383,90.084,98.567,78.45,1022.05,1014.795,,2.317,5.4,1071.042,245.0,13.0,0.0,0.0,0.05,,22.667,22.667,22.667,6.0,6.0,,26.0,26.0,6.0,106.0,,6.0,1.0,,6.0,285.278,0.0,6
2021-11-25,4.726,7.05,2.0,1.062,4.4,-0.783,3.3,5.167,0.983,77.472,92.633,63.85,1016.272,1009.031,,5.558,9.4,3119.688,860.0,15.5,0.0,0.967,3.083,,22.667,22.667,22.667,6.0,6.0,,26.0,26.0,6.0,56.0,,6.0,1.0,,6.0,325.461,0.0,6
2021-11-26,5.059,8.883,1.883,1.842,6.033,-0.867,3.776,7.233,0.967,79.964,91.617,69.067,996.199,989.114,,9.358,14.2,3725.0,850.0,25.5,0.0,0.117,0.633,,22.667,22.667,22.667,6.0,6.0,,26.0,26.0,6.0,31.0,,6.0,1.0,,6.0,264.395,1.0,6
2021-11-27,3.632,4.783,2.35,0.866,2.717,-2.35,2.593,3.883,0.833,82.557,93.3,69.133,993.611,986.509,,13.717,18.4,3048.229,330.0,33.0,0.0,0.0,0.15,,22.667,22.667,22.667,6.0,6.0,,26.0,26.0,6.0,26.0,,6.0,1.0,,6.0,332.551,2.0,6
2021-11-28,1.524,4.067,-0.45,-3.412,-1.517,-4.883,-0.201,1.35,-1.65,69.026,87.15,53.917,1006.675,999.43,,8.192,13.4,4258.333,2275.0,21.0,0.0,0.85,2.783,,22.667,22.667,22.667,6.0,6.0,,26.0,26.0,6.0,106.0,,6.0,1.0,,6.0,324.761,0.0,6
2021-11-29,0.804,4.15,-2.4,-0.91,2.317,-3.15,0.166,3.383,-2.667,87.557,94.25,79.517,1014.518,1007.198,,5.092,8.6,1680.417,597.5,,0.0,0.117,1.55,,22.667,22.667,22.667,6.0,6.0,,26.0,26.0,6.0,,,6.0,1.0,,6.0,262.247,1.0,6
2021-11-30,9.599,11.683,4.983,7.142,8.85,3.533,8.422,10.233,4.367,84.767,90.75,79.217,1010.295,1003.234,,9.825,14.4,3980.208,1775.0,22.75,0.0,0.0,0.183,,22.667,22.667,22.667,6.0,6.0,,26.0,26.0,6.0,31.0,,6.0,1.0,,6.0,248.834,0.0,6
2021-12-01,8.163,10.75,3.433,4.729,9.433,-0.75,6.669,10.017,1.917,79.282,92.833,65.467,999.042,992.019,,10.542,15.2,3778.646,892.5,24.5,0.0,0.383,1.0,,22.667,22.667,22.667,6.0,6.0,,26.0,26.0,6.0,31.0,,6.0,1.0,,6.0,297.709,0.0,6
2021-12-02,2.339,5.033,0.233,-1.795,-0.283,-2.817,0.854,2.733,-0.717,74.067,91.417,62.75,1011.65,1004.386,,7.108,11.2,4195.833,2675.0,21.0,0.0,0.9,3.167,0.0,22.667,22.667,22.667,6.0,6.0,,26.0,26.0,6.0,6.0,,6.0,1.0,6.0,6.0,305.849,0.0,6
2021-12-03,5.86,9.167,1.45,4.323,7.783,-1.7,5.235,8.45,0.4,89.978,97.717,72.467,1004.9,997.79,,4.475,9.8,2105.833,185.0,25.0,0.0,0.033,0.233,,22.667,22.667,22.667,6.0,6.0,,26.0,26.0,6.0,6.0,,6.0,1.0,,6.0,232.259,1.0,6
2021-12-04,5.915,7.783,3.917,2.917,6.2,0.3,4.717,6.317,3.033,82.26,99.483,63.917,997.954,990.885,,8.417,13.8,2482.208,8.0,22.75,0.0,0.733,2.4,,22.667,22.667,22.667,6.0,6.0,,26.0,26.0,6.0,31.0,,6.0,1.0,,6.0,262.282,1.0,6
2021-12-05,5.398,6.583,4.267,3.288,4.983,2.017,4.518,5.783,3.667,86.24,92.983,80.333,1006.043,998.9,,10.308,14.0,3206.25,775.0,26.0,0.0,0.0,0.117,,22.667,22.667,22.667,6.0,6.0,,26.0,26.0,6.0,26.0,,6.0,1.0,,6.0,323.885,1.0,6
2021-12-06,4.398,7.067,2.183,2.783,5.583,0.567,3.745,6.3,1.917,89.547,97.65,76.533,1009.924,1002.732,,6.1,12.8,2256.771,425.0,21.5,0.0,0.0,0.2,,22.667,22.667,22.667,6.0,6.0,,26.0,26.0,6.0,6.0,,6.0,1.0,,6.0,243.331,1.0,6
2021-12-07,4.801,7.817,1.583,2.766,6.517,-0.3,3.978,7.15,0.967,86.876,94.517,78.717,997.62,990.53,,7.8,15.0,2400.208,430.0,27.0,0.0,0.0,0.0,,22.667,22.667,22.667,6.0,6.0,,26.0,26.0,6.0,26.0,,6.0,1.0,,6.0,183.54,2.0,6
2021-12-08,6.411,8.033,5.25,1.459,2.467,0.117,4.426,5.533,3.75,70.969,80.217,62.233,991.201,984.189,,11.317,15.2,2829.167,1950.0,24.0,0.0,0.017,1.2,,22.667,22.667,22.667,6.0,6.0,,26.0,26.0,6.0,31.0,,6.0,1.0,,6.0,231.045,1.0,6
2021-12-09,6.124,8.317,3.583,2.543,7.333,0.567,4.676,7.683,2.433,78.251,96.217,64.45,999.17,992.096,,7.133,10.4,2483.646,385.0,22.0,0.0,0.383,1.917,,22.667,22.667,22.667,6.0,6.0,,26.0,26.0,6.0,6.0,,6.0,1.0,,6.0,219.706,0.0,6
2021-12-10,5.949,8.05,2.867,2.316,7.533,0.2,4.498,7.783,1.933,78.009,97.367,64.733,999.099,992.023,999.0,10.617,16.2,3586.354,422.5,26.2,0.0,0.717,2.0,,22.667,22.667,22.667,6.0,6.0,1.0,26.0,26.0,6.0,26.0,,6.0,1.0,,6.0,302.942,0.0,6
2021-12-11,5.549,10.6,1.367,3.872,10.167,-0.2,4.862,10.367,0.867,89.123,98.467,76.7,1015.583,1008.394,,5.056,7.8,2030.521,415.0,,0.0,0.017,0.267,,22.667,22.667,22.667,6.0,6.0,,26.0,26.0,6.0,,,6.0,1.0,,6.0,224.03,1.0,6
2021-12-12,11.772,13.133,10.583,10.253,11.333,8.4,10.985,12.017,9.967,90.452,97.75,80.8,1019.668,1012.597,,7.281,9.6,2415.417,430.0,12.0,0.0,0.083,0.367,,22.667,22.667,22.667,6.0,6.0,,26.0,26.0,6.0,6.0,,6.0,1.0,,6.0,218.834,1.0,6
2021-12-13,10.451,11.45,9.4,8.595,9.817,7.55,9.533,10.25,8.567,88.213,94.233,82.067,1023.398,1016.266,,6.74,9.6,3412.083,830.0,14.0,0.0,0.0,0.083,,22.667,22.667,22.667,6.0,6.0,,26.0,26.0,6.0,6.0,,6.0,1.0,,6.0,204.088,1.0,6
2021-12-14,10.865,12.55,9.1,9.187,10.0,7.817,10.021,11.117,8.533,89.494,95.85,82.283,1026.661,1019.515,,5.892,8.6,2374.167,910.0,,0.0,0.0,0.05,,22.667,22.667,22.667,6.0,6.0,,26.0,26.0,6.0,,,6.0,1.0,,6.0,221.671,1.0,6
2021-12-15,11.766,12.85,9.6,8.459,9.583,7.217,10.126,10.917,8.983,80.303,95.833,70.3,1030.694,1023.536,,5.725,8.6,3844.792,1675.0,,0.0,0.0,0.0,,22.667,22.667,22.667,6.0,6.0,,26.0,26.0,6.0,,,6.0,1.0,,6.0,239.038,0.0,6
2021-12-16,10.829,11.683,10.1,6.526,7.8,5.083,8.801,9.483,8.017,74.691,82.417,66.733,1037.941,1030.711,,2.275,4.0,3852.083,2750.0,,0.0,0.0,0.0,,22.667,22.667,22.667,6.0,6.0,,26.0,26.0,6.0,,,6.0,1.0,,6.0,325.208,0.0,6
2021-12-17,8.852,10.65,6.967,6.207,7.183,4.933,7.633,8.183,6.383,83.83,94.067,67.483,1040.358,1033.057,,4.907,8.6,2185.625,532.5,13.0,0.0,0.033,0.167,,22.667,22.667,22.667,6.0,6.0,,26.0,26.0,6.0,6.0,,6.0,1.0,,6.0,74.745,0.0,6
2021-12-18,7.968,8.55,7.317,7.018,7.3,6.6,7.522,7.85,7.083,93.753,96.933,89.333,1039.1,1031.786,,5.792,8.6,712.604,297.5,17.0,0.0,0.0,0.0,,22.667,22.667,22.667,6.0,6.0,,26.0,26.0,6.0,6.0,,6.0,1.0,,6.0,84.473,0.0,6
2021-12-19,4.915,7.0,3.2,4.575,6.55,2.883,4.774,6.783,3.083,97.763,99.35,92.65,1034.615,1027.265,,3.565,6.4,434.347,69.0,6.0,0.0,0.0,0.1,,22.667,22.667,22.667,6.0,6.0,,26.0,26.0,6.0,6.0,,6.0,1.0,,6.0,34.482,0.0,6
2021-12-20,6.292,7.05,5.617,3.163,5.017,1.15,5.003,5.733,3.917,80.836,92.733,69.467,1028.772,1021.48,,4.135,6.4,2284.792,610.0,7.0,0.0,0.0,0.033,,22.667,22.667,22.667,6.0,6.0,,26.0,26.0,6.0,6.0,,6.0,1.0,,6.0,67.534,1.0,6
2021-12-21,4.395,6.167,-0.017,0.685,3.167,-2.817,2.959,4.417,-1.0,76.887,88.733,64.233,1025.251,1017.942,,3.142,5.2,2239.583,875.0,,0.0,0.0,0.1,,22.667,22.667,22.667,6.0,6.0,,26.0,26.0,6.0,,,6.0,1.0,,6.0,96.541,0.0,6
2021-12-22,2.062,4.917,-1.083,-0.272,2.317,-3.167,1.186,3.383,-1.75,84.149,91.817,74.183,1019.191,1011.889,,4.142,6.8,1783.333,525.0,,0.0,0.0,0.783,,22.667,22.667,22.667,6.0,6.0,,26.0,26.0,6.0,,,6.0,1.0,,6.0,123.585,0.0,6
2021-12-23,7.878,10.817,3.95,6.709,10.133,2.3,7.349,10.433,3.3,92.353,96.583,86.75,1008.17,1001.078,,6.108,9.6,1243.021,320.0,,0.0,0.0,0.067,,22.667,22.667,22.667,6.0,6.0,,26.0,26.0,6.0,,,6.0,1.0,,6.0,205.62,1.0,6
2021-12-24,8.473,10.267,5.75,7.889,9.067,5.3,8.202,9.583,5.583,96.31,99.55,89.017,1004.276,997.238,,3.775,6.8,977.396,162.5,,0.0,0.0,0.083,,22.667,22.667,22.667,6.0,6.0,,26.0,26.0,6.0,,,6.0,1.0,,6.0,168.233,1.0,6
2021-12-25,7.123,8.617,5.633,6.4,8.3,4.9,6.809,8.483,5.333,95.376,98.417,91.55,1003.448,996.38,,6.767,10.0,1000.312,165.0,17.0,0.0,0.0,0.0,,22.667,22.667,22.667,6.0,6.0,,26.0,26.0,6.0,106.0,,6.0,1.0,,6.0,93.616,2.0,6
2021-12-26,7.328,9.2,5.317,7.064,8.95,5.067,7.22,9.1,5.217,98.374,99.367,96.35,1000.577,993.543,,3.725,8.2,498.333,92.5,,0.0,0.0,0.25,,22.667,22.667,22.667,6.0,6.0,,26.0,26.0,6.0,,,6.0,1.0,,6.0,107.801,2.0,6
2021-12-27,9.207,11.117,7.283,8.676,10.167,7.05,8.948,10.617,7.183,96.647,99.383,92.267,992.233,985.299,,5.183,9.8,929.062,192.5,20.0,0.0,0.0,0.133,,22.667,22.667,22.667,6.0,6.0,,26.0,26.0,6.0,6.0,,6.0,1.0,,6.0,142.68,3.0,6
2021-12-28,10.112,11.35,8.667,7.517,10.017,5.65,8.89,10.133,7.483,84.501,98.45,71.717,992.509,985.573,,9.692,18.2,3649.479,332.5,31.6,0.0,0.017,0.283,,22.667,22.667,22.667,6.0,6.0,,26.0,26.0,6.0,26.0,,6.0,1.0,,6.0,249.192,3.0,6
2021-12-29,10.974,14.917,7.233,9.294,13.25,5.95,10.128,13.783,6.667,89.706,98.683,74.933,1004.345,997.356,,7.767,17.0,2422.292,277.5,26.0,0.0,0.0,0.083,,22.667,22.667,22.667,6.0,6.0,,26.0,26.0,6.0,39.333,,6.0,1.0,,6.0,212.788,2.0,6
2021-12-30,13.901,14.467,13.25,11.913,12.567,10.783,12.827,13.417,12.2,87.863,93.333,80.767,1012.627,1005.644,,11.892,14.8,3031.875,1065.0,24.0,0.0,0.0,0.133,,22.667,22.667,22.667,6.0,6.0,,26.0,26.0,6.0,31.0,,6.0,1.0,,6.0,225.591,1.0,6
2021-12-31,13.388,14.567,12.417,11.075,11.967,10.217,12.16,13.117,11.483,85.978,93.633,80.55,1016.745,1009.723,,9.967,13.8,2378.854,425.0,21.75,0.0,0.15,0.533,,22.667,22.667,22.667,6.0,6.0,,26.0,26.0,6.0,31.0,,6.0,1.0,,2006.0,218.993,1.0,6
