met_day,pump_hours,VPD_mean,VPD_max,VPD_min,air_temperature_mean,air_temperature_max,air_temperature_min,dewpoint_mean,dewpoint_max,dewpoint_min,wetb_temp_mean,wetb_temp_max,wetb_temp_min,rltv_hum_mean,rltv_hum_max,rltv_hum_min,msl_pressure_mean,stn_pres_mean,alt_pres_mean,wind_speed_mean,wind_speed_max,visibility_mean,visibility_min,q10mnt_mxgst_spd_max,cs_hr_sun_dur_sum,wmo_hr_sun_dur_sum,drv_hr_sun_dur_sum,snow_depth_max,air_temperature_q_max,dewpoint_q_max,wetb_temp_q_max,msl_pressure_q_max,stn_pres_q_max,alt_pres_q_max,wind_direction_q_max,wind_speed_q_max,visibility_q_max,q10mnt_mxgst_spd_q_max,cs_hr_sun_dur_q_max,wmo_hr_sun_dur_q_max,drv_hr_sun_dur_q_max,snow_depth_q_max,ground_state_id_q_max,VPD_hourly_mean,VPD_hourly_max,VPD_hourly_min,wind_direction_circmean,ground_state_id_mode,station_count
2023-01-01,11,238.59,362.051,58.36,10.295,12.04,7.36,7.241,8.96,6.06,8.828,10.46,6.94,81.731,94.5,72.92,1008.055,1001.02,,9.448,15.0,1810.0,366.667,,0.0,0.0,0.08,,26.0,26.0,26.0,6.0,6.0,,31.0,31.0,6.0,,,6.0,1.0,,6.0,238.59,362.051,58.36,226.012,1.0,5
2023-01-02,2,123.016,352.394,33.527,5.94,8.34,2.36,3.898,6.5,0.76,5.081,7.0,1.82,87.318,96.54,67.58,1016.908,1009.697,,4.781,8.75,3601.389,1266.667,,0.0,1.06,1.82,,26.0,26.0,26.0,6.0,6.0,,31.0,31.0,6.0,,,6.0,1.0,,6.0,123.016,352.394,33.527,239.618,0.0,5
2023-01-03,3,88.982,176.219,25.875,8.485,12.48,3.16,7.226,11.04,1.74,7.848,11.62,2.6,92.359,97.26,86.28,1018.775,1011.628,,9.375,16.5,1729.792,902.5,,0.0,0.0,0.06,,26.0,26.0,26.0,6.0,6.0,,31.0,31.0,6.0,,,6.0,1.0,,6.0,88.982,176.219,25.875,185.718,1.0,5
2023-01-04,1,267.136,443.551,99.552,12.357,13.48,10.8,9.208,11.54,7.0,10.776,12.1,9.12,81.435,93.2,70.24,1014.631,1007.608,,15.0,20.25,2217.222,920.0,,0.0,0.08,0.1,,26.0,26.0,26.0,6.0,6.0,,31.0,31.0,6.0,,,6.0,1.0,,6.0,267.136,443.551,99.552,240.74,1.0,5
2023-01-05,5,235.873,386.089,118.438,11.292,13.1,9.62,8.424,9.86,7.0,9.872,11.16,8.5,82.696,90.74,74.2,1018.672,1011.581,,9.969,14.25,2484.722,866.667,,0.0,0.08,0.32,,26.0,26.0,26.0,6.0,6.0,,31.0,31.0,6.0,,,6.0,1.0,,6.0,235.873,386.089,118.438,227.216,1.0,5
2023-01-06,4,163.233,290.188,74.36,9.753,12.24,6.32,7.591,10.58,4.72,8.713,11.12,5.64,86.728,94.44,77.32,1013.886,1006.798,,9.667,16.5,4084.311,675.0,,0.0,0.46,1.32,,26.0,26.0,26.0,6.0,6.0,,31.0,31.0,6.0,,,6.0,1.0,,6.0,163.233,290.188,74.36,212.322,1.0,5
2023-01-07,1,206.053,294.196,111.204,10.202,12.26,7.3,7.538,9.72,4.38,8.924,10.94,6.08,83.665,91.06,77.58,1000.794,993.807,,13.156,19.75,2924.167,490.0,,0.0,0.0,0.1,,26.0,26.0,26.0,6.0,6.0,,31.0,31.0,6.0,,,6.0,1.0,,6.0,206.053,294.196,111.204,193.742,1.0,5
2023-01-08,5,131.321,213.111,81.682,7.194,9.18,5.24,5.21,6.92,3.44,6.308,8.02,4.5,87.328,91.7,81.1,992.989,985.986,,9.417,14.5,2791.875,292.5,,0.0,0.04,0.56,,26.0,26.0,26.0,6.0,6.0,,31.0,31.0,6.0,,,6.0,1.0,,6.0,131.321,213.111,81.682,202.38,2.0,5
2023-01-09,1,199.423,418.354,66.266,6.515,8.82,5.0,3.216,5.4,1.14,5.138,6.6,3.62,80.077,93.1,62.5,1001.281,994.205,,9.76,14.5,3771.875,1725.0,,0.0,0.48,0.92,,26.0,26.0,26.0,6.0,6.0,,31.0,31.0,6.0,,,6.0,1.0,,6.0,199.423,418.354,66.266,259.241,1.0,5
2023-01-10,3,128.93,237.095,52.793,8.874,12.58,4.26,6.85,11.28,1.5,7.845,11.78,3.2,88.393,95.94,79.58,1008.438,1001.36,,11.042,17.25,1645.833,305.0,,0.0,0.0,0.0,,26.0,26.0,26.0,6.0,6.0,,31.0,31.0,6.0,,,6.0,1.0,,6.0,128.93,237.095,52.793,204.181,2.0,5
2023-01-11,3,231.035,425.46,133.662,8.928,10.417,7.3,5.603,7.4,3.683,7.419,8.9,6.183,80.092,87.767,65.35,1008.485,1001.416,,12.383,16.2,2938.333,845.0,,0.0,0.55,0.65,,22.667,22.667,22.667,6.0,6.0,,26.0,26.0,6.0,,,6.0,1.0,,6.0,231.035,425.46,133.662,239.566,1.0,6
2023-01-12,3,216.057,451.073,96.542,10.829,12.417,8.117,7.977,10.333,2.9,9.485,11.233,6.117,82.99,92.883,63.15,1003.136,996.148,,15.142,19.0,2270.625,352.5,,0.0,0.017,0.1,,22.667,22.667,22.667,6.0,6.0,,26.0,26.0,6.0,,,6.0,1.0,,6.0,216.057,451.073,96.542,236.546,1.0,6
2023-01-13,3,321.505,482.656,174.37,8.156,10.333,6.15,3.165,3.767,2.7,6.021,7.283,4.783,70.997,82.167,61.65,1008.789,1001.682,,13.667,19.4,2883.333,1900.0,,0.0,0.833,1.0,,22.667,22.667,22.667,6.0,6.0,,26.0,26.0,6.0,,,6.0,1.0,,6.0,321.505,482.656,174.37,246.563,0.0,6
2023-01-14,3,179.58,345.375,61.227,8.942,12.167,5.983,6.262,10.883,1.583,7.753,11.483,4.333,83.783,94.55,67.383,1000.69,993.67,,12.333,17.4,2830.729,432.5,,0.0,0.017,0.067,,22.667,22.667,22.667,6.0,6.0,,26.0,26.0,6.0,,,6.0,1.0,,6.0,179.58,345.375,61.227,226.149,1.0,6
2023-01-15,3,216.478,362.971,71.796,5.203,8.067,2.933,1.306,2.617,0.133,3.657,5.65,2.25,76.277,90.767,65.4,998.434,991.332,,10.3,15.0,4493.229,1912.5,,0.0,0.417,1.0,,22.667,22.667,22.667,6.0,6.0,,26.0,26.0,6.0,,,6.0,1.0,,6.0,216.478,362.971,71.796,231.197,0.0,6
2023-01-16,3,109.835,224.103,38.155,2.762,4.933,-2.2,0.478,3.483,-5.383,1.9,3.983,-3.133,85.311,95.3,69.083,986.14,979.062,,7.558,14.4,3108.333,352.5,,0.0,0.183,0.433,,22.667,22.667,22.667,6.0,6.0,,26.0,26.0,6.0,,,6.0,1.0,,6.0,109.835,224.103,38.155,332.374,2.0,6
2023-01-17,3,66.526,131.419,31.516,-2.047,0.933,-4.767,-3.777,-1.667,-6.083,-2.664,-0.117,-5.167,88.163,93.517,78.867,989.85,982.636,,2.425,5.4,2775.0,1450.0,,0.0,0.133,0.617,,22.667,22.667,22.667,6.0,6.0,,26.0,26.0,6.0,,,6.0,1.0,,6.0,66.526,131.419,31.516,287.467,4.0,6
2023-01-18,0,106.379,268.702,43.576,0.506,4.783,-3.133,-1.819,0.383,-4.617,-0.351,2.883,-3.617,84.893,92.033,68.8,998.281,991.089,,5.633,9.0,3903.125,2575.0,,0.0,0.983,2.033,,22.667,22.667,22.667,6.0,6.0,,26.0,26.0,6.0,,,6.0,1.0,,6.0,106.379,268.702,43.576,260.481,1.0,6
2023-01-19,3,107.874,313.374,23.228,0.722,5.233,-2.483,-1.581,0.6,-3.25,-0.131,3.133,-2.767,85.323,95.883,64.333,1008.148,1000.88,,4.025,7.6,3439.583,2000.0,,0.0,0.983,2.15,,22.667,22.667,22.667,6.0,6.0,,26.0,26.0,6.0,,,6.0,1.0,,,107.874,313.374,23.228,268.729,,6
2023-01-20,4,155.741,292.619,66.266,2.571,5.967,-1.033,-0.565,1.017,-2.8,1.377,3.9,-1.7,80.247,89.217,68.767,1019.083,1011.776,,6.136,9.2,4097.538,3150.0,,0.0,0.883,1.45,,22.667,22.667,22.667,6.0,6.0,,26.0,26.0,6.0,,,6.0,1.0,,6.0,155.741,292.619,66.266,298.527,1.0,6
2023-01-21,1,123.779,366.183,29.14,1.578,6.417,-2.0,-0.928,0.833,-3.133,0.641,3.883,-2.317,84.383,95.383,62.25,1032.458,1025.016,,2.625,5.6,1646.024,427.5,,0.0,1.05,2.3,,22.667,22.667,22.667,6.0,6.0,,26.0,26.0,6.0,,,6.0,1.0,,2006.0,123.779,366.183,29.14,48.14,4.0,6
2023-01-22,3,51.653,203.213,13.464,-1.394,3.85,-4.267,-2.58,1.3,-5.05,-1.819,2.617,-4.517,92.044,97.65,75.3,1035.798,1028.277,,1.658,3.6,541.979,35.0,,0.0,0.583,1.767,,22.667,22.667,22.667,6.0,6.0,,26.0,26.0,6.0,,,6.0,1.0,,6.0,51.653,203.213,13.464,233.524,4.0,6
2023-01-23,4,93.818,246.168,14.345,-0.309,4.417,-5.683,-2.292,1.0,-6.4,-1.038,2.9,-5.883,87.292,97.2,71.083,1037.838,1030.318,,1.958,4.0,1345.104,245.0,,0.0,1.05,1.8,,22.667,22.667,22.667,6.0,6.0,,26.0,26.0,6.0,,,6.0,1.0,,6.0,93.818,246.168,14.345,108.465,4.0,6
2023-01-24,3,145.532,241.918,48.218,3.032,4.75,-0.7,0.155,1.233,-1.933,1.943,3.067,-1.117,81.686,92.35,71.933,1038.986,1031.542,,3.242,6.4,1945.312,677.5,,0.0,0.483,0.533,,22.667,22.667,22.667,6.0,6.0,,26.0,26.0,6.0,,,6.0,1.0,,6.0,145.532,241.918,48.218,43.462,1.0,6
2023-01-25,2,25.388,107.548,8.557,1.362,5.967,-2.167,0.818,4.667,-2.883,1.152,5.367,-2.4,96.274,98.7,88.217,1033.17,1025.754,,3.717,7.8,421.042,42.5,,0.0,0.0,0.067,,22.667,22.667,22.667,6.0,6.0,,26.0,26.0,6.0,,,6.0,1.0,,6.0,25.388,107.548,8.557,273.282,1.0,6
2023-01-26,4,133.719,211.647,76.464,5.302,7.35,3.4,3.011,4.733,1.5,4.353,6.05,2.683,85.326,90.933,77.3,1030.257,1022.948,,7.5,10.0,2829.896,792.5,,0.0,0.117,0.283,,22.667,22.667,22.667,6.0,6.0,,26.0,26.0,6.0,,,6.0,1.0,,6.0,133.719,211.647,76.464,151.245,1.0,6
2023-01-27,1,179.777,357.237,59.723,4.808,6.983,1.883,1.576,2.917,-0.167,3.528,4.75,1.217,80.157,92.717,64.183,1030.688,1023.35,,5.508,8.6,3300.625,1580.0,,0.0,0.033,0.55,,22.667,22.667,22.667,6.0,6.0,,26.0,26.0,6.0,,,6.0,76.0,,6.0,179.777,357.237,59.723,15.688,0.0,6
2023-01-28,2,216.666,334.165,85.147,4.316,6.05,1.967,0.136,2.167,-1.85,2.732,3.917,0.9,74.79,89.467,63.483,1031.973,1024.619,,3.167,5.4,3131.25,1650.0,,0.0,0.0,0.2,,22.667,22.667,22.667,6.0,6.0,,26.0,26.0,6.0,,,6.0,1.0,,6.0,216.666,334.165,85.147,308.646,1.0,6
2023-01-29,4,112.965,164.96,74.721,5.992,8.467,4.317,4.15,6.783,2.217,5.205,7.65,3.6,88.064,91.867,83.867,1026.69,1019.416,,6.733,11.0,2823.854,772.5,,0.0,0.0,0.383,,22.667,22.667,22.667,6.0,6.0,,26.0,26.0,6.0,,,6.0,1.0,,,112.965,164.96,74.721,237.665,,6
2023-01-30,5,234.684,460.582,65.612,6.58,9.15,2.75,2.656,6.667,0.117,4.973,7.333,1.883,76.985,93.383,60.183,1025.002,1017.756,,7.0,11.4,3313.542,1650.0,,0.0,0.967,2.117,,22.667,22.667,22.667,6.0,6.0,,26.0,26.0,6.0,,,6.0,76.0,,6.0,234.684,460.582,65.612,276.427,1.0,6
2023-01-31,4,264.347,562.371,108.859,7.408,11.633,3.633,3.247,7.233,0.683,5.641,9.3,2.667,75.668,88.267,56.467,1025.018,1017.793,,8.15,12.8,3078.125,2150.0,,0.0,0.3,0.867,,22.667,22.667,22.667,6.0,6.0,,26.0,26.0,6.0,,,6.0,1.0,,,264.347,562.371,108.859,257.863,,6
2023-02-01,5,276.606,449.312,163.365,7.39,10.117,4.583,3.015,4.717,1.017,5.53,7.3,3.217,74.099,81.133,63.733,1024.996,1017.776,,10.583,14.6,2378.125,1925.0,,0.0,0.4,1.333,,22.667,22.667,22.667,6.0,6.0,,26.0,26.0,6.0,,,6.0,1.0,,,276.606,449.312,163.365,254.127,,6
2023-02-02,4,241.746,372.664,114.805,8.962,11.1,5.96,5.566,7.42,3.5,7.409,9.16,4.96,79.481,88.46,71.5,1027.261,1020.07,,9.567,13.4,4294.792,2775.0,,0.0,0.067,0.417,,26.0,26.0,26.0,6.0,6.0,,26.0,26.0,6.0,,,6.0,1.0,,6.0,241.746,372.664,114.805,250.926,0.0,6
2023-02-03,4,238.972,421.218,101.76,9.99,12.44,7.08,6.874,7.56,5.44,8.506,9.96,6.38,81.252,90.48,70.92,1031.415,1024.211,,8.233,11.8,4828.125,2225.0,,0.0,0.8,1.7,,26.0,26.0,26.0,6.0,6.0,,26.0,26.0,6.0,,,6.0,1.0,,,238.972,421.218,101.76,263.67,,5
2023-02-04,1,193.752,372.811,63.02,8.418,9.44,6.6,5.583,7.28,3.38,7.144,8.02,5.6,82.784,94.26,67.76,1038.09,1030.8,,5.142,7.4,3325.0,1375.0,,0.0,0.02,0.14,,26.0,26.0,26.0,6.0,6.0,,26.0,26.0,6.0,,,6.0,1.0,,6.0,193.752,372.811,63.02,264.081,0.0,5
2023-02-05,6,232.644,465.82,61.482,5.506,8.46,0.98,1.387,5.88,-1.06,3.868,7.16,0.3,75.633,91.54,57.78,1044.531,1037.119,,5.033,9.2,2965.625,1325.0,,0.0,1.24,2.76,,26.0,26.0,26.0,6.0,6.0,,26.0,26.0,6.0,,,6.0,1.0,,6.0,232.644,465.82,61.482,283.657,0.0,5
2023-02-06,3,241.612,773.049,33.168,4.294,11.02,0.48,-0.028,2.94,-3.0,2.62,6.32,-0.12,76.403,95.22,39.58,1042.049,1034.643,,2.175,4.4,2046.875,975.0,,0.0,1.64,3.32,,26.0,26.0,26.0,6.0,6.0,,26.0,26.0,6.0,,,6.0,1.0,,,241.612,773.049,33.168,230.177,,5
2023-02-07,1,121.589,451.383,11.226,2.234,8.62,-1.44,-0.046,3.42,-2.34,1.34,5.72,-1.74,86.098,98.34,59.38,1038.928,1031.509,,1.658,3.2,1071.78,47.5,,0.0,1.04,2.4,,26.0,26.0,26.0,6.0,6.0,,26.0,26.0,6.0,,,6.0,1.0,,6.0,121.589,451.383,11.226,257.016,1.0,5
2023-02-08,0,162.362,545.332,20.302,1.595,8.12,-3.6,-1.584,1.02,-4.9,0.395,4.76,-3.9,81.218,96.3,48.9,1034.765,1027.343,,3.042,7.0,1148.021,375.0,,0.0,1.62,3.48,,26.0,26.0,26.0,6.0,6.0,,26.0,26.0,6.0,,,6.0,1.0,,,162.362,545.332,20.302,209.081,,5
2023-02-09,3,166.966,528.382,29.101,3.819,9.62,-0.16,0.904,4.44,-1.32,2.648,6.76,-0.56,82.802,95.82,55.98,1032.892,1025.548,,2.825,6.0,1551.042,340.0,,0.0,0.9,1.64,,26.0,26.0,26.0,6.0,6.0,,26.0,26.0,6.0,,,6.0,1.0,,6.0,166.966,528.382,29.101,270.822,1.0,5
2023-02-10,4,173.204,432.194,33.634,4.123,8.76,-1.56,1.171,6.0,-2.68,2.915,6.96,-1.98,82.06,94.82,61.58,1036.626,1029.255,,4.75,10.0,2425.0,1050.0,,0.0,0.92,2.54,,26.0,26.0,26.0,6.0,6.0,,26.0,26.0,6.0,,,6.0,1.0,,6.0,173.204,432.194,33.634,249.562,0.0,5
2023-02-11,5,213.896,355.766,81.613,8.513,10.1,7.2,5.408,6.54,3.98,7.114,8.08,6.14,81.295,92.24,70.16,1036.711,1029.431,,4.025,7.0,3391.667,1375.0,,0.0,0.0,0.1,,26.0,26.0,26.0,6.0,6.0,,26.0,26.0,6.0,,,6.0,1.0,,6.0,213.896,355.766,81.613,261.614,1.0,5
2023-02-12,10,196.721,281.918,127.537,7.724,8.5,6.78,4.739,5.72,3.78,6.404,7.16,5.66,81.612,87.62,74.58,1037.383,1030.075,,3.292,5.8,2592.708,1200.0,,0.0,0.0,0.06,,26.0,26.0,26.0,6.0,6.0,,26.0,26.0,6.0,,,6.0,1.0,,6.0,196.721,281.918,127.537,135.829,0.0,5
2023-02-13,7,248.013,569.505,64.811,7.267,12.72,2.4,3.592,5.48,0.82,5.654,9.32,1.82,78.362,92.1,61.14,1034.094,1026.803,,4.008,6.2,1152.812,495.0,,0.0,1.66,3.64,,26.0,26.0,26.0,6.0,6.0,,26.0,26.0,6.0,,,6.0,1.0,,,248.013,569.505,64.811,134.929,,5
2023-02-14,27,144.246,528.903,7.854,5.047,12.42,0.16,2.912,6.84,-0.46,4.107,9.42,-0.02,87.28,99.04,62.62,1030.714,1023.443,,2.125,4.0,675.729,22.5,,0.0,0.98,2.82,,26.0,26.0,26.0,6.0,6.0,,26.0,26.0,6.0,,,6.0,1.0,,6.0,144.246,528.903,7.854,206.075,0.0,5
2023-02-15,8,282.186,782.431,47.433,7.908,15.04,2.04,4.141,8.4,0.5,6.177,10.64,1.54,78.953,94.7,54.32,1023.471,1016.292,,5.475,10.4,1411.25,395.0,,0.0,1.46,3.04,,26.0,26.0,26.0,6.0,6.0,,26.0,26.0,6.0,,,6.0,1.0,,6.0,282.186,782.431,47.433,204.932,0.0,5
2023-02-16,4,141.327,243.697,61.03,9.923,12.5,7.56,8.136,10.58,6.0,9.049,11.32,6.98,88.798,94.8,81.74,1020.249,1013.118,,7.9,11.2,3534.271,652.5,,0.0,0.0,0.22,,26.0,26.0,26.0,6.0,6.0,,26.0,26.0,6.0,,,6.0,1.0,,6.0,141.327,243.697,61.03,223.274,0.0,5
2023-02-17,3,228.731,406.388,97.157,12.243,14.183,10.933,9.645,10.667,8.417,10.916,11.983,9.95,84.44,93.05,75.1,1021.608,1014.522,,11.342,16.8,5401.25,1422.5,,0.0,0.1,0.267,,22.667,22.667,22.667,6.0,6.0,,26.0,26.0,6.0,,,6.0,1.0,,6.0,228.731,406.388,97.157,244.092,0.0,6
2023-02-18,1,255.087,380.851,89.248,11.441,12.733,9.867,8.3,10.6,6.133,9.901,11.333,8.417,81.242,93.55,72.333,1021.377,1014.276,,11.458,17.0,4756.979,527.5,,0.0,0.0,0.033,,22.667,22.667,22.667,6.0,6.0,,26.0,26.0,6.0,,,6.0,1.0,,6.0,255.087,380.851,89.248,252.082,1.0,6
2023-02-19,9,325.548,669.859,130.474,9.49,13.3,6.933,4.945,6.75,2.867,7.434,9.517,5.95,74.232,87.183,55.717,1026.286,1019.101,,7.308,10.6,4254.167,2275.0,,0.0,1.017,2.4,,22.667,22.667,22.667,6.0,6.0,,26.0,26.0,6.0,,,6.0,76.0,,6.0,325.548,669.859,130.474,262.673,0.0,6
2023-02-20,10,187.453,391.831,82.885,9.048,12.633,6.033,6.567,8.1,4.367,7.871,10.35,5.3,84.765,92.0,73.5,1024.133,1016.946,,8.725,11.8,4788.438,1600.0,,0.0,0.3,0.55,,22.667,22.667,22.667,6.0,6.0,,26.0,26.0,6.0,,,6.0,1.0,,,187.453,391.831,82.885,240.439,,6
2023-02-21,5,126.776,187.991,67.403,8.067,9.483,5.783,6.273,7.3,4.7,7.241,8.383,5.3,88.571,93.1,84.283,1017.946,1010.78,,4.508,8.4,2156.042,550.0,,0.0,0.0,0.067,,22.667,22.667,22.667,6.0,6.0,,26.0,26.0,6.0,,,6.0,1.0,,6.0,126.776,187.991,67.403,224.518,1.0,6
2023-02-22,4,118.82,270.426,28.517,7.258,9.333,5.75,5.472,7.45,3.333,6.463,8.15,5.1,88.947,97.083,75.833,1011.921,1004.78,,4.317,7.0,1402.812,182.5,,0.0,0.0,0.133,,22.667,22.667,22.667,6.0,6.0,,26.0,26.0,6.0,,,6.0,1.0,,6.0,118.82,270.426,28.517,271.769,1.0,6
2023-02-23,2,184.848,329.456,75.212,6.194,8.233,1.7,3.083,5.0,-1.583,4.903,6.333,0.5,80.922,91.983,67.15,1018.095,1010.889,,7.167,11.8,3163.021,492.5,,0.0,0.05,0.133,,22.667,22.667,22.667,6.0,6.0,,26.0,26.0,6.0,,,6.0,1.0,,,184.848,329.456,75.212,18.34,,6
2023-02-24,10,185.852,487.526,57.421,4.501,10.1,-0.283,1.267,6.267,-2.067,3.192,7.617,-0.933,80.15,92.417,60.083,1014.08,1006.853,,5.083,10.4,2660.208,895.0,,0.0,0.283,0.633,,22.667,22.667,22.667,6.0,6.0,,26.0,26.0,6.0,,,6.0,1.0,,,185.852,487.526,57.421,322.277,,6
2023-02-25,21,242.991,436.059,132.676,4.942,7.5,3.15,0.401,1.283,-1.583,3.19,4.717,2.133,73.09,83.1,56.133,1017.41,1010.175,,7.592,10.8,3229.167,2100.0,,0.0,0.233,0.9,,22.667,22.667,22.667,6.0,6.0,,26.0,26.0,6.0,,,6.0,1.0,,6.0,242.991,436.059,132.676,15.225,0.0,6
2023-02-26,8,292.13,560.446,96.095,4.058,6.933,1.583,-1.983,0.367,-4.783,1.908,3.533,0.117,66.721,86.633,43.633,1027.028,1019.696,,6.033,10.4,4175.0,2600.0,,0.0,0.6,1.217,,22.667,22.667,22.667,6.0,6.0,,26.0,26.0,6.0,,,6.0,1.0,,,292.13,560.446,96.095,35.063,,6
2023-02-27,8,258.455,485.478,96.715,4.145,8.117,0.117,-0.828,1.683,-3.35,2.257,5.05,-0.85,70.891,85.9,54.85,1031.619,1024.249,,5.717,9.2,4640.625,3125.0,,0.0,0.333,1.5,,22.667,22.667,22.667,6.0,6.0,,26.0,26.0,6.0,,,6.0,76.0,,6.0,258.455,485.478,96.715,37.239,1.0,6
2023-02-28,4,168.68,281.282,58.491,4.765,7.35,1.483,1.808,3.833,-0.567,3.563,5.667,0.967,81.53,91.95,71.7,1032.514,1025.157,,6.708,10.8,4065.625,1325.0,,0.0,0.05,0.467,,22.667,22.667,22.667,6.0,6.0,,26.0,26.0,6.0,,,6.0,1.0,,6.0,168.68,281.282,58.491,25.913,0.0,6
2023-03-01,7,211.054,349.733,87.312,5.653,7.767,3.65,1.994,2.783,0.083,4.164,5.45,2.533,77.721,89.517,66.8,1029.047,1021.726,,5.725,9.2,4797.917,2300.0,,0.0,0.217,0.467,,22.667,22.667,22.667,6.0,6.0,,26.0,26.0,6.0,,,6.0,1.0,,6.0,211.054,349.733,87.312,42.969,0.0,6
2023-03-02,8,269.294,531.88,98.714,4.892,8.967,1.583,-0.072,0.617,-0.967,2.981,5.517,0.783,71.177,86.183,53.05,1025.878,1018.568,,6.158,10.0,2761.771,1082.5,,0.0,1.333,3.0,,22.667,22.667,22.667,6.0,6.0,,26.0,26.0,6.0,,,6.0,1.0,,6.0,269.294,531.88,98.714,36.05,0.0,6
2023-03-03,7,278.944,376.172,196.274,5.431,6.45,4.233,0.232,1.133,-0.7,3.428,4.15,2.683,69.372,76.65,60.9,1028.936,1021.618,,5.85,8.4,4369.792,2925.0,,0.0,0.0,0.083,,22.667,22.667,22.667,6.0,6.0,,26.0,26.0,6.0,,,6.0,1.0,,6.0,278.944,376.172,196.274,30.251,0.0,6
2023-03-04,9,281.735,371.084,169.273,5.582,6.55,4.467,0.358,1.633,-0.9,3.562,4.25,2.783,69.378,80.167,61.233,1029.364,1022.048,,5.358,8.2,3652.083,2275.0,,0.0,0.0,0.05,,22.667,22.667,22.667,6.0,6.0,,26.0,26.0,6.0,,,6.0,1.0,,6.0,281.735,371.084,169.273,79.887,0.0,6
2023-03-05,6,257.875,352.867,162.639,3.872,4.9,2.667,-1.48,-0.017,-2.983,1.944,2.7,1.05,68.31,79.033,58.733,1019.215,1011.933,,4.917,8.6,2739.583,1475.0,,0.0,0.0,0.033,,22.667,22.667,22.667,6.0,6.0,,26.0,26.0,6.0,,,6.0,1.0,,6.0,257.875,352.867,162.639,294.045,0.0,6
2023-03-06,2,158.07,434.17,42.868,5.096,9.417,0.55,2.452,4.783,-0.8,4.0,6.7,0.1,83.7,94.05,63.417,1006.019,998.867,,6.342,11.8,2718.854,502.5,,0.0,0.017,0.217,,22.667,22.667,22.667,6.0,6.0,,26.0,26.0,6.0,,,6.0,1.0,,6.0,158.07,434.17,42.868,250.487,1.0,6
2023-03-07,4,105.878,254.375,31.944,2.953,5.533,0.183,0.877,4.017,-1.583,2.163,4.867,-0.35,86.587,95.6,70.933,1000.254,993.082,,4.158,9.0,2453.125,392.5,,0.0,0.033,0.167,,22.667,22.667,22.667,6.0,6.0,,26.0,26.0,6.0,,,6.0,1.0,,6.0,105.878,254.375,31.944,272.862,1.0,6
2023-03-08,1,46.723,124.221,18.304,1.885,2.85,0.267,0.921,2.117,-0.633,1.526,2.55,0.083,93.445,97.2,82.85,991.569,984.444,,6.433,9.0,596.562,90.0,,0.0,0.0,0.033,,22.667,22.667,22.667,6.0,6.0,,26.0,26.0,6.0,,,6.0,1.0,,6.0,46.723,124.221,18.304,84.679,1.0,6
2023-03-09,1,45.609,149.436,16.0,6.208,10.833,2.183,5.518,9.783,1.617,5.881,10.233,1.95,95.675,98.05,88.45,990.991,983.978,,5.225,8.6,921.146,142.5,,0.0,0.0,0.05,,22.667,22.667,22.667,6.0,6.0,,26.0,26.0,6.0,,,6.0,1.0,,6.0,45.609,149.436,16.0,120.493,1.0,6
2023-03-10,3,143.765,334.157,26.437,4.692,9.167,0.733,1.787,8.717,-3.1,3.622,8.967,-0.283,82.443,97.683,61.75,996.926,989.828,,7.358,15.8,3285.938,267.5,,0.0,0.117,0.267,,22.667,22.667,22.667,6.0,6.0,,26.0,26.0,6.0,,,6.0,1.0,,6.0,143.765,334.157,26.437,340.229,1.0,6
2023-03-11,2,207.937,518.44,29.971,3.329,7.933,-1.683,-0.756,4.467,-3.917,1.802,4.833,-2.317,76.603,96.55,50.967,1009.518,1002.305,,4.442,8.4,3028.333,200.0,,0.0,0.683,1.567,,22.667,22.667,22.667,6.0,6.0,,26.0,26.0,6.0,,,6.0,76.0,,6.0,207.937,518.44,29.971,125.965,0.0,6
2023-03-12,2,166.188,484.848,25.101,9.76,13.167,5.633,7.667,10.533,5.233,8.749,11.083,5.467,87.38,97.383,67.917,1005.725,998.696,,9.208,14.2,1687.188,307.5,,0.0,0.233,0.883,,22.667,22.667,22.667,6.0,6.0,,26.0,26.0,6.0,,,6.0,1.0,,6.0,166.188,484.848,25.101,224.022,1.0,6
2023-03-13,2,311.062,538.283,100.138,12.028,13.6,10.017,8.291,10.717,6.933,10.188,11.367,8.733,78.484,92.883,65.517,990.699,983.82,,16.233,21.0,1519.062,670.0,,0.0,0.233,0.283,,22.667,22.667,22.667,6.0,6.0,,26.0,26.0,6.0,,,6.0,1.0,,6.0,311.062,538.283,100.138,224.168,1.0,6
2023-03-14,4,302.62,681.003,77.671,6.568,10.117,3.833,1.158,8.517,-3.167,4.474,9.217,2.983,70.28,92.883,41.95,1003.071,995.974,,9.908,14.8,4250.312,362.5,,0.0,0.883,1.617,,22.667,22.667,22.667,6.0,6.0,,26.0,26.0,6.0,,,6.0,1.0,,6.0,302.62,681.003,77.671,291.137,1.0,6
2023-03-15,5,154.638,430.739,19.165,4.876,8.083,-0.233,2.261,5.85,-0.9,3.805,6.483,-0.433,84.258,97.25,59.45,1015.696,1008.471,,5.1,10.0,2967.396,567.5,,0.0,0.433,1.267,,22.667,22.667,22.667,6.0,6.0,,26.0,26.0,6.0,,,6.0,1.0,,,154.638,430.739,19.165,191.649,,6
2023-03-16,3,261.753,528.11,48.023,10.89,13.483,7.3,7.693,9.183,6.217,9.334,10.65,6.817,81.481,95.783,65.633,1006.315,999.307,,8.025,12.2,3182.292,867.5,,0.0,0.25,0.567,,22.667,22.667,22.667,6.0,6.0,,26.0,26.0,6.0,,,6.0,1.0,,6.0,261.753,528.11,48.023,187.038,1.0,6
2023-03-17,2,185.841,525.911,68.736,11.685,14.533,10.333,9.545,11.117,8.133,10.597,12.067,9.617,87.194,95.017,68.367,1003.925,996.95,,5.467,9.4,2613.646,215.0,,0.0,0.433,0.65,,22.667,22.667,22.667,6.0,6.0,,26.0,26.0,6.0,,,6.0,1.0,,6.0,185.841,525.911,68.736,182.225,1.0,6
2023-03-18,0,175.096,532.581,57.048,10.616,13.9,8.717,8.503,9.467,7.05,9.579,11.1,8.0,87.3,95.317,67.083,1006.172,999.155,,4.675,7.8,3099.792,425.0,,0.0,0.433,0.683,,22.667,22.667,22.667,6.0,6.0,,26.0,26.0,6.0,,,6.0,1.0,,6.0,175.096,532.581,57.048,191.331,0.0,6
2023-03-19,3,279.472,519.271,83.374,8.411,10.65,5.75,4.222,7.4,2.75,6.578,8.067,4.767,75.729,92.417,59.183,1015.794,1008.652,,6.258,10.0,3998.854,522.5,,0.0,0.333,0.6,,22.667,22.667,22.667,6.0,6.0,,26.0,26.0,6.0,,,6.0,1.0,,6.0,279.472,519.271,83.374,274.22,0.0,6
2023-03-20,1,152.398,263.148,59.508,9.978,12.2,8.033,7.957,10.083,4.383,9.013,11.017,6.517,87.606,95.2,76.433,1016.639,1009.524,,7.783,10.8,2214.479,255.0,,0.0,0.0,0.033,,22.667,22.667,22.667,6.0,6.0,,26.0,26.0,6.0,,,6.0,1.0,,6.0,152.398,263.148,59.508,216.839,1.0,6
2023-03-21,4,237.909,513.992,59.124,10.935,13.933,8.767,8.033,9.483,6.7,9.512,11.133,8.2,82.94,95.2,67.667,1009.044,1002.017,,9.725,14.2,2491.146,605.0,,0.0,0.3,0.65,,22.667,22.667,22.667,6.0,6.0,,26.0,26.0,6.0,,,6.0,1.0,,6.0,237.909,513.992,59.124,211.09,1.0,6
2023-03-22,3,266.631,508.33,84.213,11.654,14.367,10.033,8.482,10.2,7.267,10.082,11.65,9.117,81.387,93.567,68.717,1000.086,993.129,,12.875,17.0,2250.729,357.5,,0.0,0.267,0.633,,22.667,22.667,22.667,6.0,6.0,,26.0,26.0,6.0,,,6.0,1.0,,6.0,266.631,508.33,84.213,213.005,0.0,6
2023-03-23,3,297.217,666.928,104.933,11.201,14.767,9.083,7.518,9.433,5.85,9.417,11.067,7.683,78.751,91.933,60.117,997.156,990.215,,12.392,18.8,1737.708,507.5,,0.0,0.5,1.383,,22.667,22.667,22.667,6.0,6.0,,26.0,26.0,6.0,,,6.0,1.0,,6.0,297.217,666.928,104.933,216.852,0.0,6
2023-03-24,1,244.343,590.959,111.115,9.778,13.367,7.85,6.555,8.017,5.217,8.258,10.267,6.967,80.894,89.867,61.167,998.109,991.143,,11.408,17.2,2344.312,525.0,,0.0,0.633,2.633,,22.667,22.667,22.667,6.0,6.0,,26.0,26.0,6.0,,,6.0,1.0,,6.0,244.343,590.959,111.115,226.328,1.0,6
2023-03-25,5,395.499,793.359,140.67,10.461,14.067,7.717,5.141,6.567,3.383,8.025,9.783,6.383,70.599,86.867,50.417,1003.652,996.643,,12.6,20.0,3086.667,846.667,,0.0,0.983,1.933,,22.667,22.667,22.667,6.0,6.0,,26.0,26.0,6.0,,,6.0,1.0,,,395.499,793.359,140.67,240.777,,6
2023-03-26,4,191.722,397.018,50.929,7.574,9.083,6.117,4.494,7.2,0.3,6.274,8.067,3.983,81.748,95.017,62.883,1007.643,1000.545,,5.867,10.4,2284.444,333.333,,0.0,0.0,0.033,,22.667,22.667,22.667,6.0,6.0,,26.0,26.0,6.0,,,6.0,1.0,,6.0,191.722,397.018,50.929,15.979,1.0,6
2023-03-27,4,443.832,821.476,179.083,6.907,10.767,3.75,-1.244,1.083,-4.867,3.857,5.567,2.367,58.369,78.667,35.383,1025.128,1017.878,,3.558,6.6,5381.944,4000.0,,0.0,1.2,3.6,,22.667,22.667,22.667,6.0,6.0,,26.0,26.0,6.0,,,6.0,51.0,,6.0,443.832,821.476,179.083,76.093,1.0,6
2023-03-28,2,204.362,374.467,87.781,7.172,8.817,4.533,3.808,7.167,-1.0,5.769,7.883,2.783,79.743,91.8,63.233,1018.941,1011.749,,7.492,11.8,3132.778,516.667,,0.0,0.0,0.067,,22.667,22.667,22.667,6.0,6.0,,26.0,26.0,6.0,,,6.0,1.0,,6.0,204.362,374.467,87.781,173.505,1.0,6
2023-03-29,4,134.756,391.81,44.208,11.297,13.85,8.633,9.775,11.867,7.617,10.517,12.383,8.15,90.652,96.483,75.233,1008.786,1001.769,,7.483,13.0,1643.229,152.5,,0.0,0.0,0.233,,22.667,22.667,22.667,6.0,6.0,,26.0,26.0,6.0,,,6.0,1.0,,6.0,134.756,391.81,44.208,198.075,1.0,6
2023-03-30,0,310.559,577.849,105.077,12.453,15.5,10.217,8.926,10.417,7.983,10.665,12.467,9.167,79.55,91.833,66.733,1003.09,996.14,,11.667,15.4,1697.083,532.5,,0.0,0.6,1.533,,22.667,22.667,22.667,6.0,6.0,,26.0,26.0,6.0,,,6.0,1.0,,6.0,310.559,577.849,105.077,220.637,1.0,6
2023-03-31,0,115.321,276.937,57.259,10.752,13.3,10.0,9.369,10.417,8.617,10.049,11.7,9.383,91.288,95.483,82.017,989.189,982.296,,11.467,15.8,1467.188,245.0,,0.0,0.05,0.133,,22.667,22.667,22.667,6.0,6.0,,26.0,26.0,6.0,,,6.0,1.0,,6.0,115.321,276.937,57.259,232.841,1.0,6
2023-04-01,4,197.39,343.399,91.027,9.328,10.75,7.933,6.606,8.967,4.617,8.065,9.633,6.567,83.433,92.433,71.967,1006.675,999.632,,7.175,9.8,3934.271,597.5,,0.0,0.1,0.233,,22.667,22.667,22.667,6.0,6.0,,26.0,26.0,6.0,,,6.0,1.0,,6.0,197.39,343.399,91.027,341.062,1.0,6
2023-04-02,1,325.811,666.806,111.309,7.817,11.15,4.6,2.576,5.367,0.267,5.644,7.133,3.067,70.783,89.067,49.633,1025.693,1018.469,,7.375,10.0,3834.375,1225.0,,0.0,0.767,2.05,,22.667,22.667,22.667,6.0,6.0,,26.0,26.0,6.0,,,6.0,1.0,,6.0,325.811,666.806,111.309,26.676,1.0,6
2023-04-03,5,353.569,752.154,84.379,6.538,11.733,1.683,0.638,3.5,-1.617,4.167,7.417,0.983,67.881,88.733,44.633,1030.054,1022.758,,5.083,8.6,3826.042,2275.0,,0.0,1.35,4.1,,22.667,22.667,22.667,6.0,6.0,,26.0,26.0,6.0,,,6.0,1.0,,6.0,353.569,752.154,84.379,71.488,0.0,6
2023-04-04,7,474.75,1070.525,80.35,7.31,14.4,0.267,-0.337,2.1,-2.3,4.24,8.333,-0.417,61.857,88.717,33.75,1027.275,1020.025,,3.292,6.2,3611.458,1950.0,,0.0,1.967,5.85,,22.667,22.667,22.667,6.0,6.0,,26.0,26.0,6.0,,,6.0,1.0,,2006.0,474.75,1070.525,80.35,105.511,0.0,6
2023-04-05,6,326.576,749.957,77.447,8.324,13.017,3.667,3.417,7.7,-0.183,6.215,8.867,2.283,72.565,92.967,49.617,1020.778,1013.607,,4.983,9.2,2616.458,905.0,,0.0,0.5,1.833,,22.667,22.667,22.667,6.0,6.0,,26.0,26.0,6.0,,,6.0,1.0,,6.0,326.576,749.957,77.447,211.741,0.0,6
2023-04-06,0,219.557,651.013,31.923,9.981,13.833,6.6,7.111,9.65,3.167,8.635,10.517,5.217,83.442,97.367,57.883,1014.37,1007.28,,7.058,11.6,3483.194,166.667,,0.0,0.333,0.967,,22.667,22.667,22.667,6.0,6.0,,26.0,26.0,6.0,,,6.0,1.0,,6.0,219.557,651.013,31.923,264.005,1.0,6
2023-04-07,3,483.69,1071.966,102.676,9.426,14.7,4.467,2.419,4.833,-0.85,6.431,9.183,3.667,64.801,88.85,35.067,1020.856,1013.706,,3.95,6.4,5223.214,2750.0,,0.0,1.767,4.617,,22.667,22.667,22.667,6.0,6.0,,26.0,26.0,6.0,,,6.0,1.0,,6.0,483.69,1071.966,102.676,269.303,1.0,6
2023-04-08,9,377.651,905.5,32.183,9.133,14.783,3.183,3.989,6.683,1.683,6.827,9.733,2.867,72.903,96.4,45.25,1025.506,1018.325,,3.342,6.4,3066.354,585.0,,0.0,1.533,4.15,,22.667,22.667,22.667,6.0,6.0,,26.0,26.0,6.0,,,6.0,1.0,,6.0,377.651,905.5,32.183,97.84,1.0,6
2023-04-09,12,454.406,967.671,54.394,10.799,16.033,5.733,4.967,6.7,2.933,8.111,10.917,5.25,69.806,94.317,46.083,1021.395,1014.273,,4.825,8.2,2047.812,380.0,,0.0,1.25,4.25,,22.667,22.667,22.667,6.0,6.0,,26.0,26.0,6.0,,,6.0,1.0,,6.0,454.406,967.671,54.394,144.29,1.0,6
2023-04-10,2,335.463,803.722,56.686,11.391,15.05,8.083,7.039,11.117,1.833,9.369,12.033,6.3,76.399,95.55,50.35,1010.151,1003.121,,10.775,17.8,2759.062,250.0,,0.0,0.65,1.55,,22.667,22.667,22.667,6.0,6.0,,26.0,26.0,6.0,,,6.0,1.0,,6.0,335.463,803.722,56.686,221.155,2.0,6
2023-04-11,5,262.713,640.993,74.093,8.881,12.65,5.8,5.164,7.983,2.817,7.21,9.217,4.783,78.524,93.567,55.067,1008.656,1001.581,,9.733,15.2,2774.452,420.0,,0.0,0.667,2.133,,22.667,22.667,22.667,6.0,6.0,,26.0,26.0,6.0,,,6.0,1.0,,,262.713,640.993,74.093,220.83,,6
2023-04-12,5,249.969,629.83,106.87,7.615,10.633,4.867,3.722,6.367,0.633,5.945,7.483,3.967,77.256,89.2,50.65,993.65,986.634,,11.267,20.4,3562.396,847.5,,0.0,0.75,2.617,,22.667,22.667,22.667,6.0,6.0,,26.0,26.0,6.0,,,6.0,1.0,,6.0,249.969,629.83,106.87,228.204,2.0,6
2023-04-13,3,434.357,898.522,159.619,8.723,12.783,5.433,1.938,4.6,-1.083,5.908,7.7,4.1,64.267,83.917,38.983,1001.877,994.829,,10.325,15.2,4984.375,2550.0,,0.0,1.633,4.317,,22.667,22.667,22.667,6.0,6.0,,26.0,26.0,6.0,,,6.0,1.0,,6.0,434.357,898.522,159.619,250.164,2.0,6
2023-04-14,3,179.791,401.926,48.136,7.685,10.2,4.417,5.036,7.05,1.65,6.506,8.183,3.383,83.917,95.483,67.433,1004.63,997.556,,5.608,11.8,3259.896,340.0,,0.0,0.083,0.55,,22.667,22.667,22.667,6.0,6.0,,26.0,26.0,6.0,,,6.0,1.0,,6.0,179.791,401.926,48.136,130.274,1.0,6
2023-04-15,2,310.742,818.631,58.5,9.977,15.217,6.717,5.999,7.133,5.15,8.105,10.767,6.133,77.824,94.333,52.633,1018.164,1011.048,,5.367,7.8,3382.188,1147.5,,0.0,0.85,2.2,,22.667,22.667,22.667,6.0,6.0,,26.0,26.0,6.0,,,6.0,51.0,,6.0,310.742,818.631,58.5,207.12,0.0,6
2023-04-16,1,467.064,887.975,123.325,11.763,15.583,7.5,6.008,7.717,4.317,9.032,10.9,6.5,69.494,88.65,49.317,1026.083,1018.973,,3.458,7.0,4306.929,1400.0,,0.0,0.583,1.283,,22.667,22.667,22.667,6.0,6.0,,26.0,26.0,6.0,,,6.0,1.0,,,467.064,887.975,123.325,264.638,,6
2023-04-17,2,433.378,960.909,112.154,12.294,16.617,8.517,7.168,9.183,4.317,9.801,11.917,7.317,72.482,91.1,46.933,1027.668,1020.535,,4.633,8.4,2689.792,487.5,,0.0,0.967,4.067,,22.667,22.667,22.667,6.0,6.0,,26.0,26.0,6.0,,,6.0,1.0,,6.0,433.378,960.909,112.154,71.848,1.0,6
2023-04-18,6,326.435,526.154,161.189,9.388,11.183,7.35,4.718,6.217,3.567,7.301,8.133,6.25,73.21,85.067,60.517,1027.556,1020.356,,8.192,12.6,1953.397,900.0,,0.0,0.633,1.483,,22.667,22.667,22.667,6.0,6.0,,26.0,26.0,6.0,,,6.0,1.0,,6.0,326.435,526.154,161.189,58.314,0.0,6
2023-04-19,10,426.718,840.25,135.269,10.742,15.333,7.25,4.963,7.567,0.517,8.136,11.183,5.017,69.222,87.6,44.7,1024.946,1017.799,,8.367,12.6,2300.521,652.5,,0.0,1.233,3.583,,22.667,22.667,22.667,6.0,6.0,,26.0,26.0,6.0,,,6.0,1.0,,6.0,426.718,840.25,135.269,75.687,0.0,6
2023-04-20,1,458.666,1156.96,120.162,9.191,15.033,5.1,2.391,5.783,-2.217,6.342,8.517,4.017,66.493,88.133,31.117,1020.897,1013.736,,7.817,13.4,3340.208,790.0,,0.0,1.6,4.65,,22.667,22.667,22.667,6.0,6.0,,26.0,26.0,6.0,,,6.0,1.0,,6.0,458.666,1156.96,120.162,42.077,0.0,6
2023-04-21,0,205.527,488.214,67.211,8.017,11.2,5.267,5.038,6.433,3.467,6.683,8.45,4.7,82.17,93.0,63.533,1012.217,1005.084,,4.633,7.8,1402.889,172.5,,0.0,0.283,0.817,,22.667,22.667,22.667,6.0,6.0,,26.0,26.0,6.0,,,6.0,1.0,,6.0,205.527,488.214,67.211,57.437,0.0,6
2023-04-22,6,343.957,769.58,24.396,8.958,13.6,3.05,4.29,8.117,2.067,6.851,9.383,2.833,75.224,97.133,50.383,1005.54,998.493,,3.992,8.8,1700.729,180.0,,0.0,0.683,2.067,,22.667,22.667,22.667,6.0,6.0,,26.0,26.0,6.0,,,6.0,1.0,,6.0,343.957,769.58,24.396,200.643,0.0,6
2023-04-23,3,246.264,730.32,58.811,10.603,14.117,7.65,7.502,9.5,4.55,9.117,10.683,7.05,82.071,94.817,54.067,1001.316,994.34,,6.275,12.4,3081.875,237.5,,0.0,0.267,0.883,,22.667,22.667,22.667,6.0,6.0,,26.0,26.0,6.0,,,6.0,1.0,,6.0,246.264,730.32,58.811,245.514,1.0,6
2023-04-24,2,223.394,612.633,45.866,8.299,12.1,6.033,5.065,7.0,2.817,6.862,8.383,4.717,81.274,95.633,56.633,1010.041,1002.938,,5.225,8.4,2010.625,310.0,,0.0,0.617,1.517,,22.667,22.667,22.667,6.0,6.0,,26.0,26.0,6.0,,,6.0,1.0,,6.0,223.394,612.633,45.866,338.907,1.0,6
2023-04-25,2,423.506,825.546,124.376,7.047,11.217,2.483,-0.326,2.0,-2.833,4.187,6.267,1.5,61.802,83.733,37.917,1018.318,1011.122,,4.708,7.8,4216.667,2375.0,,0.0,1.483,3.967,,22.667,22.667,22.667,6.0,6.0,,26.0,26.0,6.0,,,6.0,51.0,,6.0,423.506,825.546,124.376,32.635,0.0,6
2023-04-26,4,418.075,689.668,157.772,8.336,11.483,4.633,1.685,3.283,-0.067,5.582,7.283,3.433,64.081,82.117,48.65,1018.493,1011.341,,5.058,8.2,3891.893,2600.0,,0.0,0.0,0.2,,22.667,22.667,22.667,6.0,6.0,,26.0,26.0,6.0,,,6.0,1.0,,6.0,418.075,689.668,157.772,112.42,0.0,6
2023-04-27,0,309.523,798.689,39.726,9.683,14.1,5.25,5.405,10.233,2.267,7.76,10.467,4.25,76.488,96.917,50.233,1014.814,1007.726,,6.558,11.6,1518.542,180.0,,0.0,0.0,0.633,,22.667,22.667,22.667,6.0,6.0,,26.0,26.0,6.0,,,6.0,1.0,,6.0,309.523,798.689,39.726,113.702,0.0,6
2023-04-28,3,311.319,747.198,28.755,13.593,17.267,10.067,10.335,12.067,7.05,11.891,13.55,8.65,81.941,97.9,61.933,1011.677,1004.7,,6.492,11.4,4175.347,162.5,,0.0,0.283,0.8,,39.333,39.333,39.333,6.0,6.0,,26.0,26.0,6.0,,,6.0,1.0,,6.0,311.319,747.198,28.755,282.691,0.0,6
2023-04-29,6,475.191,1100.648,67.899,12.346,18.267,6.283,7.028,8.45,5.117,9.709,12.75,5.817,72.314,93.617,47.533,1020.54,1013.462,,3.142,6.8,2280.521,977.5,,0.0,1.55,4.2,,39.333,39.333,39.333,6.0,6.0,,26.0,26.0,6.0,,,6.0,51.0,,6.0,475.191,1100.648,67.899,94.313,0.0,6
2023-04-30,5,510.218,1033.374,67.235,12.662,17.567,6.467,6.853,8.567,4.983,9.811,12.417,5.983,69.924,93.617,48.333,1020.929,1013.858,,4.533,8.0,1742.083,340.0,,0.0,1.033,3.267,,39.333,39.333,39.333,6.0,6.0,,26.0,26.0,6.0,,,6.0,1.0,,6.0,510.218,1033.374,67.235,182.638,0.0,6
2023-05-01,7,478.651,928.179,152.462,13.566,17.283,10.2,8.262,9.9,6.983,10.897,12.683,8.867,71.452,88.367,52.85,1018.249,1011.22,,5.542,9.4,4891.146,2387.5,,0.0,0.65,1.517,,39.333,39.333,39.333,6.0,6.0,,26.0,26.0,6.0,,,6.0,1.0,,6.0,478.651,928.179,152.462,294.582,0.0,6
2023-05-02,9,361.602,697.48,124.01,11.429,14.817,8.05,6.913,8.65,4.217,9.274,11.033,6.433,74.661,90.017,57.9,1026.36,1019.224,,5.275,8.2,3359.375,1950.0,,0.0,0.317,1.183,,39.333,39.333,39.333,6.0,6.0,,26.0,26.0,6.0,,,6.0,1.0,,6.0,361.602,697.48,124.01,77.567,0.0,6
2023-05-03,10,430.113,843.255,102.346,10.286,14.883,5.683,4.513,6.167,2.717,7.661,10.25,4.85,68.9,89.467,48.817,1025.678,1018.521,,6.883,11.0,2718.056,1366.667,,0.0,2.15,6.817,,39.333,39.333,39.333,6.0,6.0,,26.0,26.0,6.0,,,6.0,1.0,,6.0,430.113,843.255,102.346,91.475,0.0,6
2023-05-04,5,485.196,980.116,119.365,13.612,19.233,8.017,8.462,11.467,5.867,10.973,14.683,7.133,72.424,89.117,52.383,1015.143,1008.143,,7.708,13.2,2191.25,890.0,,0.0,0.85,2.617,,39.333,39.333,39.333,6.0,6.0,,26.0,26.0,6.0,,,6.0,1.0,,6.0,485.196,980.116,119.365,114.395,0.0,6
2023-05-05,5,442.345,916.663,116.83,14.825,18.683,11.467,10.41,12.15,9.017,12.481,14.567,10.617,75.935,91.8,56.483,1014.054,1007.08,,7.467,11.6,3237.5,1625.0,,0.0,1.117,2.783,,39.333,39.333,39.333,6.0,6.0,,26.0,26.0,6.0,,,6.0,1.0,,6.0,442.345,916.663,116.83,204.81,0.0,6
2023-05-06,1,123.213,215.603,53.282,12.969,14.283,10.283,11.671,13.017,9.25,12.265,13.467,9.767,91.933,96.267,86.217,1013.81,1006.804,,5.033,8.0,1411.944,253.333,,0.0,0.0,0.15,,39.333,39.333,39.333,6.0,6.0,,26.0,26.0,6.0,,,6.0,1.0,,,123.213,215.603,53.282,166.903,,6
2023-05-07,7,404.073,1074.906,65.694,15.024,19.867,11.517,11.16,12.267,9.55,12.936,14.85,10.933,79.35,95.467,53.583,1017.309,1010.32,,4.117,7.4,4115.729,2080.0,,0.0,0.633,1.567,,39.333,39.333,39.333,6.0,6.0,,26.0,26.0,6.0,,,6.0,1.0,,6.0,404.073,1074.906,65.694,254.497,1.0,6
2023-05-08,7,190.199,405.093,45.068,12.848,15.067,9.867,10.835,12.75,8.9,11.783,13.133,9.483,88.006,96.9,76.25,1018.911,1011.857,,6.258,10.6,2423.333,802.5,,0.0,0.0,0.45,,39.333,39.333,39.333,6.0,6.0,,26.0,26.0,6.0,,,6.0,1.0,,6.0,190.199,405.093,45.068,197.764,1.0,6
2023-05-09,1,240.708,682.98,35.595,14.103,17.883,11.067,11.745,13.083,9.8,12.822,14.683,10.633,86.603,97.667,66.55,1010.854,1003.897,,5.167,9.0,2808.056,243.333,,0.0,0.167,0.617,,39.333,39.333,39.333,6.0,6.0,,26.0,26.0,6.0,,,6.0,1.0,,6.0,240.708,682.98,35.595,259.197,1.0,6
2023-05-10,3,301.793,788.72,43.378,13.095,17.017,9.75,9.907,12.0,8.1,11.434,13.683,9.3,82.158,96.633,59.083,1012.797,1005.799,,5.392,9.4,3101.389,666.667,,0.0,1.133,3.167,,39.333,39.333,39.333,6.0,6.0,,26.0,26.0,6.0,,,6.0,1.0,,,301.793,788.72,43.378,268.06,,6
2023-05-11,3,392.967,990.909,63.204,12.847,17.617,9.05,8.486,10.133,6.15,10.632,12.9,8.517,76.673,94.817,50.7,1016.106,1009.065,,3.683,7.2,4652.083,1475.0,,0.0,0.983,2.533,,39.333,39.333,39.333,6.0,6.0,,26.0,26.0,6.0,,,6.0,51.0,,6.0,392.967,990.909,63.204,261.263,0.0,6
2023-05-12,1,195.76,420.137,71.72,11.233,13.35,9.617,8.895,9.683,7.9,10.068,11.05,8.9,85.855,94.333,72.733,1022.608,1015.495,,8.633,12.8,2073.021,392.5,,0.0,0.2,0.433,,39.333,39.333,39.333,6.0,6.0,,26.0,26.0,6.0,,,6.0,1.0,,6.0,195.76,420.137,71.72,18.205,0.0,6
2023-05-13,1,199.952,365.924,111.636,10.923,13.467,9.383,8.501,9.567,7.783,9.722,11.4,8.683,85.215,90.8,76.317,1026.118,1018.98,,6.992,9.4,1766.042,1027.5,,0.0,0.0,0.6,,22.667,22.667,22.667,6.0,6.0,,26.0,26.0,6.0,,,6.0,1.0,,6.0,199.952,365.924,111.636,15.497,0.0,6
2023-05-14,5,529.826,1227.005,73.361,13.811,20.417,8.4,8.436,11.517,6.983,11.028,15.25,7.883,72.537,93.483,46.4,1020.494,1013.456,,3.95,7.4,2539.062,447.5,,0.0,1.1,3.017,,22.667,22.667,22.667,6.0,6.0,,26.0,26.0,6.0,,,6.0,1.0,,6.0,529.826,1227.005,73.361,292.562,1.0,6
2023-05-15,4,564.47,988.526,136.601,12.78,15.4,9.167,5.554,10.15,1.7,9.45,11.683,7.133,63.358,89.65,42.233,1020.222,1013.152,,6.708,11.4,4870.738,707.5,,0.0,1.483,3.2,,22.667,22.667,22.667,6.0,6.0,,26.0,26.0,6.0,,,6.0,1.0,,6.0,564.47,988.526,136.601,212.426,0.0,6
2023-05-16,5,565.672,1056.903,111.168,12.217,16.833,6.733,5.286,6.683,3.383,8.954,11.383,5.917,64.885,89.65,44.333,1025.13,1018.014,,5.05,9.4,3903.125,2475.0,,0.0,1.483,4.617,,22.667,22.667,22.667,6.0,6.0,,26.0,26.0,6.0,,,6.0,1.0,,6.0,565.672,1056.903,111.168,323.651,0.0,6
2023-05-17,9,505.539,1034.933,108.2,12.997,17.667,7.3,7.308,9.383,5.35,10.174,12.517,6.5,69.977,90.317,48.733,1028.319,1021.206,,3.942,7.0,3021.875,2000.0,,0.0,1.0,3.35,,22.667,22.667,22.667,6.0,6.0,,26.0,26.0,6.0,,,6.0,1.0,,6.0,505.539,1034.933,108.2,265.762,0.0,6
2023-05-18,6,666.539,1251.07,182.41,14.357,19.333,8.9,7.024,8.667,5.25,10.717,13.333,7.6,62.965,85.35,44.117,1028.078,1020.997,,3.275,6.6,3528.125,2125.0,,0.0,1.183,3.533,,22.667,22.667,22.667,6.0,6.0,,26.0,26.0,6.0,,,6.0,1.0,,,666.539,1251.07,182.41,99.526,,6
2023-05-19,8,539.202,1031.075,189.251,13.38,17.45,9.567,7.175,9.5,5.117,10.326,12.567,8.017,67.158,84.817,47.833,1027.206,1020.092,,4.125,8.2,3212.5,1775.0,,0.0,0.383,1.617,,22.667,22.667,22.667,6.0,6.0,,26.0,26.0,6.0,,,6.0,1.0,,6.0,539.202,1031.075,189.251,69.858,0.0,6
2023-05-20,6,668.622,1299.598,100.465,13.737,19.233,7.717,6.165,9.383,2.55,10.072,13.1,6.967,63.142,90.817,40.467,1025.082,1018.003,,6.792,10.4,3542.708,1125.0,,0.0,1.283,3.383,,22.667,22.667,22.667,6.0,6.0,,26.0,26.0,6.0,,,6.0,1.0,,6.0,668.622,1299.598,100.465,32.791,0.0,6
2023-05-21,8,635.634,1079.207,136.894,13.935,18.2,8.617,6.769,8.217,4.217,10.405,12.783,7.55,63.314,88.15,48.167,1021.6,1014.555,,7.042,10.4,4402.083,1800.0,,0.0,0.983,3.033,,22.667,22.667,22.667,6.0,6.0,,26.0,26.0,6.0,,,6.0,1.0,,,635.634,1079.207,136.894,23.173,,6
2023-05-22,3,703.862,1140.501,363.454,14.625,19.033,11.467,6.62,9.2,2.583,10.715,13.817,8.55,59.567,74.2,43.817,1021.391,1014.368,,7.383,11.2,4566.667,3350.0,,0.0,0.65,2.117,,22.667,22.667,22.667,6.0,6.0,,26.0,26.0,6.0,,,6.0,1.0,,6.0,703.862,1140.501,363.454,78.99,0.0,6
2023-05-23,16,593.332,1077.239,144.453,13.524,17.833,9.483,6.689,8.2,5.25,10.192,12.467,8.317,64.98,88.167,46.8,1026.582,1019.494,,5.358,8.0,3565.625,1900.0,,0.0,1.133,2.967,,22.667,22.667,22.667,6.0,6.0,,26.0,26.0,6.0,,,6.0,1.0,,,593.332,1077.239,144.453,32.896,,6
2023-05-24,8,696.771,1351.32,109.881,15.201,20.717,8.483,8.183,10.167,5.617,11.583,14.55,7.583,65.033,90.65,44.25,1025.752,1018.716,,4.692,7.4,3006.25,1875.0,,0.0,2.15,6.433,,22.667,22.667,22.667,6.0,6.0,,26.0,26.0,6.0,,,6.0,1.0,,,696.771,1351.32,109.881,210.364,,6
2023-05-25,5,585.049,901.512,194.518,14.465,17.55,10.733,8.102,9.55,6.6,11.252,13.083,9.117,66.743,86.45,54.683,1029.403,1022.302,,4.825,8.2,2901.875,1505.0,,0.0,1.583,2.833,,22.667,22.667,22.667,6.0,6.0,,26.0,26.0,6.0,,,6.0,1.0,,6.0,585.049,901.512,194.518,51.006,0.0,6
2023-05-26,9,661.31,1345.27,209.914,13.598,19.05,9.167,5.965,7.167,4.417,9.921,12.383,7.75,62.085,82.317,38.9,1031.216,1024.079,,7.267,9.6,2333.333,1450.0,,0.0,2.033,6.15,,22.667,22.667,22.667,6.0,6.0,,26.0,26.0,6.0,,,6.0,1.0,,,661.31,1345.27,209.914,72.069,,6
2023-05-27,13,630.36,1446.924,101.006,14.21,20.5,8.417,7.533,9.2,5.55,10.824,13.833,7.7,67.104,91.267,40.017,1026.297,1019.212,,5.033,7.6,2380.521,985.0,,0.0,2.3,6.483,,22.667,22.667,22.667,6.0,6.0,,26.0,26.0,6.0,,,6.0,1.0,,6.0,630.36,1446.924,101.006,71.033,0.0,6
2023-05-28,22,871.866,1731.55,98.999,15.365,21.617,8.217,5.976,9.4,-0.033,10.823,14.0,7.5,58.299,91.917,26.983,1023.403,1016.368,,6.483,11.4,3543.542,1080.0,,0.0,2.0,6.0,,22.667,22.667,22.667,6.0,6.0,,26.0,26.0,6.0,,,6.0,1.0,,,871.866,1731.55,98.999,55.307,,6
2023-05-29,24,630.93,1077.362,233.373,13.017,17.25,8.533,5.33,6.633,3.383,9.388,11.833,7.0,60.925,79.383,44.4,1027.6,1020.483,,8.7,11.8,3439.583,2650.0,,0.0,1.967,5.05,,22.667,22.667,22.667,6.0,6.0,,26.0,26.0,6.0,,,6.0,1.0,,6.0,630.93,1077.362,233.373,49.644,0.0,6
2023-05-30,19,493.803,828.754,257.821,12.896,16.917,9.367,7.122,9.2,5.633,10.062,12.75,7.7,68.469,78.367,55.233,1029.205,1022.08,,8.8,11.4,3775.0,2400.0,,0.0,1.217,2.717,,22.667,22.667,22.667,6.0,6.0,,26.0,26.0,6.0,,,6.0,1.0,,,493.803,828.754,257.821,49.337,,6
2023-05-31,9,435.743,841.422,140.389,13.626,18.267,10.317,8.947,10.733,7.167,11.214,14.133,9.3,74.106,89.017,59.75,1026.836,1019.744,,8.058,10.8,3964.479,1605.0,,0.0,1.0,2.5,,22.667,22.667,22.667,6.0,6.0,,26.0,26.0,6.0,,,6.0,1.0,,,435.743,841.422,140.389,47.296,,6
2023-06-01,15,473.826,1006.677,200.645,13.193,18.917,9.833,7.947,9.7,6.6,10.546,13.883,8.5,71.488,83.85,53.683,1025.393,1018.297,,7.892,10.8,3457.292,2225.0,,0.0,1.2,3.583,,22.667,22.667,22.667,6.0,6.0,,26.0,26.0,6.0,,,6.0,1.0,,6.0,473.826,1006.677,200.645,44.323,0.0,6
2023-06-02,17,636.678,1136.677,339.883,13.435,18.25,10.367,5.88,7.15,4.5,9.813,12.45,7.767,61.251,74.433,45.75,1024.396,1017.32,,7.975,10.6,3727.083,2400.0,,0.0,1.533,4.633,,22.667,22.667,22.667,6.0,6.0,,26.0,26.0,6.0,,,6.0,1.0,,6.0,636.678,1136.677,339.883,53.359,0.0,6
2023-06-03,8,671.91,1391.978,105.606,14.71,21.333,8.117,7.897,10.9,5.033,11.211,14.883,7.367,66.317,90.617,44.85,1023.394,1016.343,,6.758,9.6,3269.375,1257.5,,0.0,1.517,3.717,,22.667,22.667,22.667,6.0,6.0,,26.0,26.0,6.0,,,6.0,1.0,,6.0,671.91,1391.978,105.606,51.135,0.0,6
2023-06-04,15,798.985,1586.136,168.441,15.69,21.717,9.383,7.608,9.85,5.467,11.576,14.467,8.267,61.152,86.0,38.517,1023.849,1016.824,,6.417,9.0,4595.833,2450.0,,0.0,2.333,7.65,,22.667,22.667,22.667,6.0,6.0,,26.0,26.0,6.0,,,6.0,1.0,,6.0,798.985,1586.136,168.441,56.754,0.0,6
2023-06-05,9,511.391,916.377,243.184,13.2,17.55,9.85,7.323,8.717,6.367,10.297,12.883,8.233,68.305,80.367,54.183,1024.406,1017.324,,7.267,9.6,4462.5,3575.0,,0.0,0.967,3.25,,22.667,22.667,22.667,6.0,6.0,,26.0,26.0,6.0,,,6.0,1.0,,6.0,511.391,916.377,243.184,49.419,0.0,6
2023-06-06,20,509.494,801.082,348.611,13.312,16.517,11.267,7.374,8.45,6.233,10.389,12.317,8.967,67.562,74.317,57.367,1023.417,1016.357,,7.588,9.6,4390.716,3075.0,,0.0,0.533,1.917,,22.667,22.667,22.667,6.0,6.0,,26.0,26.0,6.0,,,6.0,1.0,,6.0,509.494,801.082,348.611,47.126,0.0,6
2023-06-07,20,555.737,1163.763,245.831,14.53,21.067,10.5,8.886,11.55,6.983,11.583,15.667,8.867,69.881,80.867,53.383,1021.768,1014.729,,7.175,9.0,2961.458,2375.0,,0.0,1.567,4.433,,22.667,22.667,22.667,6.0,6.0,,26.0,26.0,6.0,,,6.0,1.0,,6.0,555.737,1163.763,245.831,69.204,0.0,6
2023-06-08,20,694.111,1502.452,232.859,15.458,21.883,10.367,8.594,11.05,7.2,11.878,15.517,8.883,65.422,81.7,43.367,1018.39,1011.392,,7.517,9.4,3430.208,2400.0,,0.0,1.983,5.75,,22.667,22.667,22.667,6.0,6.0,,26.0,26.0,6.0,,,6.0,1.0,,6.0,694.111,1502.452,232.859,67.996,0.0,6
2023-06-09,20,808.817,1730.131,185.052,18.222,25.483,11.6,11.681,14.0,8.583,14.503,18.517,10.333,67.705,86.6,47.067,1014.021,1007.122,,7.833,10.8,2235.417,1450.0,,0.0,1.933,5.65,,22.667,22.667,22.667,6.0,6.0,,26.0,26.0,6.0,,,6.0,1.0,,6.0,808.817,1730.131,185.052,69.546,0.0,6
2023-06-10,33,1344.093,2807.573,206.551,22.122,30.017,13.483,12.649,14.867,10.983,16.581,20.15,12.317,58.501,86.883,33.017,1013.095,1006.309,,6.367,11.0,2426.042,1175.0,,0.0,2.017,6.35,,22.667,22.667,22.667,6.0,6.0,,26.0,26.0,6.0,,,6.0,1.0,,6.0,1344.093,2807.573,206.551,72.86,0.0,6
2023-06-11,20,1049.975,2828.556,251.963,21.669,30.333,15.267,14.182,18.433,11.15,17.251,20.533,13.233,65.507,88.267,34.033,1013.761,1006.964,,3.025,8.8,2300.0,1125.0,,0.0,1.267,2.85,,22.667,22.667,22.667,6.0,6.0,,26.0,26.0,6.0,,,6.0,1.0,,6.0,1049.975,2828.556,251.963,149.403,0.0,6
2023-06-12,9,745.211,1831.446,145.827,21.203,27.717,16.45,16.04,18.417,11.933,18.052,21.133,14.533,74.419,92.95,49.55,1014.346,1007.526,,3.0,8.0,1926.562,380.0,,0.0,1.033,2.35,,22.667,22.667,22.667,6.0,6.0,,26.0,26.0,6.0,,,6.0,1.0,,6.0,745.211,1831.446,145.827,122.172,0.0,6
2023-06-13,20,1426.071,2617.334,352.278,21.187,27.517,13.817,9.234,13.967,2.817,14.799,18.217,10.933,50.376,80.017,27.683,1014.245,1007.409,,6.158,12.2,3326.042,1650.0,,0.0,2.383,7.4,,22.667,22.667,22.667,6.0,6.0,,26.0,26.0,6.0,,,6.0,1.0,,6.0,1426.071,2617.334,352.278,56.517,0.0,6
2023-06-14,20,1349.828,2553.447,253.425,20.269,27.633,11.75,8.75,12.917,0.167,14.137,18.1,8.983,50.731,82.067,29.783,1017.342,1010.466,,5.508,8.6,3762.5,2700.0,,0.0,2.183,7.017,,22.667,22.667,22.667,6.0,6.0,,26.0,26.0,6.0,,,6.0,1.0,,6.0,1349.828,2553.447,253.425,62.74,0.0,6
2023-06-15,17,1249.62,2361.021,290.311,20.576,26.833,13.483,10.246,13.05,7.783,14.907,17.35,11.833,54.741,82.4,32.0,1020.025,1013.132,,4.708,8.2,3951.042,2600.0,,0.0,1.983,6.3,,22.667,22.667,22.667,6.0,6.0,,26.0,26.0,6.0,,,6.0,1.0,,6.0,1249.62,2361.021,290.311,62.747,0.0,6
2023-06-16,23,1390.135,2514.629,380.118,20.74,26.883,14.067,8.868,11.517,6.467,14.41,16.633,11.767,49.999,78.767,28.717,1019.108,1012.234,,3.983,8.2,3889.583,1800.0,,0.0,2.05,6.1,,22.667,22.667,22.667,6.0,6.0,,26.0,26.0,6.0,,,6.0,1.0,,6.0,1390.135,2514.629,380.118,72.131,0.0,6
2023-06-17,26,1067.079,1884.781,466.556,20.049,25.283,13.45,11.173,14.817,7.383,15.115,18.383,10.5,57.912,74.85,41.05,1014.091,1007.235,,4.142,7.0,3138.542,1575.0,,0.0,1.3,1.667,,22.667,22.667,22.667,6.0,6.0,,26.0,26.0,6.0,,,6.0,51.0,,6.0,1067.079,1884.781,466.556,89.368,0.0,6
2023-06-18,24,580.124,1577.675,113.96,19.794,26.317,16.017,15.534,17.617,13.05,17.226,20.333,14.983,77.955,93.9,53.167,1009.009,1002.191,,5.067,10.6,1681.667,260.0,,0.0,0.7,1.717,,22.667,22.667,22.667,6.0,6.0,,26.0,26.0,6.0,,,6.0,1.0,,6.0,580.124,1577.675,113.96,160.709,0.0,6
2023-06-19,15,737.671,1487.754,78.204,19.486,24.017,14.583,13.708,15.167,11.933,16.138,18.017,14.017,71.533,95.6,50.183,1010.536,1003.685,,6.675,10.8,3059.792,360.0,,0.0,1.567,4.75,,22.667,22.667,22.667,6.0,6.0,,26.0,26.0,6.0,,,6.0,1.0,,6.0,737.671,1487.754,78.204,204.455,0.0,6
2023-06-20,9,579.653,1070.267,97.219,19.644,22.4,16.633,15.09,18.25,12.767,16.956,19.083,14.867,75.785,95.167,59.733,1008.219,1001.398,,6.167,11.8,3852.917,310.0,,0.0,0.683,1.6,,22.667,22.667,22.667,6.0,6.0,,26.0,26.0,6.0,,,6.0,1.0,,6.0,579.653,1070.267,97.219,176.817,1.0,6
2023-06-21,16,820.033,1620.471,126.624,20.058,24.9,14.983,13.742,15.05,12.417,16.377,18.367,14.217,69.128,93.0,48.033,1015.888,1009.031,,6.483,9.6,4442.708,1900.0,,0.0,1.7,5.617,,22.667,22.667,22.667,6.0,6.0,,26.0,26.0,6.0,,,6.0,1.0,,6.0,820.033,1620.471,126.624,228.298,0.0,6
2023-06-22,18,1008.711,2338.9,102.656,20.782,27.383,14.167,13.284,15.667,10.317,16.436,18.567,13.5,65.927,94.15,35.933,1018.775,1011.899,,3.667,9.0,3731.114,1375.0,,0.0,1.617,3.917,,22.667,22.667,22.667,6.0,6.0,,26.0,26.0,6.0,,,6.0,1.0,,6.0,1008.711,2338.9,102.656,310.429,0.0,6
2023-06-23,19,1063.518,2197.635,228.274,21.301,26.583,15.5,13.221,15.75,10.317,16.641,18.317,14.083,62.728,88.45,36.617,1023.306,1016.424,,5.542,10.0,4355.104,1897.5,,0.0,1.733,4.35,,22.667,22.667,22.667,6.0,6.0,,26.0,26.0,6.0,,,6.0,1.0,,,1063.518,2197.635,228.274,235.531,,6
2023-06-24,21,958.372,1973.215,140.922,21.787,27.75,15.617,15.186,16.983,13.367,17.781,20.467,14.8,68.208,92.5,47.333,1022.703,1015.842,,4.792,7.4,4377.188,1017.5,,0.0,1.367,2.817,,22.667,22.667,22.667,6.0,6.0,,26.0,26.0,6.0,,,6.0,51.0,,6.0,958.372,1973.215,140.922,216.057,0.0,6
2023-06-25,95,1381.686,2678.282,414.212,23.106,30.233,15.933,13.517,16.233,9.083,17.427,20.633,13.4,56.981,79.517,36.933,1014.575,1007.795,,8.292,15.2,5116.667,3175.0,,0.0,2.167,7.117,,22.667,22.667,22.667,6.0,6.0,,26.0,26.0,6.0,,,6.0,1.0,,6.0,1381.686,2678.282,414.212,190.901,0.0,6
2023-06-26,27,973.865,1617.329,215.749,18.512,22.117,14.183,9.365,12.3,6.8,13.701,14.7,12.55,57.613,86.9,38.233,1019.688,1012.764,,8.508,12.6,4812.5,2275.0,,0.0,1.367,3.15,,22.667,22.667,22.667,6.0,6.0,,26.0,26.0,6.0,,,6.0,1.0,,6.0,973.865,1617.329,215.749,273.026,0.0,6
2023-06-27,26,783.605,1355.953,351.635,18.586,22.167,14.2,11.721,14.967,9.167,14.781,16.7,12.0,65.176,80.267,49.333,1020.915,1013.99,,6.4,9.2,3810.417,2650.0,,0.0,0.4,1.167,,22.667,22.667,22.667,6.0,6.0,,26.0,26.0,6.0,,,6.0,1.0,,6.0,783.605,1355.953,351.635,248.493,0.0,6
2023-06-28,13,595.811,1236.133,268.999,20.42,24.367,17.883,16.028,17.3,15.0,17.754,19.483,16.483,76.574,87.567,58.85,1017.049,1010.199,,6.317,9.0,2273.958,800.0,,0.0,0.117,0.383,,22.667,22.667,22.667,6.0,6.0,,26.0,26.0,6.0,,,6.0,1.0,,6.0,595.811,1236.133,268.999,237.481,0.0,6
2023-06-29,6,679.692,1556.42,63.939,18.61,22.45,15.217,12.64,16.95,8.25,15.349,17.433,13.5,71.501,96.55,41.417,1015.888,1009.0,,5.15,8.0,4087.812,147.5,,0.0,0.833,1.733,,22.667,22.667,22.667,6.0,6.0,,26.0,26.0,6.0,,,6.0,1.0,,6.0,679.692,1556.42,63.939,324.133,1.0,6
2023-06-30,3,474.986,917.87,208.573,16.415,18.7,11.967,11.823,15.8,8.15,13.936,16.567,10.167,75.106,89.367,57.133,1011.858,1004.929,,8.0,13.0,4430.312,1152.5,,0.0,0.167,0.933,,22.667,22.667,22.667,6.0,6.0,,26.0,26.0,6.0,,,6.0,1.0,,6.0,474.986,917.87,208.573,236.347,0.0,6
2023-07-01,18,729.263,1422.8,157.392,18.781,22.033,16.083,12.288,16.0,7.1,15.226,16.7,12.167,68.11,91.833,44.6,1006.335,999.512,,9.267,13.0,4666.458,930.0,,0.0,0.417,0.85,,22.667,22.667,22.667,6.0,6.0,,26.0,26.0,6.0,,,6.0,1.0,,6.0,729.263,1422.8,157.392,270.875,1.0,6
2023-07-02,21,829.851,1420.563,201.988,16.656,20.267,12.3,8.119,10.983,5.7,12.324,13.667,10.867,59.081,86.367,40.033,1011.575,1004.665,,9.3,15.2,2934.375,1200.0,,0.0,1.3,3.917,,22.667,22.667,22.667,6.0,6.0,,26.0,26.0,6.0,,,6.0,94.333,,6.0,829.851,1420.563,201.988,261.534,0.0,6
2023-07-03,16,721.093,1255.344,228.872,16.101,19.933,12.133,8.672,11.75,5.85,12.281,14.35,10.6,62.551,84.317,45.067,1010.978,1004.057,,11.183,17.0,3588.542,1750.0,,0.0,0.967,2.65,,22.667,22.667,22.667,6.0,6.0,,26.0,26.0,6.0,,,6.0,1.0,,6.0,721.093,1255.344,228.872,252.332,0.0,6
2023-07-04,12,379.016,916.148,55.77,14.851,18.2,12.317,11.084,13.983,8.4,12.862,14.733,11.45,78.674,96.417,55.6,1009.983,1003.044,,6.183,9.4,2571.146,192.5,,0.0,0.15,0.45,,22.667,22.667,22.667,6.0,6.0,,26.0,26.0,6.0,,,6.0,1.0,,6.0,379.016,916.148,55.77,247.348,0.0,6
2023-07-05,9,555.694,1357.137,57.017,15.45,20.4,10.3,9.815,12.567,6.667,12.501,14.783,9.883,72.616,95.833,42.4,1011.217,1004.289,,8.567,12.2,4821.875,925.0,,0.0,1.0,2.983,,22.667,22.667,22.667,6.0,6.0,,26.0,26.0,6.0,,,6.0,51.0,,6.0,555.694,1357.137,57.017,265.024,1.0,6
2023-07-06,10,785.661,1456.516,143.347,16.751,21.45,11.05,9.007,11.233,6.983,12.702,15.017,10.1,63.088,89.767,41.4,1016.055,1009.123,,6.567,10.8,5250.0,3500.0,,0.0,1.217,3.083,,22.667,22.667,22.667,6.0,6.0,,26.0,26.0,6.0,,,6.0,1.0,,6.0,785.661,1456.516,143.347,219.02,0.0,6
2023-07-07,26,1372.863,2705.708,277.428,21.426,28.917,11.467,10.515,12.85,7.55,15.279,18.867,9.75,54.095,81.433,31.467,1015.292,1008.478,,4.633,9.8,4544.792,3450.0,,0.0,2.317,6.917,,22.667,22.667,22.667,6.0,6.0,,26.0,26.0,6.0,,,6.0,51.0,,6.0,1372.863,2705.708,277.428,122.888,0.0,6
2023-07-08,7,851.913,1449.318,301.736,21.933,25.533,18.417,15.732,18.55,12.683,18.194,20.333,15.883,68.601,86.117,53.6,1015.005,1008.215,,4.775,8.4,3710.417,1350.0,,0.0,0.55,1.2,,22.667,22.667,22.667,6.0,6.0,,26.0,26.0,6.0,,,6.0,51.0,,6.0,851.913,1449.318,301.736,156.43,0.0,6
2023-07-09,11,698.353,1311.601,171.793,19.294,23.133,16.25,13.584,16.0,11.133,16.024,17.617,14.933,71.1,91.333,52.65,1019.11,1012.217,,5.925,11.0,3868.75,2225.0,,0.0,0.683,1.467,,22.667,22.667,22.667,6.0,6.0,,26.0,26.0,6.0,,,6.0,1.0,,6.0,698.353,1311.601,171.793,220.638,0.0,6
2023-07-10,15,696.017,1484.858,123.215,19.142,23.8,13.917,12.869,14.517,10.45,15.574,17.067,13.183,71.195,92.683,47.65,1018.938,1012.045,,8.458,14.0,3672.254,1975.0,,0.0,1.267,2.983,,22.667,22.667,22.667,6.0,6.0,,26.0,26.0,6.0,,,6.0,1.0,,6.0,696.017,1484.858,123.215,208.083,0.0,6
2023-07-11,16,643.144,1247.937,208.014,19.183,22.8,16.9,13.664,16.233,12.15,16.011,17.183,14.967,71.824,89.65,53.717,1010.069,1003.226,,9.75,13.8,3584.062,917.5,,0.0,0.4,0.917,,22.667,22.667,22.667,6.0,6.0,,26.0,26.0,6.0,,,6.0,1.0,,6.0,643.144,1247.937,208.014,218.716,0.0,6
2023-07-12,24,611.536,1288.052,150.632,17.655,21.633,13.817,12.153,13.867,9.633,14.599,16.4,12.967,72.055,90.65,49.383,1011.708,1004.82,,8.967,13.0,4395.521,1842.5,,0.0,1.117,2.867,,22.667,22.667,22.667,6.0,6.0,,26.0,26.0,6.0,,,6.0,1.0,,6.0,611.536,1288.052,150.632,243.641,0.0,6
2023-07-13,19,500.924,1086.959,149.592,17.09,21.333,13.267,12.385,14.683,11.217,14.451,16.817,12.367,75.784,90.5,56.25,1016.068,1009.132,,7.308,11.4,4556.25,2375.0,,0.0,0.483,1.467,,22.667,22.667,22.667,6.0,6.0,,26.0,26.0,6.0,,,6.0,1.0,,6.0,500.924,1086.959,149.592,231.501,0.0,6
2023-07-14,6,234.136,556.977,83.473,16.541,18.917,14.1,14.503,17.683,11.7,15.373,18.033,12.9,87.746,95.983,73.017,1008.242,1001.365,,6.3,11.2,2304.167,355.0,,0.0,0.0,0.15,,22.667,22.667,22.667,6.0,6.0,,26.0,26.0,6.0,,,6.0,1.0,,6.0,234.136,556.977,83.473,162.804,1.0,6
2023-07-15,13,561.869,1158.36,179.054,17.656,20.8,15.517,12.68,14.65,10.0,14.881,16.183,14.083,73.94,90.033,52.033,1001.096,994.274,,13.175,19.8,2809.271,1272.5,,0.0,1.183,2.2,,22.667,22.667,22.667,6.0,6.0,,26.0,26.0,6.0,,,6.0,1.0,,6.0,561.869,1158.36,179.054,211.351,1.0,6
2023-07-16,23,676.771,1294.772,142.722,17.179,21.15,13.55,10.675,13.1,8.483,13.684,15.283,12.25,67.717,91.04,48.16,1009.733,1002.845,,11.85,15.8,3495.104,1457.5,,0.0,0.8,2.75,,22.667,22.667,22.667,6.0,6.0,,26.0,26.0,6.0,,,6.0,1.0,,6.0,676.771,1294.772,142.722,231.934,0.0,6
2023-07-17,19,707.22,1509.703,141.244,17.337,22.583,12.5,11.256,13.267,8.65,14.008,16.083,12.017,69.268,91.6,44.167,1017.761,1010.818,,7.642,12.0,4585.417,1700.0,,0.0,1.8,4.133,,22.667,22.667,22.667,6.0,6.0,,26.0,26.0,6.0,,,6.0,1.0,,6.0,707.22,1509.703,141.244,238.145,0.0,6
2023-07-18,19,700.832,1364.9,151.196,17.708,22.533,11.917,10.906,12.367,9.667,13.971,16.217,10.933,68.33,89.85,49.0,1017.945,1011.019,,5.433,9.2,4843.854,2402.5,,0.0,0.583,1.767,,22.667,22.667,22.667,6.0,6.0,,26.0,26.0,6.0,,,6.0,1.0,,6.0,700.832,1364.9,151.196,228.71,0.0,6
2023-07-19,13,794.541,1412.031,240.749,18.528,22.717,15.25,12.068,14.517,9.8,14.937,16.483,13.083,66.059,87.433,47.467,1015.151,1008.249,,5.971,9.6,5443.909,1327.5,,0.0,0.783,1.333,,22.667,22.667,22.667,6.0,6.0,,26.0,26.0,6.0,,,6.0,1.0,,6.0,794.541,1412.031,240.749,279.943,1.0,6
2023-07-20,23,924.8,1740.128,325.715,18.179,22.567,13.533,9.392,12.117,6.367,13.555,14.85,11.633,59.067,80.45,35.733,1015.268,1008.368,,4.358,7.8,5837.812,2907.5,,0.0,1.367,3.367,,22.667,22.667,22.667,6.0,6.0,,26.0,26.0,6.0,,,6.0,1.0,,6.0,924.8,1740.128,325.715,320.984,0.0,6
2023-07-21,25,754.701,1289.632,321.779,16.426,20.42,11.84,8.857,10.2,7.32,12.486,14.26,9.74,61.87,79.18,46.36,1014.093,1007.171,,5.883,9.8,4737.5,2450.0,,0.0,1.18,2.24,,26.0,26.0,26.0,6.0,6.0,,26.0,26.0,6.0,,,6.0,1.0,,6.0,754.701,1289.632,321.779,286.185,0.0,5
2023-07-22,3,277.57,757.053,87.392,15.176,18.14,13.14,12.449,14.86,9.96,13.693,15.22,11.52,84.332,95.08,63.72,1010.482,1003.546,,9.15,14.0,2793.333,277.5,,0.0,0.0,0.12,,26.0,26.0,26.0,6.0,6.0,,26.0,26.0,6.0,,,6.0,1.0,,6.0,277.57,757.053,87.392,217.649,0.0,5
2023-07-23,10,554.882,1212.288,78.34,18.889,23.0,15.56,14.533,15.78,13.24,16.335,17.92,14.48,77.411,95.72,56.98,1003.219,996.421,,10.033,14.2,5129.688,345.0,,0.0,1.6,3.32,,26.0,26.0,26.0,6.0,6.0,,26.0,26.0,6.0,,,6.0,1.0,,6.0,554.882,1212.288,78.34,223.488,1.0,5
2023-07-24,5,314.678,577.095,126.599,15.547,17.08,14.04,12.522,14.06,10.68,13.885,15.04,12.32,82.671,92.72,69.56,1005.72,998.825,,5.033,9.4,4085.0,1290.0,,0.0,0.0,0.18,,26.0,26.0,26.0,6.0,6.0,,26.0,26.0,6.0,,,6.0,1.0,,6.0,314.678,577.095,126.599,333.832,1.0,5
2023-07-25,12,737.55,1320.416,186.478,16.358,19.95,12.483,8.798,11.367,6.217,12.482,13.75,11.067,63.566,87.983,42.733,1010.716,1003.797,,5.767,11.0,5018.75,2275.0,,0.0,1.267,2.717,,22.667,22.667,22.667,6.0,6.0,,26.0,26.0,6.0,,,6.0,1.0,,6.0,737.55,1320.416,186.478,307.861,1.0,6
2023-07-26,15,567.048,1596.915,51.25,15.935,22.25,10.183,10.368,15.733,6.95,13.005,15.917,9.217,73.091,97.217,39.75,1011.809,1004.889,,5.717,11.6,3456.875,202.5,,0.0,1.267,3.117,,22.667,22.667,22.667,6.0,6.0,,26.0,26.0,6.0,,,6.0,1.0,,6.0,567.048,1596.915,51.25,225.21,1.0,6
2023-07-27,4,308.382,627.052,76.824,18.99,21.783,15.783,16.714,17.883,15.0,17.592,19.183,15.333,87.068,95.833,76.0,1003.57,996.769,,9.008,12.4,3542.5,625.0,,0.0,0.083,0.233,,22.667,22.667,22.667,6.0,6.0,,26.0,26.0,6.0,,,6.0,1.0,,6.0,308.382,627.052,76.824,227.575,0.0,6
2023-07-28,5,525.744,1081.323,163.581,19.037,22.783,16.75,14.856,16.633,13.65,16.572,18.283,15.35,77.39,92.083,61.1,1006.041,999.224,,7.017,11.6,6076.042,1825.0,,0.0,0.3,0.617,,22.667,22.667,22.667,6.0,6.0,,26.0,26.0,6.0,,,6.0,1.0,,6.0,525.744,1081.323,163.581,240.644,1.0,6
2023-07-29,11,711.753,1477.375,144.395,18.704,22.55,15.7,12.606,14.983,10.05,15.299,16.6,13.367,69.635,92.033,46.233,1006.516,999.68,,8.95,13.6,4838.75,1830.0,,0.0,0.95,1.867,,22.667,22.667,22.667,6.0,6.0,,26.0,26.0,6.0,,,6.0,1.0,,6.0,711.753,1477.375,144.395,240.451,1.0,6
2023-07-30,6,396.773,1000.146,104.99,17.014,19.75,14.5,13.381,16.917,10.35,14.997,17.35,12.733,79.999,94.733,56.617,1010.659,1003.768,,10.033,14.6,3033.229,307.5,,0.0,0.467,1.417,,22.667,22.667,22.667,6.0,6.0,,26.0,26.0,6.0,,,6.0,1.0,,6.0,396.773,1000.146,104.99,236.0,1.0,6
2023-07-31,3,343.9,750.486,106.56,17.69,19.633,15.333,14.756,16.933,12.517,15.997,17.9,14.05,83.46,94.567,66.783,1004.533,997.701,,9.692,14.0,3858.021,297.5,,0.0,0.433,1.067,,22.667,22.667,22.667,6.0,6.0,,26.0,26.0,6.0,,,6.0,1.0,,6.0,343.9,750.486,106.56,240.241,1.0,6
2023-08-01,10,586.101,1439.704,134.067,17.573,22.617,13.917,12.437,14.767,9.717,14.717,16.65,13.167,73.775,91.7,47.35,1001.344,994.535,,8.908,12.2,4231.25,1400.0,,0.0,0.933,1.833,,22.667,22.667,22.667,6.0,6.0,,26.0,26.0,6.0,,,6.0,1.0,,6.0,586.101,1439.704,134.067,246.974,1.0,6
2023-08-02,3,208.3,644.763,41.174,16.801,18.65,15.1,15.001,16.833,12.833,15.762,17.05,14.4,89.495,97.85,70.117,988.598,981.851,,8.117,14.2,3253.438,135.0,,0.0,0.5,0.9,,22.667,22.667,22.667,6.0,6.0,,26.0,26.0,6.0,,,6.0,1.0,,6.0,208.3,644.763,41.174,230.413,1.0,6
2023-08-03,10,618.777,1173.61,93.702,17.552,20.617,14.783,11.938,14.6,9.4,14.472,15.35,13.517,71.287,94.683,50.633,1004.983,998.142,,6.142,9.4,5308.021,1342.5,,0.0,0.983,1.85,,22.667,22.667,22.667,6.0,6.0,,26.0,26.0,6.0,,,6.0,1.0,,6.0,618.777,1173.61,93.702,318.739,1.0,6
2023-08-04,7,504.918,818.768,203.44,16.54,19.1,14.05,11.813,13.0,10.467,13.937,15.383,12.7,74.192,87.6,61.967,1017.0,1010.053,,5.617,9.2,4547.917,2100.0,,0.0,0.15,0.217,,22.667,22.667,22.667,6.0,6.0,,26.0,26.0,6.0,,,6.0,1.0,,6.0,504.918,818.768,203.44,299.195,1.0,6
2023-08-05,3,224.665,439.723,92.629,14.608,18.267,12.933,12.381,15.917,10.4,13.391,16.6,11.883,86.693,94.817,76.217,1008.082,1001.147,,6.825,13.8,2931.146,190.0,,0.0,0.067,0.15,,22.667,22.667,22.667,6.0,6.0,,26.0,26.0,6.0,,,6.0,1.0,,6.0,224.665,439.723,92.629,213.709,2.0,6
2023-08-06,5,536.875,1118.653,147.035,15.129,19.467,10.767,9.755,11.417,8.4,12.297,14.383,9.833,71.692,88.95,50.517,1016.688,1009.706,,7.983,12.4,5859.375,3375.0,,0.0,1.133,3.5,,22.667,22.667,22.667,6.0,6.0,,26.0,26.0,6.0,,,6.0,1.0,,6.0,536.875,1118.653,147.035,306.799,1.0,6
2023-08-07,2,668.47,1402.265,67.035,16.039,21.267,10.333,9.635,11.767,7.683,12.653,14.917,9.9,68.383,95.05,44.483,1019.326,1012.344,,6.592,11.0,6120.368,3750.0,,0.0,1.85,3.783,,22.667,22.667,22.667,6.0,6.0,,26.0,26.0,6.0,,,6.0,1.0,,6.0,668.47,1402.265,67.035,269.06,1.0,6
2023-08-08,5,170.876,382.588,72.695,14.847,17.133,11.633,13.133,16.05,9.15,13.912,16.317,10.483,89.613,96.133,75.383,1015.244,1008.271,,6.067,10.4,3209.479,202.5,,0.0,0.0,0.217,,22.667,22.667,22.667,6.0,6.0,,26.0,26.0,6.0,,,6.0,1.0,,6.0,170.876,382.588,72.695,241.816,1.0,6
2023-08-09,13,663.704,1506.847,25.735,17.98,23.95,12.05,12.586,15.333,9.917,14.908,17.733,11.8,73.542,98.283,49.0,1017.982,1011.062,,3.517,7.0,4891.25,395.0,,0.0,2.05,5.117,,22.667,22.667,22.667,6.0,6.0,,26.0,26.0,6.0,,,6.0,1.0,,6.0,663.704,1506.847,25.735,266.001,1.0,6
2023-08-10,14,815.537,1615.472,107.065,20.351,26.25,13.95,14.404,16.2,12.5,16.798,19.867,13.317,70.544,93.733,51.7,1019.143,1012.275,,5.133,9.0,5089.583,3200.0,,0.0,1.75,5.033,,22.667,22.667,22.667,6.0,6.0,,26.0,26.0,6.0,,,6.0,1.0,,6.0,815.537,1615.472,107.065,180.237,0.0,6
2023-08-11,11,636.737,1164.642,203.211,20.377,24.033,17.15,15.639,17.267,13.433,17.524,19.333,15.25,75.147,90.6,60.833,1017.371,1010.502,,7.658,11.4,3889.896,1907.5,,0.0,0.85,1.383,,22.667,22.667,22.667,6.0,6.0,,26.0,26.0,6.0,,,6.0,1.0,,6.0,636.737,1164.642,203.211,215.323,0.0,6
2023-08-12,11,523.703,950.783,117.854,18.061,21.183,14.383,13.678,14.867,12.367,15.536,17.133,13.633,76.367,93.033,61.0,1014.555,1007.652,,9.25,14.8,2897.5,1240.0,,0.0,0.65,1.45,,22.667,22.667,22.667,6.0,6.0,,26.0,26.0,6.0,,,6.0,1.0,,6.0,523.703,950.783,117.854,218.878,0.0,6
2023-08-13,14,620.978,1229.207,235.047,18.292,21.867,15.783,12.973,14.417,11.367,15.283,16.583,14.233,72.265,87.233,53.133,1013.848,1006.957,,8.675,13.2,4468.646,2232.5,,0.0,0.433,1.433,,22.667,22.667,22.667,6.0,6.0,,26.0,26.0,6.0,,,6.0,1.0,,,620.978,1229.207,235.047,218.401,,6
2023-08-14,7,364.164,885.149,91.509,17.967,21.583,15.35,14.996,16.683,12.55,16.219,18.033,14.267,83.296,95.083,65.117,1011.036,1004.166,,7.108,12.2,3321.458,390.0,,0.0,0.317,0.667,,22.667,22.667,22.667,6.0,6.0,,26.0,26.0,6.0,,,6.0,1.0,,6.0,364.164,885.149,91.509,187.266,2.0,6
2023-08-15,13,625.448,1518.9,85.114,18.095,23.75,12.2,13.028,14.667,11.133,15.176,17.5,11.667,74.273,94.4,48.4,1015.988,1009.084,,5.192,9.2,4992.708,2500.0,,0.0,1.6,3.983,,22.667,22.667,22.667,6.0,6.0,,26.0,26.0,6.0,,,6.0,1.0,,6.0,625.448,1518.9,85.114,245.223,0.0,6
2023-08-16,14,875.682,1886.417,94.556,19.363,25.483,13.4,12.315,14.667,8.633,15.39,18.083,12.683,67.165,94.35,39.7,1020.221,1013.312,,3.592,7.4,4369.792,1650.0,,0.0,1.417,3.65,,22.667,22.667,22.667,6.0,6.0,,26.0,26.0,6.0,,,6.0,1.0,,6.0,875.682,1886.417,94.556,52.21,0.0,6
2023-08-17,24,636.436,1336.048,144.454,19.283,23.533,15.783,14.252,16.117,12.1,16.355,18.217,14.883,74.268,92.35,52.617,1019.5,1012.593,,6.767,10.0,3167.083,917.5,,0.0,1.183,2.417,,22.667,22.667,22.667,6.0,6.0,,26.0,26.0,6.0,,,6.0,1.0,,6.0,636.436,1336.048,144.454,85.901,0.0,6
2023-08-18,6,443.008,945.584,93.149,20.103,23.533,18.033,16.862,18.967,15.267,18.115,19.767,16.383,82.103,95.933,67.05,1013.193,1006.367,,6.458,9.4,1145.625,200.0,,0.0,0.483,1.033,,22.667,22.667,22.667,6.0,6.0,,26.0,26.0,6.0,,,6.0,1.0,,6.0,443.008,945.584,93.149,99.344,1.0,6
2023-08-19,10,610.092,1240.934,86.791,19.918,23.267,16.2,15.194,19.217,13.317,17.132,19.5,14.817,75.459,96.1,56.117,1014.03,1007.175,,8.842,14.0,2948.229,237.5,,0.0,1.2,2.683,,22.667,22.667,22.667,6.0,6.0,,26.0,26.0,6.0,,,6.0,1.0,,6.0,610.092,1240.934,86.791,212.696,1.0,6
2023-08-20,11,657.484,1524.533,84.432,19.3,24.467,14.767,14.231,15.55,12.667,16.328,18.467,14.233,74.594,95.25,49.683,1021.843,1014.925,,6.0,9.4,3283.333,1125.0,,0.0,1.433,3.45,,22.667,22.667,22.667,6.0,6.0,,26.0,26.0,6.0,,,6.0,1.0,,6.0,657.484,1524.533,84.432,221.751,1.0,6
2023-08-21,11,595.134,1336.039,65.778,18.742,23.867,14.55,14.088,15.067,13.2,16.022,18.317,14.1,76.301,96.2,54.6,1023.168,1016.222,,6.225,8.6,3779.062,730.0,,0.0,1.317,3.133,,22.667,22.667,22.667,6.0,6.0,,26.0,26.0,6.0,,,6.0,1.0,,6.0,595.134,1336.039,65.778,228.463,1.0,6
2023-08-22,18,742.922,1760.093,99.324,19.482,25.067,14.783,13.744,15.517,11.833,16.15,18.55,14.183,72.057,94.367,44.6,1020.57,1013.661,,6.058,9.8,4336.458,1375.0,,0.0,1.517,3.167,,22.667,22.667,22.667,6.0,6.0,,26.0,26.0,6.0,,,6.0,1.0,,6.0,742.922,1760.093,99.324,251.805,1.0,6
2023-08-23,20,940.073,2042.135,155.163,20.515,26.683,14.4,13.451,15.733,10.633,16.401,18.85,13.45,66.635,91.2,39.9,1019.421,1012.546,,3.292,6.2,4733.333,2600.0,,0.0,1.733,4.9,,22.667,22.667,22.667,6.0,6.0,,26.0,26.0,6.0,,,6.0,1.0,,6.0,940.073,2042.135,155.163,250.105,0.0,6
2023-08-24,8,552.004,1335.973,146.742,19.631,23.883,16.583,15.445,17.717,13.1,17.135,18.967,15.083,78.181,92.933,54.417,1012.048,1005.203,,3.508,7.2,3708.696,925.0,,0.0,0.317,0.45,,22.667,22.667,22.667,6.0,6.0,,26.0,26.0,6.0,,,6.0,1.0,,6.0,552.004,1335.973,146.742,238.5,0.0,6
2023-08-25,10,691.219,1213.415,209.194,16.694,20.15,13.817,9.887,14.2,6.833,13.13,15.4,10.8,66.0,88.083,48.95,1009.925,1002.994,,5.633,9.0,5652.083,2725.0,,0.0,1.017,1.45,,22.667,22.667,22.667,6.0,6.0,,26.0,26.0,6.0,,,6.0,1.0,,,691.219,1213.415,209.194,295.425,,6
2023-08-26,9,351.575,946.156,51.704,14.642,18.733,11.733,11.55,13.317,10.0,12.953,14.883,11.233,81.562,96.46,58.06,1008.868,1001.916,,4.967,8.8,5657.188,1847.5,,0.0,0.717,0.95,,22.667,22.667,22.667,6.0,6.0,,26.0,26.0,6.0,,,6.0,1.0,,,351.575,946.156,51.704,231.201,,6
2023-08-27,8,513.609,1059.671,63.339,15.167,19.25,10.75,10.51,12.1,9.183,12.667,14.8,10.333,74.16,95.3,53.0,1010.846,1003.904,,6.5,11.4,5826.979,2447.5,,0.0,1.25,1.8,,22.667,22.667,22.667,6.0,6.0,,26.0,26.0,6.0,,,6.0,1.0,,,513.609,1059.671,63.339,280.946,,6
2023-08-28,25,573.638,1221.274,87.514,15.481,20.05,10.933,10.164,11.933,8.1,12.649,15.017,10.367,71.576,93.9,48.1,1014.575,1007.619,,4.758,9.0,5432.292,3500.0,,0.0,0.817,1.3,,22.667,22.667,22.667,6.0,6.0,,26.0,26.0,6.0,,,6.0,1.0,,6.0,573.638,1221.274,87.514,307.749,0.0,6
2023-08-29,50,577.232,1304.577,103.697,16.376,20.25,14.1,11.156,14.017,8.35,13.576,14.633,12.4,72.012,93.88,46.18,1011.994,1005.07,,5.058,10.0,4353.125,737.5,,0.0,0.367,0.133,,22.667,22.667,22.667,6.0,6.0,,26.0,26.0,6.0,,,6.0,1.0,,6.0,577.232,1304.577,103.697,239.989,0.0,6
2023-08-30,119,619.662,1350.418,103.876,15.32,20.217,10.833,9.509,11.917,7.583,12.288,14.067,10.1,68.927,92.38,43.94,1008.714,1001.785,,6.308,11.0,4928.487,1650.0,,0.0,0.917,1.5,,22.667,22.667,22.667,6.0,6.0,,26.0,26.0,6.0,,,6.0,1.0,,6.0,619.662,1350.418,103.876,287.143,0.0,6
2023-08-31,6,286.083,633.5,126.006,14.135,16.917,11.033,11.492,13.7,9.05,12.705,14.517,10.133,83.331,92.1,67.9,1009.82,1002.86,,3.633,7.2,3762.953,950.0,,0.0,0.017,0.083,,22.667,22.667,22.667,6.0,6.0,,26.0,26.0,6.0,,,6.0,1.0,,6.0,286.083,633.5,126.006,186.167,0.0,6
2023-09-01,2,343.379,916.708,68.727,18.055,21.85,15.0,15.585,17.117,13.733,16.579,18.333,14.283,85.243,96.44,65.36,1010.753,1003.89,,3.028,5.4,3102.935,172.5,,0.0,0.5,0.433,,22.667,22.667,22.667,6.0,6.0,,26.0,26.0,6.0,,,6.0,1.0,,6.0,343.379,916.708,68.727,63.489,1.0,6
2023-09-02,11,545.744,1241.495,103.585,19.337,23.5,16.35,15.329,16.417,14.133,16.949,18.35,15.45,77.949,94.683,57.167,1020.596,1013.689,,4.6,7.4,2623.333,505.0,,0.0,0.6,1.55,,22.667,22.667,22.667,6.0,6.0,,26.0,26.0,6.0,,,6.0,1.0,,6.0,545.744,1241.495,103.585,68.846,0.0,6
2023-09-03,20,657.46,1756.806,61.791,19.528,26.117,13.55,14.764,16.667,12.75,16.671,19.217,13.1,76.449,96.35,48.267,1026.64,1019.699,,2.8,5.2,2033.75,380.0,,0.0,1.85,3.65,,22.667,22.667,22.667,6.0,6.0,,26.0,26.0,6.0,,,6.0,1.0,,6.0,657.46,1756.806,61.791,59.808,0.0,6
2023-09-04,14,1017.914,2543.413,65.783,21.406,28.633,15.917,14.138,16.85,8.967,17.153,20.267,15.25,67.665,96.6,31.917,1022.564,1015.695,,4.925,8.6,2707.917,160.0,,0.0,1.883,5.267,,22.667,22.667,22.667,6.0,6.0,,26.0,26.0,6.0,,,6.0,1.0,,6.0,1017.914,2543.413,65.783,83.562,0.0,6
2023-09-05,35,1047.409,2469.204,156.38,21.751,29.2,15.783,14.498,16.833,12.367,17.419,20.433,14.85,66.769,91.667,38.833,1017.342,1010.506,,4.7,8.0,2674.167,435.0,,0.0,1.9,4.483,,22.667,22.667,22.667,6.0,6.0,,26.0,26.0,6.0,,,6.0,1.0,,6.0,1047.409,2469.204,156.38,82.448,0.0,6
2023-09-06,18,954.632,2205.404,206.566,23.022,30.9,16.133,16.319,18.367,14.05,18.827,22.3,14.967,71.662,89.533,50.167,1018.557,1011.755,,2.408,5.6,2032.812,812.5,,0.0,1.65,0.283,,22.667,22.667,22.667,6.0,6.0,,26.0,26.0,6.0,,,6.0,1.0,,6.0,954.632,2205.404,206.566,46.112,0.0,6
2023-09-07,11,1234.876,2877.68,201.182,24.001,31.217,18.0,16.741,18.4,14.633,19.471,21.617,16.983,65.848,90.62,36.96,1016.879,1010.1,,3.127,6.0,2380.441,557.5,,0.0,1.75,2.883,,22.667,22.667,22.667,6.0,6.0,,26.0,26.0,6.0,,,6.0,1.0,,6.0,1234.876,2877.68,201.182,74.976,0.0,6
2023-09-08,14,1154.751,2313.926,334.158,23.717,29.617,18.2,16.687,18.267,15.3,19.328,21.783,16.75,66.162,85.783,43.95,1016.334,1009.567,,2.475,5.0,3132.396,1795.0,,0.0,0.6,0.483,,22.667,22.667,22.667,6.0,6.0,,26.0,26.0,6.0,,,6.0,1.0,,6.0,1154.751,2313.926,334.158,242.479,0.0,6
2023-09-09,28,1413.722,2997.055,238.262,24.883,32.117,17.983,16.333,17.9,14.867,19.549,22.1,16.683,62.387,89.233,37.15,1015.679,1008.936,,2.183,4.8,2845.833,1775.0,,0.0,1.8,3.217,,22.667,22.667,22.667,6.0,6.0,,26.0,26.0,6.0,,,6.0,1.0,,6.0,1413.722,2997.055,238.262,227.783,0.0,6
2023-09-10,19,903.581,2109.752,200.77,23.076,30.1,18.683,17.349,19.2,15.767,19.465,22.783,17.483,71.917,91.267,49.883,1014.792,1008.015,,3.975,9.4,2056.667,610.0,,0.0,0.967,1.3,,22.667,22.667,22.667,6.0,6.0,,26.0,26.0,6.0,,,6.0,1.0,,6.0,903.581,2109.752,200.77,202.603,0.0,6
2023-09-11,16,678.356,1487.113,174.271,21.027,24.95,18.5,16.113,17.467,14.483,18.059,18.95,17.05,74.943,92.083,53.033,1013.359,1006.535,,6.333,9.2,3951.458,1140.0,,0.0,0.7,1.317,,22.667,22.667,22.667,6.0,6.0,,26.0,26.0,6.0,,,6.0,1.0,,6.0,678.356,1487.113,174.271,239.201,0.0,6
2023-09-12,6,424.45,1014.79,117.308,18.879,22.45,14.733,15.597,17.183,12.95,16.919,18.267,13.767,82.106,94.2,62.833,1013.893,1007.023,,4.842,10.6,4012.188,1507.5,,0.0,0.05,0.2,,22.667,22.667,22.667,6.0,6.0,,26.0,26.0,6.0,,,6.0,1.0,,6.0,424.45,1014.79,117.308,264.978,0.0,6
2023-09-13,13,536.162,1102.665,190.587,16.381,20.333,13.733,11.352,12.45,10.25,13.638,15.067,12.333,73.246,88.45,53.867,1021.112,1014.13,,4.848,9.2,4083.125,1920.0,,0.0,0.583,0.683,,22.667,22.667,22.667,6.0,6.0,,26.0,26.0,6.0,,,6.0,1.0,,6.0,536.162,1102.665,190.587,157.003,0.0,6
2023-09-14,19,690.789,1703.679,97.471,17.576,23.567,12.867,11.62,13.717,9.317,14.29,16.25,12.167,71.186,93.917,41.1,1020.562,1013.625,,3.783,6.8,4395.833,2100.0,,0.0,1.717,4.2,,22.667,22.667,22.667,6.0,6.0,,26.0,26.0,6.0,,,6.0,1.0,,6.0,690.789,1703.679,97.471,210.631,0.0,6
2023-09-15,23,698.17,1849.413,48.196,18.067,25.517,11.667,12.57,14.783,10.617,14.906,18.017,11.25,73.508,96.983,43.583,1014.753,1007.857,,2.767,5.8,3329.688,815.0,,0.0,1.317,3.467,,22.667,22.667,22.667,6.0,6.0,,26.0,26.0,6.0,,,6.0,1.0,,6.0,698.17,1849.413,48.196,120.37,0.0,6
2023-09-16,19,843.511,2002.956,79.853,19.628,26.65,13.55,13.261,15.75,10.6,15.928,18.95,12.867,70.097,95.383,41.817,1013.048,1006.206,,4.25,8.8,3181.979,622.5,,0.0,1.133,2.5,,22.667,22.667,22.667,6.0,6.0,,26.0,26.0,6.0,,,6.0,1.0,,6.0,843.511,2002.956,79.853,68.668,0.0,6
2023-09-17,7,299.134,738.652,107.475,18.372,20.983,16.117,15.978,17.717,13.183,16.948,18.317,14.6,86.192,94.833,70.5,1010.256,1003.402,,5.992,10.4,1252.083,232.5,,0.0,0.15,0.383,,22.667,22.667,22.667,6.0,6.0,,26.0,26.0,6.0,,,6.0,1.0,,6.0,299.134,738.652,107.475,85.919,0.0,6
2023-09-18,4,367.562,946.116,65.431,16.708,19.383,13.0,13.185,16.75,7.6,14.801,17.35,10.967,80.973,96.517,55.867,1002.528,995.679,,9.292,18.4,3644.896,172.5,,0.0,0.65,1.667,,22.667,22.667,22.667,6.0,6.0,,26.0,26.0,6.0,,,6.0,1.0,,6.0,367.562,946.116,65.431,218.869,1.0,6
2023-09-19,6,350.355,554.233,239.944,16.445,18.567,12.933,13.262,15.45,9.85,14.651,16.633,11.367,81.652,86.333,73.7,1006.007,999.118,,12.225,17.6,2760.521,1102.5,,0.0,0.0,0.05,,22.667,22.667,22.667,6.0,6.0,,26.0,26.0,6.0,,,6.0,1.0,,6.0,350.355,554.233,239.944,221.427,1.0,6
2023-09-20,5,335.422,806.993,56.719,17.393,19.867,13.933,14.523,16.417,12.617,15.741,16.817,13.45,84.017,96.483,65.15,998.685,991.883,,12.433,19.0,2123.125,182.5,,0.0,0.05,0.233,,22.667,22.667,22.667,6.0,6.0,,26.0,26.0,6.0,,,6.0,1.0,,6.0,335.422,806.993,56.719,209.644,1.0,6
2023-09-21,3,256.741,785.688,56.769,13.835,17.817,11.083,11.258,12.967,9.55,12.453,14.383,10.683,85.508,95.933,61.133,995.831,988.969,,3.792,8.4,3471.667,775.0,,0.0,1.15,2.317,,22.667,22.667,22.667,6.0,6.0,,26.0,26.0,6.0,,,6.0,1.0,,6.0,256.741,785.688,56.769,198.895,1.0,6
2023-09-22,5,307.973,881.24,30.562,12.972,17.667,10.1,9.677,11.317,7.883,11.27,13.25,9.667,81.901,97.683,55.233,1001.667,994.738,,5.425,10.0,4739.896,1207.5,,0.0,1.067,2.717,,22.667,22.667,22.667,6.0,6.0,,26.0,26.0,6.0,,,6.0,1.0,,6.0,307.973,881.24,30.562,259.494,1.0,6
2023-09-23,8,464.049,1079.143,79.213,12.792,17.7,8.433,7.544,9.3,5.667,10.193,12.45,7.85,72.688,93.067,46.483,1015.799,1008.774,,5.9,9.2,4421.875,3125.0,,0.0,1.217,3.2,,22.667,22.667,22.667,6.0,6.0,,26.0,26.0,6.0,,,6.0,1.0,,6.0,464.049,1079.143,79.213,240.162,0.0,6
2023-09-24,8,470.766,763.721,242.713,16.553,20.0,11.7,12.21,14.617,8.183,14.141,16.567,9.967,75.812,85.5,67.15,1017.858,1010.909,,8.25,13.2,3394.475,2625.0,,0.0,0.15,0.433,,22.667,22.667,22.667,6.0,6.0,,26.0,26.0,6.0,,,6.0,1.0,,6.0,470.766,763.721,242.713,170.629,0.0,6
2023-09-25,12,565.319,1327.961,88.551,17.819,21.9,14.3,12.9,15.35,10.25,15.068,16.1,13.367,74.829,95.167,49.233,1018.758,1011.831,,6.367,10.6,2611.042,815.0,,0.0,1.367,3.5,,22.667,22.667,22.667,6.0,6.0,,26.0,26.0,6.0,,,6.0,1.0,,6.0,565.319,1327.961,88.551,213.145,0.0,6
2023-09-26,5,478.995,1438.551,63.725,17.475,22.533,12.783,13.489,16.967,9.8,15.203,18.217,12.333,79.694,96.05,46.083,1017.161,1010.227,,6.417,12.4,2809.167,1095.0,,0.0,0.8,2.017,,22.667,22.667,22.667,6.0,6.0,,26.0,26.0,6.0,,,6.0,1.0,,6.0,478.995,1438.551,63.725,185.318,1.0,6
2023-09-27,9,413.191,835.415,62.326,17.563,21.05,13.633,14.162,16.1,11.85,15.585,17.75,13.183,81.467,96.267,65.55,1013.63,1006.734,,7.292,14.8,2498.542,932.5,,0.0,0.167,0.517,,22.667,22.667,22.667,6.0,6.0,,26.0,26.0,6.0,,,6.0,1.0,,6.0,413.191,835.415,62.326,162.332,1.0,6
2023-09-28,7,490.13,819.862,114.592,16.786,18.983,15.217,12.169,16.65,10.533,14.252,17.267,12.8,74.726,93.917,61.917,1013.015,1006.096,,8.542,14.4,2401.857,975.0,,0.0,0.117,0.25,,22.667,22.667,22.667,6.0,6.0,,26.0,26.0,6.0,,,6.0,1.0,,6.0,490.13,819.862,114.592,205.722,0.0,6
2023-09-29,6,478.935,1128.448,79.938,16.667,19.483,12.45,12.033,17.367,8.267,14.191,17.633,11.067,75.955,96.017,49.933,1018.176,1011.224,,6.892,11.6,3764.688,192.5,,0.0,1.383,3.3,,22.667,22.667,22.667,6.0,6.0,,26.0,26.0,6.0,,,6.0,1.0,,6.0,478.935,1128.448,79.938,266.799,0.0,6
2023-09-30,13,430.8,934.022,85.399,15.104,19.35,11.067,10.962,12.883,9.483,12.861,14.933,10.5,77.594,93.983,57.85,1024.482,1017.451,,5.008,10.2,3108.424,2300.0,,0.0,0.833,1.417,,22.667,22.667,22.667,6.0,6.0,,26.0,26.0,6.0,,,6.0,1.0,,6.0,430.8,934.022,85.399,202.179,0.0,6
2023-10-01,7,341.192,659.404,132.083,18.228,21.8,14.783,15.557,17.533,12.717,16.624,19.0,13.65,84.818,92.783,74.633,1020.261,1013.33,,5.858,9.0,2505.208,1500.0,,0.0,0.05,0.167,,22.667,22.667,22.667,6.0,6.0,,26.0,26.0,6.0,,,6.0,1.0,,6.0,341.192,659.404,132.083,209.306,0.0,6
2023-10-02,6,157.899,377.83,55.379,17.294,19.283,15.5,16.003,17.417,14.6,16.526,17.8,15.067,92.364,97.133,83.033,1015.817,1008.9,,3.45,9.4,1459.688,400.0,,0.0,0.0,0.017,,22.667,22.667,22.667,6.0,6.0,,26.0,26.0,6.0,,,6.0,1.0,,6.0,157.899,377.83,55.379,182.402,1.0,6
2023-10-03,6,413.558,962.504,105.892,14.738,17.983,12.283,10.483,14.967,7.767,12.51,15.767,11.45,76.915,92.733,53.167,1018.991,1011.99,,8.942,13.6,4151.159,1305.0,,0.0,1.167,2.867,,22.667,22.667,22.667,6.0,6.0,,26.0,26.0,6.0,,,6.0,1.0,,6.0,413.558,962.504,105.892,268.959,0.0,6
2023-10-04,7,396.543,856.827,78.059,14.09,17.617,10.867,9.996,11.1,8.567,11.944,13.467,10.367,77.733,94.15,57.133,1026.025,1018.958,,7.833,11.6,3702.083,2200.0,,0.0,0.433,0.233,,22.667,22.667,22.667,6.0,6.0,,26.0,26.0,6.0,,,6.0,1.0,,6.0,396.543,856.827,78.059,242.654,0.0,6
2023-10-05,10,440.854,837.438,239.461,14.972,18.567,13.017,10.526,11.517,9.75,12.602,14.5,11.433,75.22,84.883,60.75,1024.386,1017.353,,6.917,10.4,3976.042,2850.0,,0.0,0.333,0.65,,22.667,22.667,22.667,6.0,6.0,,26.0,26.0,6.0,,,6.0,1.0,,6.0,440.854,837.438,239.461,231.063,0.0,6
2023-10-06,8,414.783,959.537,146.851,16.396,20.717,13.45,12.699,13.85,11.367,14.32,16.333,12.383,79.608,90.817,60.683,1023.212,1016.223,,8.392,12.2,3711.458,2750.0,,0.0,1.033,2.083,,22.667,22.667,22.667,6.0,6.0,,26.0,26.0,6.0,,,6.0,1.0,,6.0,414.783,959.537,146.851,232.094,0.0,6
2023-10-07,9,560.892,1418.132,167.452,18.14,23.967,14.383,13.581,15.017,12.167,15.501,18.017,13.317,76.165,90.4,52.267,1023.068,1016.121,,7.2,11.0,3451.042,2525.0,,0.0,1.233,2.9,,22.667,22.667,22.667,6.0,6.0,,26.0,26.0,6.0,,,6.0,1.0,,6.0,560.892,1418.132,167.452,229.895,0.0,6
2023-10-08,14,638.689,1686.083,115.7,17.968,24.717,12.95,12.751,14.367,11.217,14.995,17.733,12.217,73.956,92.967,45.467,1024.027,1017.088,,4.108,8.2,3614.583,1575.0,,0.0,1.383,2.983,,22.667,22.667,22.667,6.0,6.0,,26.0,26.0,6.0,,,6.0,1.0,,6.0,638.689,1686.083,115.7,240.797,0.0,6
2023-10-09,21,530.811,1404.635,138.54,17.509,24.317,13.083,13.176,15.0,10.917,15.011,18.383,11.967,77.407,92.15,53.717,1021.498,1014.565,,3.317,5.6,2868.75,1775.0,,0.0,1.167,2.35,,22.667,22.667,22.667,6.0,6.0,,26.0,26.0,6.0,,,6.0,1.0,,6.0,530.811,1404.635,138.54,246.589,0.0,6
2023-10-10,18,395.085,1121.357,69.259,16.825,22.65,12.7,13.554,15.283,11.267,14.926,17.933,11.983,82.215,95.867,59.167,1017.159,1010.23,,6.117,10.6,2083.333,900.0,,0.0,1.35,2.75,,22.667,22.667,22.667,6.0,6.0,,26.0,26.0,6.0,,,6.0,1.0,,6.0,395.085,1121.357,69.259,231.617,1.0,6
2023-10-11,14,274.27,588.936,59.209,16.876,19.5,14.567,14.534,16.033,13.25,15.517,17.017,13.85,86.44,96.667,73.967,1012.799,1005.882,,7.65,11.0,1544.792,350.0,,0.0,0.0,0.05,,22.667,22.667,22.667,6.0,6.0,,26.0,26.0,6.0,,,6.0,1.0,,6.0,274.27,588.936,59.209,220.685,0.0,6
2023-10-12,2,62.347,122.89,28.047,14.842,16.283,13.217,14.25,15.733,12.767,14.506,15.95,12.983,96.36,98.233,93.0,1011.674,1004.752,,4.042,6.8,1073.333,125.0,,0.0,0.0,0.017,,22.667,22.667,22.667,6.0,6.0,,26.0,26.0,6.0,,,6.0,1.0,,6.0,62.347,122.89,28.047,278.731,1.0,6
2023-10-13,0,262.114,673.178,40.568,16.286,19.983,9.2,14.118,17.25,7.167,15.042,17.967,8.267,86.8,97.75,70.783,1002.104,995.254,,10.958,17.6,1890.938,195.0,,0.0,0.25,0.45,,22.667,22.667,22.667,6.0,6.0,,26.0,26.0,6.0,,,6.0,1.0,,6.0,262.114,673.178,40.568,232.672,1.0,6
2023-10-14,4,278.125,692.906,70.508,9.479,13.583,6.3,5.747,7.35,3.433,7.759,9.917,5.517,78.766,93.167,54.117,1017.175,1010.055,,6.25,9.6,4298.958,2725.0,,0.0,1.067,3.283,,22.667,22.667,22.667,6.0,6.0,,26.0,26.0,6.0,,,6.0,1.0,,6.0,278.125,692.906,70.508,284.84,0.0,6
2023-10-15,13,288.857,723.219,46.814,6.583,10.75,3.15,1.732,4.667,-1.417,4.616,6.333,2.733,74.309,94.45,43.55,1025.731,1018.466,,3.933,7.0,4944.792,1825.0,,0.0,1.567,4.033,,22.667,22.667,22.667,6.0,6.0,,26.0,26.0,6.0,,,6.0,1.0,,6.0,288.857,723.219,46.814,332.481,1.0,6
2023-10-16,3,276.978,615.698,48.196,7.724,12.25,1.95,3.758,7.7,0.617,5.958,9.133,1.533,77.41,93.8,56.45,1021.727,1014.534,,3.883,7.4,4290.625,2525.0,,0.0,0.5,0.817,,22.667,22.667,22.667,6.0,6.0,,26.0,26.0,6.0,,,6.0,1.0,,6.0,276.978,615.698,48.196,72.244,1.0,6
2023-10-17,10,475.131,769.775,226.096,12.063,14.7,10.15,6.044,7.283,4.9,9.226,10.483,8.217,67.103,81.967,53.317,1013.915,1006.879,,8.542,13.4,4295.833,3225.0,,0.0,0.783,1.967,,22.667,22.667,22.667,6.0,6.0,,26.0,26.0,6.0,,,6.0,51.0,,6.0,475.131,769.775,226.096,95.012,0.0,6
2023-10-18,4,227.026,394.016,27.258,13.169,16.717,11.367,10.547,16.1,6.583,11.845,16.25,9.183,84.487,98.467,71.533,994.764,987.885,,9.492,15.4,2279.167,137.5,,0.0,0.0,0.067,,22.667,22.667,22.667,6.0,6.0,,26.0,26.0,6.0,,,6.0,1.0,,6.0,227.026,394.016,27.258,106.496,1.0,6
2023-10-19,3,178.766,403.627,54.739,15.983,18.067,14.267,14.398,15.6,12.3,15.073,16.45,13.217,90.525,96.75,80.583,983.751,977.025,,7.017,13.4,2062.604,187.5,,0.0,0.133,0.217,,22.667,22.667,22.667,6.0,6.0,,26.0,26.0,6.0,,,6.0,1.0,,6.0,178.766,403.627,54.739,157.295,1.0,6
2023-10-20,3,145.776,543.887,26.404,14.527,17.25,12.65,13.128,14.767,11.467,13.753,15.033,12.183,91.701,98.467,72.217,976.701,969.988,,4.983,8.2,3216.979,127.5,,0.0,0.35,0.917,,22.667,22.667,22.667,6.0,6.0,,26.0,26.0,6.0,,,6.0,1.0,,6.0,145.776,543.887,26.404,210.473,1.0,6
2023-10-21,0,110.004,335.898,46.84,12.703,15.883,8.8,11.523,13.667,7.583,12.069,14.35,8.217,92.837,96.9,81.417,984.929,978.122,,5.375,9.6,2595.417,105.0,,0.0,0.25,0.533,,22.667,22.667,22.667,6.0,6.0,,26.0,26.0,6.0,,,6.0,1.0,,6.0,110.004,335.898,46.84,211.92,1.0,6
2023-10-22,4,262.994,821.285,31.944,10.422,15.917,6.65,7.309,9.233,5.467,8.892,11.617,6.35,82.799,96.967,54.267,1005.207,998.203,,3.925,7.4,4263.854,1707.5,,0.0,1.317,3.467,,22.667,22.667,22.667,6.0,6.0,,26.0,26.0,6.0,,,6.0,1.0,,6.0,262.994,821.285,31.944,214.508,1.0,6
2023-10-23,1,176.753,432.926,30.517,11.327,14.75,7.3,9.363,11.717,6.65,10.312,12.667,7.0,88.302,97.55,73.933,1007.372,1000.383,,4.5,8.4,2607.292,1300.0,,0.0,0.233,0.033,,22.667,22.667,22.667,6.0,6.0,,26.0,26.0,6.0,,,6.0,1.0,,6.0,176.753,432.926,30.517,99.873,1.0,6
2023-10-24,5,183.483,655.384,22.614,10.878,15.2,8.033,8.741,10.433,6.783,9.81,12.05,7.65,87.692,98.133,61.433,1001.046,994.08,,3.7,8.2,2712.917,160.0,,0.0,0.717,1.667,,22.667,22.667,22.667,6.0,6.0,,26.0,26.0,6.0,,,6.0,1.0,,6.0,183.483,655.384,22.614,228.915,1.0,6
2023-10-25,3,167.848,497.088,30.238,10.758,13.867,8.8,8.735,9.783,7.2,9.758,11.2,8.25,88.026,97.567,69.0,995.966,989.024,,3.508,6.2,2254.062,527.5,,0.0,0.6,0.767,,22.667,22.667,22.667,6.0,6.0,,26.0,26.0,6.0,,,6.0,1.0,,6.0,167.848,497.088,30.238,56.743,1.0,6
2023-10-26,2,164.578,535.349,25.453,11.821,15.55,8.55,10.033,11.65,7.933,10.886,13.017,8.267,89.45,98.083,69.567,991.265,984.391,,4.092,7.8,1952.396,210.0,,0.0,0.617,1.35,,22.667,22.667,22.667,6.0,6.0,,26.0,26.0,6.0,,,6.0,1.0,,6.0,164.578,535.349,25.453,168.623,1.0,6
2023-10-27,0,132.978,464.932,12.55,10.093,14.383,7.217,8.506,10.7,6.6,9.307,12.333,7.0,90.54,98.95,70.467,990.329,983.426,,3.825,9.0,2757.737,322.5,,0.0,0.517,1.367,,22.667,22.667,22.667,6.0,6.0,,26.0,26.0,6.0,,,6.0,1.0,,6.0,132.978,464.932,12.55,176.124,1.0,6
2023-10-28,3,130.021,419.751,31.131,11.702,14.833,8.733,10.287,12.15,8.2,10.962,12.883,8.5,91.424,97.467,75.383,987.629,980.776,,5.433,10.2,2458.438,125.0,,0.0,0.467,1.017,,22.667,22.667,22.667,6.0,6.0,,26.0,26.0,6.0,,,6.0,1.0,,6.0,130.021,419.751,31.131,154.361,1.0,6
2023-10-29,3,108.981,203.282,50.212,10.326,12.017,8.733,8.972,10.7,7.617,9.651,11.083,8.217,91.505,96.233,85.6,988.443,981.549,,6.125,9.4,3045.0,255.0,,0.0,0.333,0.8,,22.667,22.667,22.667,6.0,6.0,,26.0,26.0,6.0,,,6.0,1.0,,6.0,108.981,203.282,50.212,198.191,1.0,6
2023-10-30,2,144.026,441.09,39.867,10.722,14.517,7.233,9.042,10.75,6.35,9.869,12.2,6.833,89.836,96.533,73.583,995.415,988.478,,3.892,6.8,2450.122,722.5,,0.0,0.683,0.767,,22.667,22.667,22.667,6.0,6.0,,26.0,26.0,6.0,,,6.0,1.0,,6.0,144.026,441.09,39.867,186.228,1.0,6
2023-10-31,2,119.96,474.017,18.131,10.305,15.0,5.9,8.947,11.433,5.45,9.608,12.6,5.7,91.841,98.317,72.167,1000.278,993.317,,3.892,9.0,2605.417,480.0,,0.0,0.433,1.25,,22.667,22.667,22.667,6.0,6.0,,26.0,26.0,6.0,,,6.0,1.0,,6.0,119.96,474.017,18.131,201.429,1.0,6
2023-11-01,0,176.263,455.438,30.617,12.017,13.883,9.167,9.949,12.75,6.167,10.979,13.033,8.05,87.638,97.833,70.067,991.043,984.175,,8.283,13.4,1946.875,212.5,,0.0,0.517,0.867,,22.667,22.667,22.667,6.0,6.0,,26.0,26.0,6.0,,,6.0,1.0,,,176.263,455.438,30.617,181.057,,6
2023-11-02,1,117.733,283.416,31.488,10.088,11.65,8.833,8.553,10.517,5.667,9.349,11.05,7.7,90.457,97.517,76.583,966.752,959.999,,11.908,17.0,1796.875,117.5,,0.0,0.0,0.05,,22.667,22.667,22.667,6.0,6.0,,26.0,26.0,6.0,,,6.0,1.0,,,117.733,283.416,31.488,246.551,,6
2023-11-03,2,203.379,475.596,61.814,9.63,13.867,7.067,7.028,9.7,5.033,8.393,11.217,6.483,83.914,94.333,70.233,981.982,975.107,,8.3,12.6,3125.104,1277.5,,0.0,0.283,1.15,,22.667,22.667,22.667,6.0,6.0,,26.0,26.0,6.0,,,6.0,1.0,,,203.379,475.596,61.814,240.623,,6
2023-11-04,5,113.08,314.108,30.528,8.831,12.933,4.867,7.563,10.467,4.183,8.214,11.417,4.567,90.986,97.14,78.8,970.422,963.621,,6.175,12.0,1933.832,260.0,,0.0,0.367,0.633,,22.667,22.667,22.667,6.0,6.0,,26.0,26.0,6.0,,,6.0,1.0,,,113.08,314.108,30.528,161.032,,6
2023-11-05,18,217.187,546.292,22.5,9.786,12.85,7.683,7.088,8.55,5.833,8.511,9.9,7.183,83.491,97.98,63.06,980.764,973.914,,8.125,13.2,3215.938,202.5,,0.0,1.0,2.333,,22.667,22.667,22.667,6.0,6.0,,26.0,26.0,6.0,,,6.0,1.0,,,217.187,546.292,22.5,260.892,,6
2023-11-06,5,239.362,511.051,97.219,9.474,13.05,7.1,6.502,7.367,5.75,8.067,10.117,6.533,81.192,90.8,65.54,998.638,991.65,,7.783,12.2,3193.75,2025.0,,0.0,1.15,2.783,,22.667,22.667,22.667,6.0,6.0,,26.0,26.0,6.0,,,6.0,1.0,,,239.362,511.051,97.219,232.417,,6
2023-11-07,4,182.536,424.412,53.57,8.293,12.267,5.333,6.019,7.617,4.517,7.227,9.883,5.0,84.94,94.3,70.02,1008.421,1001.347,,6.533,11.2,3419.896,2152.5,,0.0,0.8,2.25,,22.667,22.667,22.667,6.0,6.0,,26.0,26.0,6.0,,,6.0,1.0,,,182.536,424.412,53.57,238.002,,6
2023-11-08,2,110.558,237.939,56.433,9.264,12.867,6.133,8.04,12.233,5.067,8.679,12.533,5.717,90.698,95.8,81.64,1004.873,997.834,,6.458,13.0,2056.875,170.0,,0.0,0.0,0.067,,22.667,22.667,22.667,6.0,6.0,,26.0,26.0,6.0,,,6.0,1.0,,,110.558,237.939,56.433,221.772,,6
2023-11-09,3,175.684,441.573,59.245,7.848,11.017,5.433,5.538,7.55,4.15,6.803,8.667,4.917,84.413,93.84,66.32,997.207,990.184,,6.783,11.4,3033.333,1050.0,,0.0,0.533,1.583,,22.667,22.667,22.667,6.0,6.0,,26.0,26.0,6.0,,,6.0,1.0,,,175.684,441.573,59.245,213.0,,6
2023-11-10,1,151.597,306.309,74.24,7.056,9.133,4.2,4.967,7.15,2.85,6.138,8.067,3.667,85.476,92.42,72.78,996.581,989.547,,5.792,10.4,3370.208,967.5,,0.0,0.083,0.517,,22.667,22.667,22.667,6.0,6.0,,26.0,26.0,6.0,,,6.0,1.0,,,151.597,306.309,74.24,265.657,,6
2023-11-11,6,137.316,438.958,24.015,5.392,10.8,2.3,3.47,5.767,1.7,4.553,8.183,2.083,87.102,97.02,65.5,1006.985,999.846,,3.925,7.8,3140.0,760.0,,0.0,1.05,2.917,,22.667,22.667,22.667,6.0,6.0,,26.0,26.0,6.0,,,6.0,1.0,,,137.316,438.958,24.015,265.18,,6
2023-11-12,5,82.823,207.656,29.451,7.488,9.733,4.017,6.461,8.967,3.083,7.019,9.233,3.65,92.321,97.34,82.84,1003.805,996.745,,3.742,6.8,1819.443,300.0,,0.0,0.0,0.083,,22.667,22.667,22.667,6.0,6.0,,26.0,26.0,6.0,,,6.0,1.0,,,82.823,207.656,29.451,119.157,,6
2023-11-13,7,288.673,669.013,13.415,12.439,15.35,9.333,9.157,13.817,6.633,10.811,14.167,9.167,81.096,99.0,59.66,998.859,991.943,,11.925,19.2,1711.771,170.0,,0.0,0.567,1.183,,22.667,22.667,22.667,6.0,6.0,,26.0,26.0,6.0,,,6.0,1.0,,6.0,288.673,669.013,13.415,220.318,1.0,6
2023-11-14,1,152.63,273.13,72.092,10.638,12.383,8.967,8.694,10.333,7.65,9.674,11.133,8.35,88.317,93.983,80.167,1004.682,997.686,,8.942,13.6,1714.271,275.0,,0.0,0.15,0.65,,22.667,22.667,22.667,6.0,6.0,,26.0,26.0,6.0,,,6.0,1.0,,,152.63,273.13,72.092,241.087,,6
2023-11-15,4,210.725,509.42,61.133,8.832,11.65,5.3,5.869,7.917,3.517,7.485,9.033,4.617,82.501,94.6,62.317,1016.255,1009.14,,8.408,14.6,3181.25,2050.0,,0.0,0.983,2.883,,22.667,22.667,22.667,6.0,6.0,,26.0,26.0,6.0,,,6.0,1.0,,,210.725,509.42,61.133,250.466,,6
2023-11-16,1,92.33,194.563,30.329,6.453,8.05,4.367,5.034,6.2,3.217,5.831,7.15,4.017,90.825,96.717,81.517,1014.167,1006.996,,3.767,6.4,1622.604,542.5,,0.0,0.0,0.083,,22.667,22.667,22.667,6.0,6.0,,26.0,26.0,6.0,,,6.0,1.0,,,92.33,194.563,30.329,271.827,,6
2023-11-17,3,126.267,369.655,17.97,6.794,10.667,3.1,4.97,6.6,2.617,5.969,8.383,2.9,88.66,97.917,71.333,1019.859,1012.666,,3.95,7.4,2321.25,910.0,,0.0,0.933,2.383,,22.667,22.667,22.667,6.0,6.0,,26.0,26.0,6.0,,,6.0,1.0,,,126.267,369.655,17.97,224.973,,6
2023-11-18,3,120.454,237.652,36.656,12.281,14.817,7.917,10.969,13.917,6.317,11.597,14.25,7.35,91.86,97.183,83.433,1011.355,1004.351,,8.508,12.4,2019.375,242.5,,0.0,0.0,0.017,,22.667,22.667,22.667,6.0,6.0,,26.0,26.0,6.0,,,6.0,1.0,,6.0,120.454,237.652,36.656,199.029,1.0,6
2023-11-19,3,300.956,488.82,152.456,12.174,13.95,10.983,8.63,10.2,7.4,10.402,11.517,9.433,79.122,88.933,68.717,1007.83,1000.843,,12.225,15.8,2317.812,952.5,,0.0,0.15,0.45,,22.667,22.667,22.667,6.0,6.0,,26.0,26.0,6.0,,,6.0,1.0,,6.0,300.956,488.82,152.456,237.083,1.0,6
2023-11-20,2,185.977,365.41,72.823,10.011,11.933,8.033,7.617,9.117,6.017,8.86,9.967,7.117,85.304,94.05,73.85,1009.603,1002.555,,6.275,11.2,2877.188,527.5,,0.0,0.25,0.533,,22.667,22.667,22.667,6.0,6.0,,26.0,26.0,6.0,,,6.0,1.0,,6.0,185.977,365.41,72.823,274.632,1.0,6
2023-11-21,0,160.936,258.79,63.486,9.619,10.75,7.983,7.46,9.483,5.467,8.599,10.017,6.867,86.561,94.967,78.667,1022.773,1015.619,,7.083,10.6,3390.0,442.5,,0.0,0.0,0.067,,22.667,22.667,22.667,6.0,6.0,,26.0,26.0,6.0,,,6.0,1.0,,,160.936,258.79,63.486,349.55,,6
2023-11-22,6,125.415,252.301,35.074,7.846,10.5,4.767,6.078,8.317,3.983,7.029,9.45,4.433,88.847,96.217,78.367,1029.927,1022.675,,4.767,7.8,2659.855,1177.5,,0.0,0.0,0.367,,22.667,22.667,22.667,6.0,6.0,,26.0,26.0,6.0,,,6.0,1.0,,6.0,125.415,252.301,35.074,256.138,0.0,6
2023-11-23,4,190.29,437.025,39.42,10.676,13.417,7.45,8.382,9.5,6.733,9.543,10.967,7.133,86.124,96.517,71.617,1025.006,1017.874,,8.567,12.8,3872.917,1775.0,,0.0,0.767,2.817,,22.667,22.667,22.667,6.0,6.0,,26.0,26.0,6.0,,,6.0,1.0,,,190.29,437.025,39.42,263.135,,6
2023-11-24,5,368.131,537.612,219.804,7.419,10.933,2.85,1.068,7.483,-3.067,4.9,9.3,1.083,64.576,79.95,49.217,1021.535,1014.333,,8.3,13.4,4038.406,1675.0,,0.0,0.383,0.933,,22.667,22.667,22.667,6.0,6.0,,26.0,26.0,6.0,,,6.0,1.0,,,368.131,537.612,219.804,327.904,,6
2023-11-25,2,181.42,405.768,71.798,2.235,6.083,-0.75,-1.588,-0.117,-2.95,0.835,3.217,-1.517,76.628,89.25,57.05,1021.626,1014.272,,4.7,8.8,3359.375,1475.0,,0.0,1.117,3.35,,22.667,22.667,22.667,6.0,6.0,,26.0,26.0,6.0,,,6.0,1.0,,,181.42,405.768,71.798,290.07,,6
2023-11-26,3,55.946,169.486,19.343,3.356,8.5,-0.9,2.288,8.217,-1.767,2.933,8.383,-1.2,92.875,98.067,80.583,1015.276,1008.032,,2.775,6.6,1140.208,107.5,,0.0,0.0,0.217,,22.667,22.667,22.667,6.0,6.0,,26.0,26.0,6.0,,,6.0,1.0,,,55.946,169.486,19.343,186.968,,6
2023-11-27,2,80.834,134.708,16.855,7.762,9.84,5.06,6.564,9.34,3.4,7.23,9.54,4.36,92.165,98.56,86.76,1000.536,993.489,,8.15,11.0,2393.021,310.0,,0.0,0.0,0.183,,26.0,26.0,26.0,6.0,6.0,,26.0,26.0,6.0,,,6.0,1.0,,,80.834,134.708,16.855,293.032,,6
2023-11-28,4,133.28,290.86,46.781,4.704,7.067,2.317,2.363,3.933,0.733,3.759,5.5,1.8,85.205,94.2,70.717,1009.219,1002.036,,5.2,8.2,3414.583,2250.0,,0.0,0.717,2.317,,22.667,22.667,22.667,6.0,6.0,,26.0,26.0,6.0,,,6.0,1.0,,,133.28,290.86,46.781,309.426,,6
2023-11-29,2,136.523,337.998,36.779,2.951,5.95,0.1,0.234,2.35,-2.1,1.928,3.75,-0.65,83.07,95.117,63.767,1005.007,997.802,,2.7,5.8,2254.787,817.5,,0.0,0.683,2.567,,22.667,22.667,22.667,6.0,6.0,,26.0,26.0,6.0,,,6.0,51.0,,,136.523,337.998,36.779,203.332,,6
2023-11-30,3,94.821,239.241,18.866,0.842,4.083,-1.867,-1.183,0.217,-2.767,0.094,2.4,-2.2,86.926,96.867,70.85,1003.17,995.914,,4.375,7.8,2217.908,317.5,,0.0,0.133,0.4,,22.667,22.667,22.667,6.0,6.0,,26.0,26.0,6.0,,,6.0,1.0,,,94.821,239.241,18.866,35.511,,6
2023-12-01,2,69.28,189.547,30.105,0.645,3.567,-1.25,-0.859,0.333,-2.2,0.088,2.25,-1.567,89.969,95.083,76.55,1008.432,1001.144,,4.3,6.6,1473.958,585.0,,0.0,0.217,0.683,,22.667,22.667,22.667,6.0,6.0,,26.0,26.0,6.0,,,6.0,1.0,,6.0,69.28,189.547,30.105,80.416,4.0,6
2023-12-02,1,28.616,53.406,12.173,-0.916,0.233,-2.417,-1.606,-0.717,-3.05,-1.184,-0.167,-2.6,95.128,97.75,91.033,1016.003,1008.632,,3.425,5.4,623.333,77.5,,0.0,0.0,0.133,,22.667,22.667,22.667,6.0,6.0,,26.0,26.0,6.0,,,6.0,1.0,,6.0,28.616,53.406,12.173,280.08,4.0,6
2023-12-03,2,63.813,155.978,19.716,5.281,8.1,-0.933,4.211,7.45,-1.75,4.832,7.783,-1.183,92.903,97.35,80.85,1010.591,1003.421,,5.225,7.8,1592.083,457.5,,0.0,0.0,0.1,,22.667,22.667,22.667,6.0,6.0,,26.0,26.0,6.0,,,6.0,1.0,,6.0,63.813,155.978,19.716,151.008,1.0,6
2023-12-04,1,58.436,95.162,37.124,6.526,7.633,5.767,5.63,6.6,4.917,6.124,7.1,5.417,94.106,96.083,90.983,997.5,990.448,,6.925,10.6,1320.417,315.0,,0.0,0.0,0.117,,22.667,22.667,22.667,6.0,6.0,,26.0,26.0,6.0,,,6.0,1.0,,6.0,58.436,95.162,37.124,102.635,1.0,6
2023-12-05,1,78.836,140.309,27.413,5.808,6.867,5.133,4.528,5.167,3.383,5.258,5.933,4.417,91.657,97.017,86.017,1008.242,1001.102,,5.7,7.2,1608.958,247.5,,0.0,0.0,0.25,,22.667,22.667,22.667,6.0,6.0,,26.0,26.0,6.0,,,6.0,1.0,,6.0,78.836,140.309,27.413,342.996,1.0,6
2023-12-06,0,83.936,236.967,15.956,3.396,6.433,0.2,1.871,3.883,-0.267,2.783,5.017,0.033,90.006,97.733,75.4,1017.452,1010.2,,3.075,5.8,1698.125,377.5,,0.0,0.883,2.05,,22.667,22.667,22.667,6.0,6.0,,26.0,26.0,6.0,,,6.0,1.0,,6.0,83.936,236.967,15.956,111.897,4.0,6
2023-12-07,1,127.22,293.679,40.724,6.877,8.433,5.033,4.883,7.583,3.233,6.009,7.883,4.3,87.387,96.217,73.083,1007.467,1000.353,,8.167,12.0,2129.792,482.5,,0.0,0.0,0.033,,22.667,22.667,22.667,6.0,6.0,,26.0,26.0,6.0,,,6.0,1.0,,6.0,127.22,293.679,40.724,145.083,1.0,6
2023-12-08,4,135.391,298.484,19.797,8.472,11.267,5.483,6.639,8.6,4.75,7.617,9.717,5.233,88.683,98.133,76.5,1004.539,997.493,,6.267,9.8,1330.734,452.5,,0.0,0.6,1.417,,22.667,22.667,22.667,6.0,6.0,,26.0,26.0,6.0,,,6.0,1.0,,6.0,135.391,298.484,19.797,218.321,1.0,6
2023-12-09,0,227.834,484.642,41.522,10.004,13.2,7.867,6.879,11.65,3.0,8.574,11.983,6.7,81.887,96.8,61.85,996.91,989.953,,12.492,20.4,1850.833,287.5,,0.0,0.15,0.483,,22.667,22.667,22.667,6.0,6.0,,26.0,26.0,6.0,,,6.0,1.0,,6.0,227.834,484.642,41.522,218.641,2.0,6
2023-12-10,3,224.572,405.967,71.528,9.696,11.717,8.033,6.595,10.45,3.05,8.263,10.95,6.467,81.326,94.35,65.317,1001.715,994.717,,10.617,17.0,1940.104,462.5,,0.0,0.1,0.417,,22.667,22.667,22.667,6.0,6.0,,26.0,26.0,6.0,,,6.0,1.0,,6.0,224.572,405.967,71.528,228.583,1.0,6
2023-12-11,3,253.345,403.37,56.443,9.44,11.067,6.1,5.976,7.333,4.417,7.831,8.9,5.433,79.36,94.55,69.217,1003.588,996.57,,8.858,18.6,2717.708,900.0,,0.0,0.3,0.95,,22.667,22.667,22.667,6.0,6.0,,26.0,26.0,6.0,,,6.0,1.0,,6.0,253.345,403.37,56.443,240.177,1.0,6
2023-12-12,1,67.407,170.953,21.636,9.147,11.2,6.9,8.267,10.25,6.1,8.723,10.617,6.583,94.282,98.183,86.567,998.024,991.042,,5.767,9.8,1925.833,135.0,,0.0,0.183,0.967,,22.667,22.667,22.667,6.0,6.0,,26.0,26.0,6.0,,,6.0,1.0,,6.0,67.407,170.953,21.636,182.597,2.0,6
2023-12-13,2,106.287,209.384,34.664,7.276,8.283,5.783,5.653,7.717,3.6,6.558,8.0,4.883,89.587,96.833,80.067,1002.925,995.853,,8.45,13.2,2562.998,370.0,,0.0,0.0,0.083,,22.667,22.667,22.667,6.0,6.0,,26.0,26.0,6.0,,,6.0,1.0,,6.0,106.287,209.384,34.664,327.384,1.0,6
2023-12-14,1,72.842,140.802,21.27,5.442,7.933,2.917,4.199,7.2,1.367,4.925,7.583,2.317,91.787,97.867,84.367,1021.789,1014.535,,3.942,7.0,1821.292,287.5,,0.0,0.0,0.133,,22.667,22.667,22.667,6.0,6.0,,26.0,26.0,6.0,,,6.0,1.0,,6.0,72.842,140.802,21.27,260.773,1.0,6
2023-12-15,3,159.208,305.419,35.754,6.965,8.9,4.7,4.504,6.45,3.083,5.895,7.067,4.05,84.822,96.4,73.217,1035.752,1028.454,,4.008,7.0,2080.208,1250.0,,0.0,0.0,0.333,,22.667,22.667,22.667,6.0,6.0,,26.0,26.0,6.0,,,6.0,1.0,,,159.208,305.419,35.754,239.656,,6
2023-12-16,1,113.876,175.76,58.152,9.694,11.017,6.2,8.233,9.533,4.133,8.991,10.183,5.333,90.645,95.033,84.783,1038.773,1031.503,,8.025,11.0,3804.117,980.0,,0.0,0.0,0.067,,22.667,22.667,22.667,6.0,6.0,,26.0,26.0,6.0,,,6.0,1.0,,6.0,113.876,175.76,58.152,235.816,1.0,6
2023-12-17,3,234.545,324.713,121.007,9.895,10.817,9.117,6.753,8.517,5.933,8.418,9.317,7.817,80.984,90.283,74.983,1034.321,1027.086,,9.642,13.4,3012.5,2150.0,,0.0,0.267,0.617,,22.667,22.667,22.667,6.0,6.0,,26.0,26.0,6.0,,,6.0,1.0,,6.0,234.545,324.713,121.007,228.992,1.0,6
2023-12-18,4,239.676,331.548,163.18,10.897,12.25,9.5,7.858,10.4,6.333,9.428,11.283,8.067,81.621,88.567,75.567,1028.444,1021.276,,9.675,12.0,2685.417,1575.0,,0.0,0.0,0.533,,22.667,22.667,22.667,6.0,6.0,,26.0,26.0,6.0,,,6.0,1.0,,6.0,239.676,331.548,163.18,226.247,1.0,6
2023-12-19,3,101.678,226.778,37.95,9.811,12.383,5.067,8.447,11.683,3.2,9.166,11.867,4.3,91.326,97.283,79.817,1020.397,1013.269,,7.725,10.8,1909.688,152.5,,0.0,0.0,0.05,,22.667,22.667,22.667,6.0,6.0,,26.0,26.0,6.0,,,6.0,1.0,,6.0,101.678,226.778,37.95,263.497,1.0,6
2023-12-20,5,175.864,278.203,79.511,8.054,10.717,4.533,5.582,7.75,3.033,6.92,9.233,3.95,84.553,90.767,78.05,1018.38,1011.229,,10.083,14.0,3444.792,2050.0,,0.0,0.183,1.2,,22.667,22.667,22.667,6.0,6.0,,26.0,26.0,6.0,,,6.0,1.0,,6.0,175.864,278.203,79.511,256.59,1.0,6
2023-12-21,3,374.6,671.281,165.335,11.732,13.75,10.4,6.948,9.733,3.883,9.465,10.783,7.583,73.185,88.017,56.817,1008.32,1001.275,,14.167,20.0,4321.875,675.0,,0.0,0.05,0.4,,22.667,22.667,22.667,6.0,6.0,,26.0,26.0,6.0,,,6.0,1.0,,6.0,374.6,671.281,165.335,275.035,1.0,6
2023-12-22,3,336.005,492.403,91.14,10.719,12.05,8.933,6.25,8.65,3.433,8.634,9.467,7.167,74.407,92.167,63.117,1012.933,1005.885,,12.283,16.4,4819.792,825.0,,0.0,0.0,0.383,,22.667,22.667,22.667,6.0,6.0,,26.0,26.0,6.0,,,6.0,1.0,,6.0,336.005,492.403,91.14,273.498,1.0,6
2023-12-23,8,298.665,425.704,202.093,10.451,11.733,8.933,6.509,7.983,5.483,8.593,9.483,7.383,76.708,83.067,69.267,1013.316,1006.251,,12.442,15.8,5432.292,3500.0,,0.0,0.2,1.117,,22.667,22.667,22.667,6.0,6.0,,26.0,26.0,6.0,,,6.0,1.0,,6.0,298.665,425.704,202.093,256.694,1.0,6
2023-12-24,3,244.281,376.92,113.604,13.129,14.767,11.117,10.483,11.35,8.333,11.742,12.767,9.8,84.087,91.85,77.6,1006.401,999.448,,14.6,18.6,5399.583,890.0,,0.0,0.0,0.1,,22.667,22.667,22.667,6.0,6.0,,26.0,26.0,6.0,,,6.0,1.0,,,244.281,376.92,113.604,246.169,,6
2023-12-25,2,148.344,266.902,45.586,12.132,13.333,10.717,10.468,11.35,8.967,11.267,11.933,9.85,89.685,96.717,82.15,1007.298,1000.325,,10.283,14.0,3619.792,162.5,,0.0,0.0,0.05,,22.667,22.667,22.667,6.0,6.0,,26.0,26.0,6.0,,,6.0,1.0,,,148.344,266.902,45.586,244.998,,6
2023-12-26,1,185.196,288.905,79.348,7.387,10.217,5.067,4.567,7.8,3.033,6.147,9.033,4.317,82.554,91.583,74.167,1015.409,1008.251,,5.917,10.8,2715.625,1550.0,,0.0,0.2,0.65,,22.667,22.667,22.667,6.0,6.0,,26.0,26.0,6.0,,,6.0,1.0,,6.0,185.196,288.905,79.348,237.576,1.0,6
2023-12-27,2,153.598,329.786,27.917,10.151,11.883,6.7,8.205,10.25,4.617,9.201,10.9,5.833,87.989,97.5,75.133,1006.89,999.858,,10.65,17.2,1808.021,357.5,,0.0,0.0,0.0,,22.667,22.667,22.667,6.0,6.0,,26.0,26.0,6.0,,,6.0,1.0,,6.0,153.598,329.786,27.917,185.427,1.0,6
2023-12-28,3,292.16,414.716,146.582,11.144,12.2,10.117,7.444,9.017,5.25,9.363,10.067,8.05,78.178,88.733,69.85,1005.17,998.178,,14.892,18.6,1595.938,235.0,,0.0,0.033,0.55,,22.667,22.667,22.667,6.0,6.0,,26.0,26.0,6.0,,,6.0,1.0,,6.0,292.16,414.716,146.582,229.149,1.0,6
2023-12-29,2,276.78,400.596,152.289,9.416,11.033,6.667,5.531,7.283,3.95,7.644,9.033,5.617,76.847,85.283,69.067,1007.097,1000.052,,10.967,15.8,3882.188,1197.5,,0.0,0.133,0.717,,22.667,22.667,22.667,6.0,6.0,,26.0,26.0,6.0,,,6.0,1.0,,6.0,276.78,400.596,152.289,242.714,1.0,6
2023-12-30,4,167.422,280.003,69.461,9.408,11.867,5.65,7.203,9.483,3.867,8.362,10.283,4.9,86.277,93.933,79.717,1004.772,997.741,,9.542,16.6,2553.75,315.0,,0.0,0.0,0.083,,22.667,22.667,22.667,6.0,6.0,,26.0,26.0,6.0,,,6.0,1.0,,6.0,167.422,280.003,69.461,189.749,1.0,6
2023-12-31,0,177.459,366.881,62.044,8.094,11.6,5.883,5.512,8.317,4.0,6.93,9.983,5.117,83.985,94.25,70.2,989.221,982.267,,11.808,18.6,2766.042,610.0,,0.0,0.083,0.517,,22.667,22.667,22.667,6.0,6.0,,26.0,26.0,6.0,,,6.0,1.0,,,177.459,366.881,62.044,214.508,,6
