id,id_type,src_id,met_day,air_temperature_mean,air_temperature_max,air_temperature_min,dewpoint_mean,dewpoint_max,dewpoint_min,wetb_temp_mean,wetb_temp_max,wetb_temp_min,rltv_hum_mean,rltv_hum_max,rltv_hum_min,msl_pressure_mean,stn_pres_mean,alt_pres_mean,wind_speed_mean,wind_speed_max,visibility_mean,visibility_min,q10mnt_mxgst_spd_max,cs_hr_sun_dur_sum,wmo_hr_sun_dur_sum,drv_hr_sun_dur_sum,snow_depth_max,air_temperature_q_max,dewpoint_q_max,wetb_temp_q_max,msl_pressure_q_max,stn_pres_q_max,alt_pres_q_max,wind_direction_q_max,wind_speed_q_max,visibility_q_max,q10mnt_mxgst_spd_q_max,cs_hr_sun_dur_q_max,wmo_hr_sun_dur_q_max,drv_hr_sun_dur_q_max,snow_depth_q_max,ground_state_id_q_max,wind_direction_circmean,ground_state_id_mode
5028.0,DCNN,695.0,2009-01-01,0.3,0.3,0.3,-2.6,-2.6,-2.6,-0.7,-0.7,-0.7,80.9,80.9,80.9,,,,5.0,5.0,400.0,400.0,,0.0,0.0,0.0,,6.0,6.0,6.0,,,,6.0,6.0,6.0,,,,,,6.0,50.0,4.0
5028.0,DCNN,695.0,2009-01-02,1.4,1.4,1.4,0.6,0.6,0.6,1.1,1.1,1.1,94.4,94.4,94.4,,,,5.0,5.0,400.0,400.0,,0.0,0.0,0.0,,6.0,6.0,6.0,,,,6.0,6.0,6.0,,,,,,6.0,50.0,1.0
5028.0,DCNN,695.0,2009-01-03,-1.7,-1.7,-1.7,-5.9,-5.9,-5.9,-2.9,-2.9,-2.9,73.1,73.1,73.1,,,,2.0,2.0,2000.0,2000.0,,0.0,0.0,0.0,,6.0,6.0,6.0,,,,6.0,6.0,6.0,,,,,,6.0,50.0,4.0
5028.0,DCNN,695.0,2009-01-04,-4.5,-4.5,-4.5,-6.5,-6.5,-6.5,-4.9,-4.9,-4.9,85.8,85.8,85.8,,,,2.0,2.0,2000.0,2000.0,,0.0,0.0,0.0,,6.0,6.0,6.0,,,,6.0,6.0,6.0,,,,,,6.0,270.0,4.0
5028.0,DCNN,695.0,2009-01-05,0.1,0.1,0.1,-0.5,-0.5,-0.5,-0.1,-0.1,-0.1,95.9,95.9,95.9,,,,15.0,15.0,2000.0,2000.0,,0.0,0.0,0.0,,6.0,6.0,6.0,,,,6.0,6.0,6.0,,,,,,6.0,50.0,17.0
5028.0,DCNN,695.0,2009-01-06,-3.8,-3.8,-3.8,-5.3,-5.3,-5.3,-4.1,-4.1,-4.1,89.4,89.4,89.4,,,,5.0,5.0,2000.0,2000.0,,0.0,0.0,0.0,,6.0,6.0,6.0,,,,6.0,6.0,6.0,,,,,,6.0,50.0,16.0
5028.0,DCNN,695.0,2009-01-07,-1.1,-1.1,-1.1,-2.4,-2.4,-2.4,-1.5,-1.5,-1.5,90.6,90.6,90.6,,,,2.0,2.0,1000.0,1000.0,,0.0,0.0,0.0,,6.0,6.0,6.0,,,,6.0,6.0,6.0,,,,,,6.0,270.0,16.0
5028.0,DCNN,695.0,2009-01-08,1.2,1.2,1.2,0.7,0.7,0.7,1.0,1.0,1.0,96.2,96.2,96.2,,,,2.0,2.0,400.0,400.0,,0.0,0.0,0.0,,6.0,6.0,6.0,,,,6.0,6.0,6.0,,,,,,6.0,230.0,4.0
5028.0,DCNN,695.0,2009-01-09,-2.0,-2.0,-2.0,-2.0,-2.0,-2.0,-2.0,-2.0,-2.0,98.1,98.1,98.1,,,,2.0,2.0,20.0,20.0,,0.0,0.0,0.0,,6.0,6.0,6.0,,,,6.0,6.0,6.0,,,,,,6.0,50.0,4.0
5028.0,DCNN,695.0,2009-01-10,-4.6,-4.6,-4.6,-5.5,-5.5,-5.5,-4.7,-4.7,-4.7,93.3,93.3,93.3,,,,2.0,2.0,20.0,20.0,,0.0,0.0,0.0,,6.0,6.0,6.0,,,,6.0,6.0,6.0,,,,,,6.0,130.0,4.0
5028.0,DCNN,695.0,2009-01-11,3.9,3.9,3.9,-1.7,-1.7,-1.7,1.9,1.9,1.9,67.0,67.0,67.0,,,,10.0,10.0,2000.0,2000.0,,0.0,0.0,0.0,,6.0,6.0,6.0,,,,6.0,6.0,6.0,,,,,,6.0,180.0,4.0
5028.0,DCNN,695.0,2009-01-12,7.5,7.5,7.5,5.3,5.3,5.3,6.5,6.5,6.5,85.6,85.6,85.6,,,,15.0,15.0,2000.0,2000.0,,0.0,0.0,0.0,,6.0,6.0,6.0,,,,6.0,6.0,6.0,,,,,,6.0,180.0,2.0
5028.0,DCNN,695.0,2009-01-13,6.9,6.9,6.9,6.2,6.2,6.2,6.6,6.6,6.6,95.6,95.6,95.6,,,,5.0,5.0,2000.0,2000.0,,0.0,0.0,0.0,,6.0,6.0,6.0,,,,6.0,6.0,6.0,,,,,,6.0,230.0,2.0
5028.0,DCNN,695.0,2009-01-14,0.7,0.7,0.7,0.4,0.4,0.4,0.6,0.6,0.6,98.0,98.0,98.0,,,,2.0,2.0,40.0,40.0,,0.0,0.0,0.0,,6.0,6.0,6.0,,,,6.0,6.0,6.0,,,,,,6.0,230.0,2.0
5028.0,DCNN,695.0,2009-01-15,4.9,4.9,4.9,3.7,3.7,3.7,4.4,4.4,4.4,92.0,92.0,92.0,,,,10.0,10.0,2000.0,2000.0,,0.0,0.0,0.0,,6.0,6.0,6.0,,,,6.0,6.0,6.0,,,,,,6.0,130.0,1.0
5028.0,DCNN,695.0,2009-01-16,5.5,5.5,5.5,5.0,5.0,5.0,5.3,5.3,5.3,96.9,96.9,96.9,,,,10.0,10.0,1000.0,1000.0,,0.0,0.0,0.0,,6.0,6.0,6.0,,,,6.0,6.0,6.0,,,,,,6.0,180.0,1.0
5028.0,DCNN,695.0,2009-01-17,5.8,5.8,5.8,3.9,3.9,3.9,5.0,5.0,5.0,87.7,87.7,87.7,,,,10.0,10.0,2000.0,2000.0,,0.0,0.0,0.0,,6.0,6.0,6.0,,,,6.0,6.0,6.0,,,,,,6.0,230.0,2.0
5028.0,DCNN,695.0,2009-01-18,4.1,4.1,4.1,1.5,1.5,1.5,3.1,3.1,3.1,83.4,83.4,83.4,,,,15.0,15.0,2000.0,2000.0,,0.0,0.0,0.0,,6.0,6.0,6.0,,,,6.0,6.0,6.0,,,,,,6.0,230.0,2.0
5028.0,DCNN,695.0,2009-01-19,3.8,3.8,3.8,3.1,3.1,3.1,3.5,3.5,3.5,94.9,94.9,94.9,,,,5.0,5.0,2000.0,2000.0,,0.0,0.0,0.0,,6.0,6.0,6.0,,,,6.0,6.0,6.0,,,,,,6.0,230.0,3.0
5028.0,DCNN,695.0,2009-01-20,3.4,3.4,3.4,0.2,0.2,0.2,2.2,2.2,2.2,79.5,79.5,79.5,,,,5.0,5.0,2000.0,2000.0,,0.0,0.0,0.0,,6.0,6.0,6.0,,,,6.0,6.0,6.0,,,,,,6.0,230.0,2.0
5028.0,DCNN,695.0,2009-01-21,1.6,1.6,1.6,0.5,0.5,0.5,1.2,1.2,1.2,92.4,92.4,92.4,,,,2.0,2.0,2000.0,2000.0,,0.0,0.0,0.0,,6.0,6.0,6.0,,,,6.0,6.0,6.0,,,,,,6.0,230.0,2.0
5028.0,DCNN,695.0,2009-01-23,3.5,3.5,3.5,3.3,3.3,3.3,3.4,3.4,3.4,98.3,98.3,98.3,,,,15.0,15.0,1000.0,1000.0,,0.0,0.0,0.0,,6.0,6.0,6.0,,,,6.0,6.0,6.0,,,,,,6.0,310.0,3.0
5028.0,DCNN,695.0,2009-01-24,0.3,0.3,0.3,-0.6,-0.6,-0.6,0.0,0.0,0.0,94.1,94.1,94.1,,,,5.0,5.0,2000.0,2000.0,,0.0,0.0,0.0,,6.0,6.0,6.0,,,,6.0,6.0,6.0,,,,,,6.0,310.0,4.0
5028.0,DCNN,695.0,2009-01-25,6.3,6.3,6.3,5.6,5.6,5.6,6.0,6.0,6.0,95.4,95.4,95.4,,,,8.0,8.0,1000.0,1000.0,,0.0,0.0,0.0,,6.0,6.0,6.0,,,,6.0,6.0,6.0,,,,,,6.0,180.0,3.0
5028.0,DCNN,695.0,2009-01-26,4.6,4.6,4.6,4.1,4.1,4.1,4.4,4.4,4.4,96.8,96.8,96.8,,,,5.0,5.0,2000.0,2000.0,,0.0,0.0,0.0,,6.0,6.0,6.0,,,,6.0,6.0,6.0,,,,,,6.0,130.0,2.0
5028.0,DCNN,695.0,2009-01-27,3.8,3.8,3.8,3.3,3.3,3.3,3.6,3.6,3.6,96.6,96.6,96.6,,,,0.0,0.0,400.0,400.0,,0.0,0.0,0.0,,6.0,6.0,6.0,,,,6.0,6.0,6.0,,,,,,6.0,0.0,2.0
5028.0,DCNN,695.0,2009-01-28,4.7,4.7,4.7,4.5,4.5,4.5,4.6,4.6,4.6,98.4,98.4,98.4,,,,5.0,5.0,400.0,400.0,,0.0,0.0,0.0,,6.0,6.0,6.0,,,,6.0,6.0,6.0,,,,,,6.0,130.0,2.0
5028.0,DCNN,695.0,2009-01-29,1.7,1.7,1.7,-0.8,-0.8,-0.8,0.8,0.8,0.8,83.2,83.2,83.2,,,,10.0,10.0,400.0,400.0,,0.0,0.0,0.0,,6.0,6.0,6.0,,,,6.0,6.0,6.0,,,,,,6.0,130.0,2.0
5028.0,DCNN,695.0,2009-01-30,2.4,2.4,2.4,0.8,0.8,0.8,1.8,1.8,1.8,89.3,89.3,89.3,,,,10.0,10.0,400.0,400.0,,0.0,0.0,0.0,,6.0,6.0,6.0,,,,6.0,6.0,6.0,,,,,,6.0,130.0,2.0
5028.0,DCNN,695.0,2009-01-31,2.2,2.2,2.2,-3.5,-3.5,-3.5,0.3,0.3,0.3,65.9,65.9,65.9,,,,12.0,12.0,2000.0,2000.0,,0.0,0.0,0.0,,6.0,6.0,6.0,,,,6.0,6.0,6.0,,,,,,6.0,130.0,2.0
5028.0,DCNN,695.0,2009-02-01,0.4,0.4,0.4,-5.6,-5.6,-5.6,-1.5,-1.5,-1.5,64.1,64.1,64.1,,,,15.0,15.0,2000.0,2000.0,,0.0,0.0,0.0,,6.0,6.0,6.0,,,,6.0,6.0,6.0,,,,,,6.0,90.0,4.0
5028.0,DCNN,695.0,2009-02-02,-2.8,-2.8,-2.8,-3.8,-3.8,-3.8,-3.0,-3.0,-3.0,93.0,93.0,93.0,,,,10.0,10.0,400.0,400.0,,0.0,0.0,0.0,,6.0,6.0,6.0,,,,6.0,6.0,6.0,,,,,,6.0,50.0,19.0
5028.0,DCNN,695.0,2009-02-03,-0.7,-0.7,-0.7,-2.9,-2.9,-2.9,-1.4,-1.4,-1.4,85.0,85.0,85.0,,,,5.0,5.0,400.0,400.0,,0.0,0.0,0.0,,6.0,6.0,6.0,,,,6.0,6.0,6.0,,,,,,6.0,130.0,19.0
5028.0,DCNN,695.0,2009-02-04,0.5,0.5,0.5,-1.7,-1.7,-1.7,-0.3,-0.3,-0.3,84.9,84.9,84.9,,,,5.0,5.0,400.0,400.0,,0.0,0.0,0.0,,6.0,6.0,6.0,,,,6.0,6.0,6.0,,,,,,6.0,130.0,12.0
5028.0,DCNN,695.0,2009-02-05,1.8,1.8,1.8,1.5,1.5,1.5,1.7,1.7,1.7,98.1,98.1,98.1,,,,5.0,5.0,400.0,400.0,,0.0,0.0,0.0,,6.0,6.0,6.0,,,,6.0,6.0,6.0,,,,,,6.0,90.0,12.0
5028.0,DCNN,695.0,2009-02-06,0.0,0.0,0.0,-0.3,-0.3,-0.3,-0.1,-0.1,-0.1,97.9,97.9,97.9,,,,5.0,5.0,200.0,200.0,,0.0,0.0,0.0,,6.0,6.0,6.0,,,,6.0,6.0,6.0,,,,,,6.0,90.0,13.0
5028.0,DCNN,695.0,2009-02-07,-2.0,-2.0,-2.0,-3.2,-3.2,-3.2,-2.3,-2.3,-2.3,91.5,91.5,91.5,,,,2.0,2.0,400.0,400.0,,0.0,0.0,0.0,,6.0,6.0,6.0,,,,6.0,6.0,6.0,,,,,,6.0,310.0,13.0
5028.0,DCNN,695.0,2009-02-08,-0.3,-0.3,-0.3,-2.1,-2.1,-2.1,-0.9,-0.9,-0.9,87.6,87.6,87.6,,,,2.0,2.0,2000.0,2000.0,,0.0,0.0,0.0,,6.0,6.0,6.0,,,,6.0,6.0,6.0,,,,,,6.0,180.0,13.0
5028.0,DCNN,695.0,2009-02-09,3.2,3.2,3.2,2.7,2.7,2.7,3.0,3.0,3.0,96.5,96.5,96.5,,,,5.0,5.0,1000.0,1000.0,,0.0,0.0,0.0,,6.0,6.0,6.0,,,,6.0,6.0,6.0,,,,,,6.0,130.0,11.0
5028.0,DCNN,695.0,2009-02-10,1.5,1.5,1.5,1.0,1.0,1.0,1.3,1.3,1.3,96.2,96.2,96.2,,,,15.0,15.0,400.0,400.0,,0.0,0.0,0.0,,6.0,6.0,6.0,,,,6.0,6.0,6.0,,,,,,6.0,310.0,11.0
5028.0,DCNN,695.0,2009-02-11,0.1,0.1,0.1,-0.8,-0.8,-0.8,-0.2,-0.2,-0.2,93.8,93.8,93.8,,,,2.0,2.0,1000.0,1000.0,,0.0,0.0,0.0,,6.0,6.0,6.0,,,,6.0,6.0,6.0,,,,,,6.0,230.0,11.0
5028.0,DCNN,695.0,2009-02-12,-0.9,-0.9,-0.9,-4.1,-4.1,-4.1,-1.9,-1.9,-1.9,78.7,78.7,78.7,,,,5.0,5.0,2000.0,2000.0,,0.0,0.0,0.0,,6.0,6.0,6.0,,,,6.0,6.0,6.0,,,,,,6.0,310.0,11.0
5028.0,DCNN,695.0,2009-02-13,1.6,1.6,1.6,1.1,1.1,1.1,1.4,1.4,1.4,96.2,96.2,96.2,,,,5.0,5.0,2000.0,2000.0,,0.0,0.0,0.0,,6.0,6.0,6.0,,,,6.0,6.0,6.0,,,,,,6.0,310.0,11.0
5028.0,DCNN,695.0,2009-02-14,1.1,1.1,1.1,-0.9,-0.9,-0.9,0.4,0.4,0.4,86.6,86.6,86.6,,,,0.0,0.0,400.0,400.0,,0.0,0.0,0.0,,6.0,6.0,6.0,,,,6.0,6.0,6.0,,,,,,6.0,0.0,4.0
5028.0,DCNN,695.0,2009-02-15,3.2,3.2,3.2,0.6,0.6,0.6,2.2,2.2,2.2,82.7,82.7,82.7,,,,2.0,2.0,400.0,400.0,,0.0,0.0,0.0,,6.0,6.0,6.0,,,,6.0,6.0,6.0,,,,,,6.0,270.0,2.0
5028.0,DCNN,695.0,2009-02-16,4.6,4.6,4.6,3.6,3.6,3.6,4.2,4.2,4.2,93.5,93.5,93.5,,,,5.0,5.0,400.0,400.0,,0.0,0.0,0.0,,6.0,6.0,6.0,,,,6.0,6.0,6.0,,,,,,6.0,310.0,2.0
5028.0,DCNN,695.0,2009-02-17,7.0,7.0,7.0,5.9,5.9,5.9,6.5,6.5,6.5,92.6,92.6,92.6,,,,2.0,2.0,1000.0,1000.0,,0.0,0.0,0.0,,6.0,6.0,6.0,,,,6.0,6.0,6.0,,,,,,6.0,310.0,2.0
5028.0,DCNN,695.0,2009-02-18,6.4,6.4,6.4,6.2,6.2,6.2,6.3,6.3,6.3,98.4,98.4,98.4,,,,5.0,5.0,1000.0,1000.0,,0.0,0.0,0.0,,6.0,6.0,6.0,,,,6.0,6.0,6.0,,,,,,6.0,50.0,2.0
5028.0,DCNN,695.0,2009-02-19,6.5,6.5,6.5,6.3,6.3,6.3,6.4,6.4,6.4,98.6,98.6,98.6,,,,2.0,2.0,400.0,400.0,,0.0,0.0,0.0,,6.0,6.0,6.0,,,,6.0,6.0,6.0,,,,,,6.0,310.0,2.0
5028.0,DCNN,695.0,2009-02-20,5.5,5.5,5.5,3.6,3.6,3.6,4.7,4.7,4.7,87.5,87.5,87.5,,,,2.0,2.0,400.0,400.0,,0.0,0.0,0.0,,6.0,6.0,6.0,,,,6.0,6.0,6.0,,,,,,6.0,310.0,2.0
5028.0,DCNN,695.0,2009-02-21,5.4,5.4,5.4,2.5,2.5,2.5,4.2,4.2,4.2,81.3,81.3,81.3,,,,5.0,5.0,2000.0,2000.0,,0.0,0.0,0.0,,6.0,6.0,6.0,,,,6.0,6.0,6.0,,,,,,6.0,270.0,1.0
5028.0,DCNN,695.0,2009-02-22,6.6,6.6,6.6,3.5,3.5,3.5,5.3,5.3,5.3,80.7,80.7,80.7,,,,10.0,10.0,2000.0,2000.0,,0.0,0.0,0.0,,6.0,6.0,6.0,,,,6.0,6.0,6.0,,,,,,6.0,310.0,1.0
5028.0,DCNN,695.0,2009-02-23,7.2,7.2,7.2,5.6,5.6,5.6,6.5,6.5,6.5,89.8,89.8,89.8,,,,5.0,5.0,2000.0,2000.0,,0.0,0.0,0.0,,6.0,6.0,6.0,,,,6.0,6.0,6.0,,,,,,6.0,310.0,1.0
5028.0,DCNN,695.0,2009-02-24,7.7,7.7,7.7,6.8,6.8,6.8,7.3,7.3,7.3,94.3,94.3,94.3,,,,2.0,2.0,400.0,400.0,,0.0,0.0,0.0,,6.0,6.0,6.0,,,,6.0,6.0,6.0,,,,,,6.0,270.0,1.0
5028.0,DCNN,695.0,2009-02-25,7.9,7.9,7.9,4.7,4.7,4.7,6.5,6.5,6.5,80.3,80.3,80.3,,,,5.0,5.0,1000.0,1000.0,,0.0,0.0,0.0,,6.0,6.0,6.0,,,,6.0,6.0,6.0,,,,,,6.0,270.0,1.0
5028.0,DCNN,695.0,2009-02-26,5.7,5.7,5.7,4.1,4.1,4.1,5.0,5.0,5.0,89.2,89.2,89.2,,,,10.0,10.0,2000.0,2000.0,,0.0,0.0,0.0,,6.0,6.0,6.0,,,,6.0,6.0,6.0,,,,,,6.0,250.0,1.0
5028.0,DCNN,695.0,2009-02-27,7.6,7.6,7.6,5.6,5.6,5.6,6.7,6.7,6.7,87.2,87.2,87.2,,,,5.0,5.0,1000.0,1000.0,,0.0,0.0,0.0,,6.0,6.0,6.0,,,,6.0,6.0,6.0,,,,,,6.0,230.0,1.0
5028.0,DCNN,695.0,2009-02-28,7.1,7.1,7.1,1.7,1.7,1.7,4.9,4.9,4.9,68.4,68.4,68.4,,,,5.0,5.0,2000.0,2000.0,,0.0,0.0,0.0,,6.0,6.0,6.0,,,,6.0,6.0,6.0,,,,,,6.0,230.0,1.0
5028.0,DCNN,695.0,2009-03-01,5.7,5.7,5.7,3.8,3.8,3.8,4.9,4.9,4.9,87.6,87.6,87.6,,,,2.0,2.0,1000.0,1000.0,,0.0,0.0,0.0,,6.0,6.0,6.0,,,,6.0,6.0,6.0,,,,,,6.0,230.0,1.0
5028.0,DCNN,695.0,2009-03-02,4.4,4.4,4.4,1.0,1.0,1.0,3.1,3.1,3.1,78.7,78.7,78.7,,,,2.0,2.0,2000.0,2000.0,,0.0,0.0,0.0,,6.0,6.0,6.0,,,,6.0,6.0,6.0,,,,,,6.0,230.0,1.0
5028.0,DCNN,695.0,2009-03-03,7.6,7.6,7.6,5.8,5.8,5.8,6.8,6.8,6.8,88.5,88.5,88.5,,,,10.0,10.0,2000.0,2000.0,,0.0,0.0,0.0,,6.0,6.0,6.0,,,,6.0,6.0,6.0,,,,,,6.0,230.0,1.0
5028.0,DCNN,695.0,2009-03-04,3.1,3.1,3.1,2.1,2.1,2.1,2.7,2.7,2.7,93.1,93.1,93.1,,,,5.0,5.0,2000.0,2000.0,,0.0,0.0,0.0,,6.0,6.0,6.0,,,,6.0,6.0,6.0,,,,,,6.0,230.0,3.0
5028.0,DCNN,695.0,2009-03-05,2.6,2.6,2.6,0.5,0.5,0.5,1.8,1.8,1.8,85.8,85.8,85.8,,,,10.0,10.0,1000.0,1000.0,,0.0,0.0,0.0,,6.0,6.0,6.0,,,,6.0,6.0,6.0,,,,,,6.0,50.0,2.0
5028.0,DCNN,695.0,2009-03-06,2.9,2.9,2.9,-1.6,-1.6,-1.6,1.3,1.3,1.3,72.1,72.1,72.1,,,,2.0,2.0,2000.0,2000.0,,0.0,0.0,0.0,,6.0,6.0,6.0,,,,6.0,6.0,6.0,,,,,,6.0,310.0,1.0
5028.0,DCNN,695.0,2009-03-07,5.8,5.8,5.8,5.4,5.4,5.4,5.6,5.6,5.6,97.0,97.0,97.0,,,,5.0,5.0,1000.0,1000.0,,0.0,0.0,0.0,,6.0,6.0,6.0,,,,6.0,6.0,6.0,,,,,,6.0,230.0,2.0
5028.0,DCNN,695.0,2009-03-08,6.3,6.3,6.3,-2.9,-2.9,-2.9,3.0,3.0,3.0,51.7,51.7,51.7,,,,15.0,15.0,2000.0,2000.0,,0.0,0.0,0.0,,6.0,6.0,6.0,,,,6.0,6.0,6.0,,,,,,6.0,230.0,2.0
5028.0,DCNN,695.0,2009-03-09,6.4,6.4,6.4,-1.4,-1.4,-1.4,3.5,3.5,3.5,57.5,57.5,57.5,,,,15.0,15.0,2000.0,2000.0,,0.0,0.0,0.0,,6.0,6.0,6.0,,,,6.0,6.0,6.0,,,,,,6.0,230.0,2.0
5028.0,DCNN,695.0,2009-03-10,8.1,8.1,8.1,7.0,7.0,7.0,7.6,7.6,7.6,93.0,93.0,93.0,,,,15.0,15.0,2000.0,2000.0,,0.0,0.0,0.0,,6.0,6.0,6.0,,,,6.0,6.0,6.0,,,,,,6.0,270.0,2.0
5028.0,DCNN,695.0,2009-03-11,4.9,4.9,4.9,2.4,2.4,2.4,3.9,3.9,3.9,84.1,84.1,84.1,,,,2.0,2.0,2000.0,2000.0,,0.0,0.0,0.0,,6.0,6.0,6.0,,,,6.0,6.0,6.0,,,,,,6.0,270.0,2.0
5028.0,DCNN,695.0,2009-03-12,9.5,9.5,9.5,6.3,6.3,6.3,8.0,8.0,8.0,80.2,80.2,80.2,,,,10.0,10.0,2000.0,2000.0,,0.0,0.0,0.0,,6.0,6.0,6.0,,,,6.0,6.0,6.0,,,,,,6.0,230.0,1.0
5028.0,DCNN,695.0,2009-03-13,7.3,7.3,7.3,5.3,5.3,5.3,6.4,6.4,6.4,87.0,87.0,87.0,,,,2.0,2.0,2000.0,2000.0,,0.0,0.0,0.0,,6.0,6.0,6.0,,,,6.0,6.0,6.0,,,,,,6.0,230.0,1.0
5028.0,DCNN,695.0,2009-03-14,9.4,9.4,9.4,5.7,5.7,5.7,7.7,7.7,7.7,77.5,77.5,77.5,,,,10.0,10.0,2000.0,2000.0,,0.0,0.0,0.0,,6.0,6.0,6.0,,,,6.0,6.0,6.0,,,,,,6.0,270.0,1.0
5028.0,DCNN,695.0,2009-03-15,8.7,8.7,8.7,2.6,2.6,2.6,6.1,6.1,6.1,65.2,65.2,65.2,,,,5.0,5.0,2000.0,2000.0,,0.0,0.0,0.0,,6.0,6.0,6.0,,,,6.0,6.0,6.0,,,,,,6.0,270.0,1.0
5028.0,DCNN,695.0,2009-03-16,9.5,9.5,9.5,4.1,4.1,4.1,7.1,7.1,7.1,68.8,68.8,68.8,,,,2.0,2.0,1000.0,1000.0,,0.0,0.0,0.0,,6.0,6.0,6.0,,,,6.0,6.0,6.0,,,,,,6.0,230.0,1.0
5028.0,DCNN,695.0,2009-03-17,8.4,8.4,8.4,3.5,3.5,3.5,6.3,6.3,6.3,71.4,71.4,71.4,,,,10.0,10.0,400.0,400.0,,0.0,0.0,0.0,,6.0,6.0,6.0,,,,6.0,6.0,6.0,,,,,,6.0,50.0,1.0
5028.0,DCNN,695.0,2009-03-18,7.4,7.4,7.4,3.7,3.7,3.7,5.8,5.8,5.8,77.1,77.1,77.1,,,,5.0,5.0,400.0,400.0,,0.0,0.0,0.0,,6.0,6.0,6.0,,,,6.0,6.0,6.0,,,,,,6.0,90.0,1.0
5028.0,DCNN,695.0,2009-03-19,8.6,8.6,8.6,3.5,3.5,3.5,6.4,6.4,6.4,70.3,70.3,70.3,,,,10.0,10.0,400.0,400.0,,0.0,0.0,0.0,,6.0,6.0,6.0,,,,6.0,6.0,6.0,,,,,,6.0,90.0,1.0
5028.0,DCNN,695.0,2009-03-20,6.4,6.4,6.4,2.8,2.8,2.8,4.9,4.9,4.9,77.5,77.5,77.5,,,,5.0,5.0,400.0,400.0,,0.0,0.0,0.0,,6.0,6.0,6.0,,,,6.0,6.0,6.0,,,,,,6.0,90.0,0.0
5028.0,DCNN,695.0,2009-03-21,7.2,7.2,7.2,-0.3,-0.3,-0.3,4.3,4.3,4.3,59.0,59.0,59.0,,,,2.0,2.0,1000.0,1000.0,,0.0,0.0,0.0,,6.0,6.0,6.0,,,,6.0,6.0,6.0,,,,,,6.0,270.0,0.0
5028.0,DCNN,695.0,2009-03-22,9.3,9.3,9.3,3.6,3.6,3.6,6.8,6.8,6.8,67.2,67.2,67.2,,,,5.0,5.0,2000.0,2000.0,,0.0,0.0,0.0,,6.0,6.0,6.0,,,,6.0,6.0,6.0,,,,,,6.0,310.0,0.0
5028.0,DCNN,695.0,2009-03-23,8.1,8.1,8.1,3.2,3.2,3.2,6.0,6.0,6.0,71.0,71.0,71.0,,,,15.0,15.0,2000.0,2000.0,,0.0,0.0,0.0,,6.0,6.0,6.0,,,,6.0,6.0,6.0,,,,,,6.0,270.0,0.0
5028.0,DCNN,695.0,2009-03-24,5.8,5.8,5.8,-2.9,-2.9,-2.9,2.7,2.7,2.7,53.6,53.6,53.6,,,,10.0,10.0,2000.0,2000.0,,0.0,0.0,0.0,,6.0,6.0,6.0,,,,6.0,6.0,6.0,,,,,,6.0,310.0,0.0
5028.0,DCNN,695.0,2009-03-25,7.9,7.9,7.9,1.5,1.5,1.5,5.3,5.3,5.3,64.1,64.1,64.1,,,,15.0,15.0,2000.0,2000.0,,0.0,0.0,0.0,,6.0,6.0,6.0,,,,6.0,6.0,6.0,,,,,,6.0,270.0,1.0
5028.0,DCNN,695.0,2009-03-26,7.6,7.6,7.6,5.4,5.4,5.4,6.6,6.6,6.6,85.7,85.7,85.7,,,,15.0,15.0,2000.0,2000.0,,0.0,0.0,0.0,,6.0,6.0,6.0,,,,6.0,6.0,6.0,,,,,,6.0,230.0,0.0
5028.0,DCNN,695.0,2009-03-27,5.3,5.3,5.3,0.1,0.1,0.1,3.3,3.3,3.3,68.9,68.9,68.9,,,,15.0,15.0,2000.0,2000.0,,0.0,0.0,0.0,,6.0,6.0,6.0,,,,6.0,6.0,6.0,,,,,,6.0,270.0,1.0
5028.0,DCNN,695.0,2009-03-28,4.6,4.6,4.6,2.4,2.4,2.4,3.7,3.7,3.7,85.4,85.4,85.4,,,,15.0,15.0,2000.0,2000.0,,0.0,0.0,0.0,,6.0,6.0,6.0,,,,6.0,6.0,6.0,,,,,,6.0,310.0,1.0
5028.0,DCNN,695.0,2009-03-29,5.3,5.3,5.3,-2.5,-2.5,-2.5,2.5,2.5,2.5,56.9,56.9,56.9,,,,0.0,0.0,2000.0,2000.0,,0.0,0.0,0.0,,6.0,6.0,6.0,,,,6.0,6.0,6.0,,,,,,6.0,0.0,1.0
5028.0,DCNN,695.0,2009-03-30,7.5,7.5,7.5,0.7,0.7,0.7,4.8,4.8,4.8,62.1,62.1,62.1,,,,5.0,5.0,2000.0,2000.0,,0.0,0.0,0.0,,6.0,6.0,6.0,,,,6.0,6.0,6.0,,,,,,6.0,230.0,0.0
5028.0,DCNN,695.0,2009-03-31,8.7,8.7,8.7,4.4,4.4,4.4,6.8,6.8,6.8,74.3,74.3,74.3,,,,0.0,0.0,2000.0,2000.0,,0.0,0.0,0.0,,6.0,6.0,6.0,,,,6.0,6.0,6.0,,,,,,6.0,0.0,0.0
5028.0,DCNN,695.0,2009-04-01,10.3,10.3,10.3,3.2,3.2,3.2,7.2,7.2,7.2,61.3,61.3,61.3,,,,5.0,5.0,2000.0,2000.0,,0.0,0.0,0.0,,6.0,6.0,6.0,,,,6.0,6.0,6.0,,,,,,6.0,90.0,0.0
5028.0,DCNN,695.0,2009-04-02,6.3,6.3,6.3,4.9,4.9,4.9,5.7,5.7,5.7,90.9,90.9,90.9,,,,10.0,10.0,400.0,400.0,,0.0,0.0,0.0,,6.0,6.0,6.0,,,,6.0,6.0,6.0,,,,,,,50.0,
5028.0,DCNN,695.0,2009-04-03,4.7,4.7,4.7,4.2,4.2,4.2,4.5,4.5,4.5,96.8,96.8,96.8,,,,5.0,5.0,40.0,40.0,,0.0,0.0,0.0,,6.0,6.0,6.0,,,,6.0,6.0,6.0,,,,,,6.0,50.0,0.0
5028.0,DCNN,695.0,2009-04-04,8.9,8.9,8.9,7.2,7.2,7.2,8.1,8.1,8.1,89.0,89.0,89.0,,,,5.0,5.0,2000.0,2000.0,,0.0,0.0,0.0,,6.0,6.0,6.0,,,,6.0,6.0,6.0,,,,,,6.0,230.0,0.0
5028.0,DCNN,695.0,2009-04-05,10.9,10.9,10.9,1.7,1.7,1.7,7.0,7.0,7.0,52.9,52.9,52.9,,,,5.0,5.0,2000.0,2000.0,,0.0,0.0,0.0,,6.0,6.0,6.0,,,,6.0,6.0,6.0,,,,,,6.0,90.0,0.0
5028.0,DCNN,695.0,2009-04-06,12.3,12.3,12.3,5.7,5.7,5.7,9.2,9.2,9.2,64.0,64.0,64.0,,,,5.0,5.0,400.0,400.0,,0.0,0.0,0.0,,6.0,6.0,6.0,,,,6.0,6.0,6.0,,,,,,6.0,130.0,0.0
5028.0,DCNN,695.0,2009-04-07,10.3,10.3,10.3,4.3,4.3,4.3,7.6,7.6,7.6,66.1,66.1,66.1,,,,10.0,10.0,2000.0,2000.0,,0.0,0.0,0.0,,6.0,6.0,6.0,,,,6.0,6.0,6.0,,,,,,6.0,230.0,0.0
5028.0,DCNN,695.0,2009-04-08,10.2,10.2,10.2,3.3,3.3,3.3,7.2,7.2,7.2,62.3,62.3,62.3,,,,10.0,10.0,2000.0,2000.0,,0.0,0.0,0.0,,6.0,6.0,6.0,,,,6.0,6.0,6.0,,,,,,6.0,230.0,1.0
5028.0,DCNN,695.0,2009-04-09,12.1,12.1,12.1,10.8,10.8,10.8,11.4,11.4,11.4,91.5,91.5,91.5,,,,10.0,10.0,1000.0,1000.0,,0.0,0.0,0.0,,6.0,6.0,6.0,,,,6.0,6.0,6.0,,,,,,6.0,180.0,0.0
5028.0,DCNN,695.0,2009-04-10,12.0,12.0,12.0,7.5,7.5,7.5,9.8,9.8,9.8,73.8,73.8,73.8,,,,10.0,10.0,2000.0,2000.0,,0.0,0.0,0.0,,6.0,6.0,6.0,,,,6.0,6.0,6.0,,,,,,6.0,180.0,0.0
5028.0,DCNN,695.0,2009-04-11,8.8,8.8,8.8,8.6,8.6,8.6,8.7,8.7,8.7,98.6,98.6,98.6,,,,2.0,2.0,100.0,100.0,,0.0,0.0,0.0,,6.0,6.0,6.0,,,,6.0,6.0,6.0,,,,,,6.0,310.0,1.0
5028.0,DCNN,695.0,2009-04-12,8.6,8.6,8.6,8.4,8.4,8.4,8.5,8.5,8.5,98.6,98.6,98.6,,,,10.0,10.0,40.0,40.0,,0.0,0.0,0.0,,6.0,6.0,6.0,,,,6.0,6.0,6.0,,,,,,6.0,360.0,1.0
5028.0,DCNN,695.0,2009-04-13,10.1,10.1,10.1,7.6,7.6,7.6,8.9,8.9,8.9,84.5,84.5,84.5,,,,0.0,0.0,400.0,400.0,,0.0,0.0,0.0,,6.0,6.0,6.0,,,,6.0,6.0,6.0,,,,,,6.0,0.0,1.0
5028.0,DCNN,695.0,2009-04-14,12.7,12.7,12.7,8.7,8.7,8.7,10.7,10.7,10.7,76.7,76.7,76.7,,,,5.0,5.0,1000.0,1000.0,,0.0,0.0,0.0,,6.0,6.0,6.0,,,,6.0,6.0,6.0,,,,,,6.0,130.0,1.0
5028.0,DCNN,695.0,2009-04-15,11.7,11.7,11.7,10.0,10.0,10.0,10.8,10.8,10.8,89.0,89.0,89.0,,,,15.0,15.0,400.0,400.0,,0.0,0.0,0.0,,6.0,6.0,6.0,,,,6.0,6.0,6.0,,,,,,6.0,50.0,1.0
5028.0,DCNN,695.0,2009-04-16,12.0,12.0,12.0,10.1,10.1,10.1,11.0,11.0,11.0,87.9,87.9,87.9,,,,2.0,2.0,1000.0,1000.0,,0.0,0.0,0.0,,6.0,6.0,6.0,,,,6.0,6.0,6.0,,,,,,6.0,90.0,1.0
5028.0,DCNN,695.0,2009-04-17,8.0,8.0,8.0,7.6,7.6,7.6,7.8,7.8,7.8,97.2,97.2,97.2,,,,5.0,5.0,400.0,400.0,,0.0,0.0,0.0,,6.0,6.0,6.0,,,,6.0,6.0,6.0,,,,,,6.0,360.0,2.0
5028.0,DCNN,695.0,2009-04-18,9.6,9.6,9.6,5.7,5.7,5.7,7.8,7.8,7.8,76.5,76.5,76.5,,,,15.0,15.0,1000.0,1000.0,,0.0,0.0,0.0,,6.0,6.0,6.0,,,,6.0,6.0,6.0,,,,,,6.0,50.0,2.0
5028.0,DCNN,695.0,2009-04-19,7.8,7.8,7.8,4.4,4.4,4.4,6.3,6.3,6.3,78.8,78.8,78.8,,,,15.0,15.0,1000.0,1000.0,,0.0,0.0,0.0,,6.0,6.0,6.0,,,,6.0,6.0,6.0,,,,,,6.0,50.0,1.0
5028.0,DCNN,695.0,2009-04-20,10.0,10.0,10.0,5.4,5.4,5.4,7.9,7.9,7.9,73.1,73.1,73.1,,,,2.0,2.0,400.0,400.0,,0.0,0.0,0.0,,6.0,6.0,6.0,,,,6.0,6.0,6.0,,,,,,6.0,360.0,0.0
5028.0,DCNN,695.0,2009-04-21,15.0,15.0,15.0,5.6,5.6,5.6,10.5,10.5,10.5,53.3,53.3,53.3,,,,0.0,0.0,400.0,400.0,,0.0,0.0,0.0,,6.0,6.0,6.0,,,,6.0,6.0,6.0,,,,,,6.0,0.0,0.0
5028.0,DCNN,695.0,2009-04-22,12.8,12.8,12.8,3.4,3.4,3.4,8.6,8.6,8.6,52.9,52.9,52.9,,,,0.0,0.0,1000.0,1000.0,,0.0,0.0,0.0,,6.0,6.0,6.0,,,,6.0,6.0,6.0,,,,,,6.0,0.0,0.0
5028.0,DCNN,695.0,2009-04-23,12.7,12.7,12.7,6.9,6.9,6.9,9.9,9.9,9.9,67.8,67.8,67.8,,,,5.0,5.0,1000.0,1000.0,,0.0,0.0,0.0,,6.0,6.0,6.0,,,,6.0,6.0,6.0,,,,,,6.0,230.0,0.0
5028.0,DCNN,695.0,2009-04-24,14.5,14.5,14.5,4.4,4.4,4.4,9.8,9.8,9.8,50.6,50.6,50.6,,,,15.0,15.0,2000.0,2000.0,,0.0,0.0,0.0,,6.0,6.0,6.0,,,,6.0,6.0,6.0,,,,,,6.0,130.0,0.0
5028.0,DCNN,695.0,2009-04-25,10.4,10.4,10.4,7.3,7.3,7.3,8.9,8.9,8.9,80.9,80.9,80.9,,,,5.0,5.0,2000.0,2000.0,,0.0,0.0,0.0,,6.0,6.0,6.0,,,,6.0,6.0,6.0,,,,,,6.0,180.0,1.0
5028.0,DCNN,695.0,2009-04-26,14.0,14.0,14.0,4.3,4.3,4.3,9.5,9.5,9.5,51.8,51.8,51.8,,,,5.0,5.0,2000.0,2000.0,,0.0,0.0,0.0,,6.0,6.0,6.0,,,,6.0,6.0,6.0,,,,,,6.0,130.0,0.0
5028.0,DCNN,695.0,2009-04-27,9.1,9.1,9.1,8.1,8.1,8.1,8.6,8.6,8.6,93.3,93.3,93.3,,,,10.0,10.0,1000.0,1000.0,,0.0,0.0,0.0,,6.0,6.0,6.0,,,,6.0,6.0,6.0,,,,,,6.0,180.0,1.0
5028.0,DCNN,695.0,2009-04-28,9.5,9.5,9.5,5.3,5.3,5.3,7.6,7.6,7.6,75.1,75.1,75.1,,,,0.0,0.0,2000.0,2000.0,,0.0,0.0,0.0,,6.0,6.0,6.0,,,,6.0,6.0,6.0,,,,,,6.0,0.0,1.0
5028.0,DCNN,695.0,2009-04-29,12.1,12.1,12.1,3.3,3.3,3.3,8.2,8.2,8.2,55.0,55.0,55.0,,,,5.0,5.0,2000.0,2000.0,,0.0,0.0,0.0,,6.0,6.0,6.0,,,,6.0,6.0,6.0,,,,,,6.0,130.0,1.0
5028.0,DCNN,695.0,2009-04-30,12.2,12.2,12.2,9.0,9.0,9.0,10.6,10.6,10.6,80.9,80.9,80.9,,,,5.0,5.0,2000.0,2000.0,,0.0,0.0,0.0,,6.0,6.0,6.0,,,,6.0,6.0,6.0,,,,,,6.0,180.0,0.0
5028.0,DCNN,695.0,2009-05-01,16.6,16.6,16.6,7.7,7.7,7.7,12.1,12.1,12.1,55.7,55.7,55.7,,,,5.0,5.0,2000.0,2000.0,,0.0,0.0,0.0,,6.0,6.0,6.0,,,,6.0,6.0,6.0,,,,,,6.0,180.0,0.0
5028.0,DCNN,695.0,2009-05-02,13.7,13.7,13.7,7.2,7.2,7.2,10.5,10.5,10.5,64.7,64.7,64.7,,,,5.0,5.0,2000.0,2000.0,,0.0,0.0,0.0,,6.0,6.0,6.0,,,,6.0,6.0,6.0,,,,,,6.0,310.0,0.0
5028.0,DCNN,695.0,2009-05-03,12.1,12.1,12.1,3.9,3.9,3.9,8.4,8.4,8.4,57.2,57.2,57.2,,,,10.0,10.0,2000.0,2000.0,,0.0,0.0,0.0,,6.0,6.0,6.0,,,,6.0,6.0,6.0,,,,,,6.0,310.0,0.0
5028.0,DCNN,695.0,2009-05-04,11.0,11.0,11.0,2.1,2.1,2.1,7.2,7.2,7.2,54.2,54.2,54.2,,,,5.0,5.0,2000.0,2000.0,,0.0,0.0,0.0,,6.0,6.0,6.0,,,,6.0,6.0,6.0,,,,,,6.0,230.0,0.0
5028.0,DCNN,695.0,2009-05-05,13.0,13.0,13.0,8.6,8.6,8.6,10.8,10.8,10.8,74.8,74.8,74.8,,,,10.0,10.0,2000.0,2000.0,,0.0,0.0,0.0,,6.0,6.0,6.0,,,,6.0,6.0,6.0,,,,,,6.0,270.0,0.0
5028.0,DCNN,695.0,2009-05-06,13.4,13.4,13.4,7.8,7.8,7.8,10.6,10.6,10.6,68.6,68.6,68.6,,,,15.0,15.0,2000.0,2000.0,,0.0,0.0,0.0,,6.0,6.0,6.0,,,,6.0,6.0,6.0,,,,,,6.0,270.0,0.0
5028.0,DCNN,695.0,2009-05-07,11.7,11.7,11.7,7.8,7.8,7.8,9.8,9.8,9.8,77.1,77.1,77.1,,,,10.0,10.0,2000.0,2000.0,,0.0,0.0,0.0,,6.0,6.0,6.0,,,,6.0,6.0,6.0,,,,,,6.0,230.0,0.0
5028.0,DCNN,695.0,2009-05-08,8.4,8.4,8.4,6.2,6.2,6.2,7.4,7.4,7.4,86.1,86.1,86.1,,,,15.0,15.0,1000.0,1000.0,,0.0,0.0,0.0,,6.0,6.0,6.0,,,,6.0,6.0,6.0,,,,,,6.0,230.0,1.0
5028.0,DCNN,695.0,2009-05-09,10.5,10.5,10.5,4.0,4.0,4.0,7.6,7.6,7.6,63.9,63.9,63.9,,,,5.0,5.0,2000.0,2000.0,,0.0,0.0,0.0,,6.0,6.0,6.0,,,,6.0,6.0,6.0,,,,,,6.0,130.0,1.0
5028.0,DCNN,695.0,2009-05-10,14.4,14.4,14.4,4.8,4.8,4.8,9.9,9.9,9.9,52.4,52.4,52.4,,,,5.0,5.0,2000.0,2000.0,,0.0,0.0,0.0,,6.0,6.0,6.0,,,,6.0,6.0,6.0,,,,,,6.0,90.0,0.0
5028.0,DCNN,695.0,2009-05-11,12.2,12.2,12.2,4.5,4.5,4.5,8.7,8.7,8.7,59.4,59.4,59.4,,,,15.0,15.0,2000.0,2000.0,,0.0,0.0,0.0,,6.0,6.0,6.0,,,,6.0,6.0,6.0,,,,,,6.0,50.0,0.0
5028.0,DCNN,695.0,2009-05-12,11.7,11.7,11.7,5.5,5.5,5.5,8.8,8.8,8.8,65.5,65.5,65.5,,,,15.0,15.0,2000.0,2000.0,,0.0,0.0,0.0,,6.0,6.0,6.0,,,,6.0,6.0,6.0,,,,,,6.0,50.0,0.0
5028.0,DCNN,695.0,2009-05-13,11.2,11.2,11.2,9.6,9.6,9.6,10.4,10.4,10.4,90.0,90.0,90.0,,,,10.0,10.0,400.0,400.0,,0.0,0.0,0.0,,6.0,6.0,6.0,,,,6.0,6.0,6.0,,,,,,6.0,50.0,0.0
5028.0,DCNN,695.0,2009-05-14,14.5,14.5,14.5,10.3,10.3,10.3,12.3,12.3,12.3,76.0,76.0,76.0,,,,5.0,5.0,2000.0,2000.0,,0.0,0.0,0.0,,6.0,6.0,6.0,,,,6.0,6.0,6.0,,,,,,6.0,360.0,0.0
5028.0,DCNN,695.0,2009-05-15,13.1,13.1,13.1,10.0,10.0,10.0,11.5,11.5,11.5,81.5,81.5,81.5,,,,5.0,5.0,2000.0,2000.0,,0.0,0.0,0.0,,6.0,6.0,6.0,,,,6.0,6.0,6.0,,,,,,6.0,130.0,1.0
5028.0,DCNN,695.0,2009-05-16,13.2,13.2,13.2,6.6,6.6,6.6,10.0,10.0,10.0,64.0,64.0,64.0,,,,10.0,10.0,2000.0,2000.0,,0.0,0.0,0.0,,6.0,6.0,6.0,,,,6.0,6.0,6.0,,,,,,6.0,180.0,1.0
5028.0,DCNN,695.0,2009-05-17,9.9,9.9,9.9,6.7,6.7,6.7,8.4,8.4,8.4,80.6,80.6,80.6,,,,5.0,5.0,1000.0,1000.0,,0.0,0.0,0.0,,6.0,6.0,6.0,,,,6.0,6.0,6.0,,,,,,6.0,130.0,1.0
5028.0,DCNN,695.0,2009-05-18,12.4,12.4,12.4,6.3,6.3,6.3,9.5,9.5,9.5,66.4,66.4,66.4,,,,10.0,10.0,2000.0,2000.0,,0.0,0.0,0.0,,6.0,6.0,6.0,,,,6.0,6.0,6.0,,,,,,6.0,180.0,1.0
5028.0,DCNN,695.0,2009-05-19,11.1,11.1,11.1,8.7,8.7,8.7,9.9,9.9,9.9,85.0,85.0,85.0,,,,10.0,10.0,1000.0,1000.0,,0.0,0.0,0.0,,6.0,6.0,6.0,,,,6.0,6.0,6.0,,,,,,6.0,230.0,1.0
5028.0,DCNN,695.0,2009-05-20,13.9,13.9,13.9,7.2,7.2,7.2,10.6,10.6,10.6,63.9,63.9,63.9,,,,10.0,10.0,2000.0,2000.0,,0.0,0.0,0.0,,6.0,6.0,6.0,,,,6.0,6.0,6.0,,,,,,6.0,230.0,1.0
5028.0,DCNN,695.0,2009-05-21,12.6,12.6,12.6,7.7,7.7,7.7,10.2,10.2,10.2,72.2,72.2,72.2,,,,10.0,10.0,2000.0,2000.0,,0.0,0.0,0.0,,6.0,6.0,6.0,,,,6.0,6.0,6.0,,,,,,6.0,230.0,1.0
5028.0,DCNN,695.0,2009-05-22,13.1,13.1,13.1,6.7,6.7,6.7,10.0,10.0,10.0,65.0,65.0,65.0,,,,10.0,10.0,2000.0,2000.0,,0.0,0.0,0.0,,6.0,6.0,6.0,,,,6.0,6.0,6.0,,,,,,6.0,230.0,0.0
5028.0,DCNN,695.0,2009-05-23,17.1,17.1,17.1,7.9,7.9,7.9,12.4,12.4,12.4,54.5,54.5,54.5,,,,5.0,5.0,2000.0,2000.0,,0.0,0.0,0.0,,6.0,6.0,6.0,,,,6.0,6.0,6.0,,,,,,6.0,130.0,0.0
5028.0,DCNN,695.0,2009-05-24,17.3,17.3,17.3,7.7,7.7,7.7,12.4,12.4,12.4,53.1,53.1,53.1,,,,5.0,5.0,2000.0,2000.0,,0.0,0.0,0.0,,6.0,6.0,6.0,,,,6.0,6.0,6.0,,,,,,6.0,50.0,0.0
5028.0,DCNN,695.0,2009-05-25,14.4,14.4,14.4,8.9,8.9,8.9,11.6,11.6,11.6,69.6,69.6,69.6,,,,10.0,10.0,2000.0,2000.0,,0.0,0.0,0.0,,6.0,6.0,6.0,,,,6.0,6.0,6.0,,,,,,6.0,90.0,0.0
5028.0,DCNN,695.0,2009-05-26,10.0,10.0,10.0,8.6,8.6,8.6,9.3,9.3,9.3,90.9,90.9,90.9,,,,15.0,15.0,2000.0,2000.0,,0.0,0.0,0.0,,6.0,6.0,6.0,,,,6.0,6.0,6.0,,,,,,6.0,310.0,2.0
5028.0,DCNN,695.0,2009-05-27,9.7,9.7,9.7,7.6,7.6,7.6,8.7,8.7,8.7,86.8,86.8,86.8,,,,10.0,10.0,1000.0,1000.0,,0.0,0.0,0.0,,6.0,6.0,6.0,,,,6.0,6.0,6.0,,,,,,6.0,230.0,2.0
5028.0,DCNN,695.0,2009-05-28,17.4,17.4,17.4,12.6,12.6,12.6,14.7,14.7,14.7,73.3,73.3,73.3,,,,10.0,10.0,2000.0,2000.0,,0.0,0.0,0.0,,6.0,6.0,6.0,,,,6.0,6.0,6.0,,,,,,6.0,270.0,1.0
5028.0,DCNN,695.0,2009-05-29,20.8,20.8,20.8,14.3,14.3,14.3,17.0,17.0,17.0,66.5,66.5,66.5,,,,5.0,5.0,2000.0,2000.0,,0.0,0.0,0.0,,6.0,6.0,6.0,,,,6.0,6.0,6.0,,,,,,6.0,130.0,0.0
5028.0,DCNN,695.0,2009-05-30,18.6,18.6,18.6,8.9,8.9,8.9,13.5,13.5,13.5,53.2,53.2,53.2,,,,15.0,15.0,2000.0,2000.0,,0.0,0.0,0.0,,6.0,6.0,6.0,,,,6.0,6.0,6.0,,,,,,6.0,90.0,0.0
5028.0,DCNN,695.0,2009-05-31,18.5,18.5,18.5,11.2,11.2,11.2,14.5,14.5,14.5,62.5,62.5,62.5,,,,15.0,15.0,2000.0,2000.0,,0.0,0.0,0.0,,6.0,6.0,6.0,,,,6.0,6.0,6.0,,,,,,6.0,50.0,0.0
5028.0,DCNN,695.0,2009-06-01,20.1,20.1,20.1,11.9,11.9,11.9,15.5,15.5,15.5,59.2,59.2,59.2,,,,10.0,10.0,2000.0,2000.0,,0.0,0.0,0.0,,6.0,6.0,6.0,,,,6.0,6.0,6.0,,,,,,6.0,50.0,0.0
5028.0,DCNN,695.0,2009-06-02,19.1,19.1,19.1,6.6,6.6,6.6,12.8,12.8,12.8,44.1,44.1,44.1,,,,10.0,10.0,2000.0,2000.0,,0.0,0.0,0.0,,6.0,6.0,6.0,,,,6.0,6.0,6.0,,,,,,6.0,50.0,0.0
5028.0,DCNN,695.0,2009-06-03,15.7,15.7,15.7,7.8,7.8,7.8,11.7,11.7,11.7,59.1,59.1,59.1,,,,10.0,10.0,2000.0,2000.0,,0.0,0.0,0.0,,6.0,6.0,6.0,,,,6.0,6.0,6.0,,,,,,6.0,50.0,0.0
5028.0,DCNN,695.0,2009-06-04,13.0,13.0,13.0,4.8,4.8,4.8,9.2,9.2,9.2,57.4,57.4,57.4,,,,5.0,5.0,2000.0,2000.0,,0.0,0.0,0.0,,6.0,6.0,6.0,,,,6.0,6.0,6.0,,,,,,6.0,50.0,0.0
5028.0,DCNN,695.0,2009-06-05,11.1,11.1,11.1,6.7,6.7,6.7,9.0,9.0,9.0,74.1,74.1,74.1,,,,5.0,5.0,2000.0,2000.0,,0.0,0.0,0.0,,6.0,6.0,6.0,,,,6.0,6.0,6.0,,,,,,6.0,90.0,0.0
5028.0,DCNN,695.0,2009-06-06,10.0,10.0,10.0,9.0,9.0,9.0,9.5,9.5,9.5,93.5,93.5,93.5,,,,10.0,10.0,1000.0,1000.0,,0.0,0.0,0.0,,6.0,6.0,6.0,,,,6.0,6.0,6.0,,,,,,6.0,90.0,2.0
5028.0,DCNN,695.0,2009-06-07,10.6,10.6,10.6,9.6,9.6,9.6,10.1,10.1,10.1,93.6,93.6,93.6,,,,2.0,2.0,2000.0,2000.0,,0.0,0.0,0.0,,6.0,6.0,6.0,,,,6.0,6.0,6.0,,,,,,6.0,180.0,2.0
5028.0,DCNN,695.0,2009-06-08,11.9,11.9,11.9,8.3,8.3,8.3,10.1,10.1,10.1,78.4,78.4,78.4,,,,5.0,5.0,2000.0,2000.0,,0.0,0.0,0.0,,6.0,6.0,6.0,,,,6.0,6.0,6.0,,,,,,6.0,130.0,1.0
5028.0,DCNN,695.0,2009-06-09,11.9,11.9,11.9,10.8,10.8,10.8,11.3,11.3,11.3,92.6,92.6,92.6,,,,10.0,10.0,2000.0,2000.0,,0.0,0.0,0.0,,6.0,6.0,6.0,,,,6.0,6.0,6.0,,,,,,6.0,50.0,2.0
5028.0,DCNN,695.0,2009-06-10,13.7,13.7,13.7,10.3,10.3,10.3,11.9,11.9,11.9,79.7,79.7,79.7,,,,5.0,5.0,1000.0,1000.0,,0.0,0.0,0.0,,6.0,6.0,6.0,,,,6.0,6.0,6.0,,,,,,6.0,50.0,1.0
5028.0,DCNN,695.0,2009-06-11,14.3,14.3,14.3,7.7,7.7,7.7,11.0,11.0,11.0,64.4,64.4,64.4,,,,10.0,10.0,2000.0,2000.0,,0.0,0.0,0.0,,6.0,6.0,6.0,,,,6.0,6.0,6.0,,,,,,6.0,270.0,1.0
5028.0,DCNN,695.0,2009-06-12,14.9,14.9,14.9,5.2,5.2,5.2,10.3,10.3,10.3,52.2,52.2,52.2,,,,2.0,2.0,2000.0,2000.0,,0.0,0.0,0.0,,6.0,6.0,6.0,,,,6.0,6.0,6.0,,,,,,6.0,270.0,1.0
5028.0,DCNN,695.0,2009-06-13,16.3,16.3,16.3,12.5,12.5,12.5,14.2,14.2,14.2,78.3,78.3,78.3,,,,2.0,2.0,2000.0,2000.0,,0.0,0.0,0.0,,6.0,6.0,6.0,,,,6.0,6.0,6.0,,,,,,6.0,230.0,0.0
5028.0,DCNN,695.0,2009-06-14,18.8,18.8,18.8,11.8,11.8,11.8,14.9,14.9,14.9,63.7,63.7,63.7,,,,2.0,2.0,2000.0,2000.0,,0.0,0.0,0.0,,6.0,6.0,6.0,,,,6.0,6.0,6.0,,,,,,6.0,310.0,0.0
5028.0,DCNN,695.0,2009-06-15,17.9,17.9,17.9,10.9,10.9,10.9,14.1,14.1,14.1,63.6,63.6,63.6,,,,0.0,0.0,2000.0,2000.0,,0.0,0.0,0.0,,6.0,6.0,6.0,,,,6.0,6.0,6.0,,,,,,6.0,0.0,0.0
5028.0,DCNN,695.0,2009-06-16,18.0,18.0,18.0,9.5,9.5,9.5,13.5,13.5,13.5,57.5,57.5,57.5,,,,2.0,2.0,2000.0,2000.0,,0.0,0.0,0.0,,6.0,6.0,6.0,,,,6.0,6.0,6.0,,,,,,6.0,310.0,1.0
5028.0,DCNN,695.0,2009-06-17,19.1,19.1,19.1,10.9,10.9,10.9,14.6,14.6,14.6,58.9,58.9,58.9,,,,10.0,10.0,2000.0,2000.0,,0.0,0.0,0.0,,6.0,6.0,6.0,,,,6.0,6.0,6.0,,,,,,6.0,180.0,1.0
5028.0,DCNN,695.0,2009-06-18,16.9,16.9,16.9,5.3,5.3,5.3,11.3,11.3,11.3,46.3,46.3,46.3,,,,10.0,10.0,2000.0,2000.0,,0.0,0.0,0.0,,6.0,6.0,6.0,,,,6.0,6.0,6.0,,,,,,6.0,270.0,1.0
5028.0,DCNN,695.0,2009-06-19,15.6,15.6,15.6,5.9,5.9,5.9,10.9,10.9,10.9,52.3,52.3,52.3,,,,15.0,15.0,2000.0,2000.0,,0.0,0.0,0.0,,6.0,6.0,6.0,,,,6.0,6.0,6.0,,,,,,6.0,270.0,0.0
5028.0,DCNN,695.0,2009-06-20,15.0,15.0,15.0,8.5,8.5,8.5,11.7,11.7,11.7,65.1,65.1,65.1,,,,10.0,10.0,2000.0,2000.0,,0.0,0.0,0.0,,6.0,6.0,6.0,,,,6.0,6.0,6.0,,,,,,6.0,270.0,0.0
5028.0,DCNN,695.0,2009-06-21,14.7,14.7,14.7,9.5,9.5,9.5,12.0,12.0,12.0,71.0,71.0,71.0,,,,5.0,5.0,2000.0,2000.0,,0.0,0.0,0.0,,6.0,6.0,6.0,,,,6.0,6.0,6.0,,,,,,6.0,310.0,0.0
5028.0,DCNN,695.0,2009-06-22,17.5,17.5,17.5,11.1,11.1,11.1,14.0,14.0,14.0,66.0,66.0,66.0,,,,5.0,5.0,2000.0,2000.0,,0.0,0.0,0.0,,6.0,6.0,6.0,,,,6.0,6.0,6.0,,,,,,6.0,310.0,0.0
5028.0,DCNN,695.0,2009-06-23,18.7,18.7,18.7,7.6,7.6,7.6,13.0,13.0,13.0,48.4,48.4,48.4,,,,2.0,2.0,2000.0,2000.0,,0.0,0.0,0.0,,6.0,6.0,6.0,,,,6.0,6.0,6.0,,,,,,6.0,130.0,0.0
5028.0,DCNN,695.0,2009-06-24,17.9,17.9,17.9,11.3,11.3,11.3,14.3,14.3,14.3,65.4,65.4,65.4,,,,10.0,10.0,2000.0,2000.0,,0.0,0.0,0.0,,6.0,6.0,6.0,,,,6.0,6.0,6.0,,,,,,6.0,50.0,0.0
5028.0,DCNN,695.0,2009-06-25,18.5,18.5,18.5,13.6,13.6,13.6,15.7,15.7,15.7,73.2,73.2,73.2,,,,10.0,10.0,2000.0,2000.0,,0.0,0.0,0.0,,6.0,6.0,6.0,,,,6.0,6.0,6.0,,,,,,6.0,50.0,0.0
5028.0,DCNN,695.0,2009-06-26,18.0,18.0,18.0,15.1,15.1,15.1,16.3,16.3,16.3,83.2,83.2,83.2,,,,5.0,5.0,400.0,400.0,,0.0,0.0,0.0,,6.0,6.0,6.0,,,,6.0,6.0,6.0,,,,,,6.0,50.0,0.0
5028.0,DCNN,695.0,2009-06-27,20.1,20.1,20.1,14.3,14.3,14.3,16.7,16.7,16.7,69.3,69.3,69.3,,,,2.0,2.0,1000.0,1000.0,,0.0,0.0,0.0,,6.0,6.0,6.0,,,,6.0,6.0,6.0,,,,,,6.0,230.0,0.0
5028.0,DCNN,695.0,2009-06-28,20.0,20.0,20.0,16.4,16.4,16.4,17.8,17.8,17.8,79.6,79.6,79.6,,,,2.0,2.0,400.0,400.0,,0.0,0.0,0.0,,1.0,1.0,1.0,,,,1.0,1.0,1.0,,,,,,1.0,90.0,1.0
5028.0,DCNN,695.0,2009-06-29,24.1,24.1,24.1,13.4,13.4,13.4,17.8,17.8,17.8,51.1,51.1,51.1,,,,2.0,2.0,2000.0,2000.0,,0.0,0.0,0.0,,6.0,6.0,6.0,,,,6.0,6.0,6.0,,,,,,6.0,130.0,1.0
5028.0,DCNN,695.0,2009-06-30,22.5,22.5,22.5,14.6,14.6,14.6,17.8,17.8,17.8,61.0,61.0,61.0,,,,2.0,2.0,1000.0,1000.0,,0.0,0.0,0.0,,6.0,6.0,6.0,,,,6.0,6.0,6.0,,,,,,6.0,130.0,0.0
5028.0,DCNN,695.0,2009-07-01,18.7,18.7,18.7,13.7,13.7,13.7,15.8,15.8,15.8,72.5,72.5,72.5,,,,2.0,2.0,1000.0,1000.0,,0.0,0.0,0.0,,6.0,6.0,6.0,,,,6.0,6.0,6.0,,,,,,6.0,50.0,0.0
5028.0,DCNN,695.0,2009-07-02,22.3,22.3,22.3,16.1,16.1,16.1,18.5,18.5,18.5,67.8,67.8,67.8,,,,10.0,10.0,1000.0,1000.0,,0.0,0.0,0.0,,6.0,6.0,6.0,,,,6.0,6.0,6.0,,,,,,6.0,90.0,0.0
5028.0,DCNN,695.0,2009-07-03,18.5,18.5,18.5,17.0,17.0,17.0,17.6,17.6,17.6,91.1,91.1,91.1,,,,5.0,5.0,400.0,400.0,,0.0,0.0,0.0,,6.0,6.0,6.0,,,,6.0,6.0,6.0,,,,,,6.0,230.0,0.0
5028.0,DCNN,695.0,2009-07-04,21.2,21.2,21.2,11.6,11.6,11.6,15.8,15.8,15.8,54.2,54.2,54.2,,,,2.0,2.0,2000.0,2000.0,,0.0,0.0,0.0,,6.0,6.0,6.0,,,,6.0,6.0,6.0,,,,,,6.0,180.0,0.0
5028.0,DCNN,695.0,2009-07-05,18.2,18.2,18.2,12.9,12.9,12.9,15.2,15.2,15.2,71.2,71.2,71.2,,,,5.0,5.0,2000.0,2000.0,,0.0,0.0,0.0,,6.0,6.0,6.0,,,,6.0,6.0,6.0,,,,,,6.0,230.0,0.0
5028.0,DCNN,695.0,2009-07-06,16.6,16.6,16.6,12.3,12.3,12.3,14.2,14.2,14.2,75.6,75.6,75.6,,,,10.0,10.0,2000.0,2000.0,,0.0,0.0,0.0,,6.0,6.0,6.0,,,,6.0,6.0,6.0,,,,,,6.0,230.0,0.0
5028.0,DCNN,695.0,2009-07-07,17.5,17.5,17.5,11.5,11.5,11.5,14.2,14.2,14.2,67.8,67.8,67.8,,,,10.0,10.0,2000.0,2000.0,,0.0,0.0,0.0,,6.0,6.0,6.0,,,,6.0,6.0,6.0,,,,,,6.0,270.0,1.0
5028.0,DCNN,695.0,2009-07-08,13.9,13.9,13.9,11.9,11.9,11.9,12.8,12.8,12.8,87.5,87.5,87.5,,,,5.0,5.0,2000.0,2000.0,,0.0,0.0,0.0,,6.0,6.0,6.0,,,,6.0,6.0,6.0,,,,,,6.0,310.0,1.0
5028.0,DCNN,695.0,2009-07-09,15.7,15.7,15.7,7.0,7.0,7.0,11.4,11.4,11.4,56.3,56.3,56.3,,,,10.0,10.0,2000.0,2000.0,,0.0,0.0,0.0,,6.0,6.0,6.0,,,,6.0,6.0,6.0,,,,,,6.0,310.0,1.0
5028.0,DCNN,695.0,2009-07-10,16.3,16.3,16.3,7.3,7.3,7.3,11.8,11.8,11.8,55.3,55.3,55.3,,,,10.0,10.0,2000.0,2000.0,,0.0,0.0,0.0,,6.0,6.0,6.0,,,,6.0,6.0,6.0,,,,,,6.0,310.0,1.0
5028.0,DCNN,695.0,2009-07-11,16.2,16.2,16.2,13.7,13.7,13.7,14.8,14.8,14.8,85.3,85.3,85.3,,,,2.0,2.0,2000.0,2000.0,,0.0,0.0,0.0,,6.0,6.0,6.0,,,,6.0,6.0,6.0,,,,,,6.0,230.0,0.0
5028.0,DCNN,695.0,2009-07-12,17.3,17.3,17.3,12.9,12.9,12.9,14.8,14.8,14.8,75.1,75.1,75.1,,,,10.0,10.0,2000.0,2000.0,,0.0,0.0,0.0,,6.0,6.0,6.0,,,,6.0,6.0,6.0,,,,,,6.0,230.0,2.0
5028.0,DCNN,695.0,2009-07-13,17.2,17.2,17.2,11.8,11.8,11.8,14.2,14.2,14.2,70.3,70.3,70.3,,,,5.0,5.0,2000.0,2000.0,,0.0,0.0,0.0,,6.0,6.0,6.0,,,,6.0,6.0,6.0,,,,,,6.0,230.0,1.0
5028.0,DCNN,695.0,2009-07-14,17.2,17.2,17.2,12.5,12.5,12.5,14.6,14.6,14.6,74.1,74.1,74.1,,,,5.0,5.0,2000.0,2000.0,,0.0,0.0,0.0,,6.0,6.0,6.0,,,,6.0,6.0,6.0,,,,,,6.0,180.0,1.0
5028.0,DCNN,695.0,2009-07-15,16.6,16.6,16.6,12.1,12.1,12.1,14.1,14.1,14.1,74.6,74.6,74.6,,,,10.0,10.0,2000.0,2000.0,,0.0,0.0,0.0,,6.0,6.0,6.0,,,,6.0,6.0,6.0,,,,,,6.0,180.0,1.0
5028.0,DCNN,695.0,2009-07-16,17.9,17.9,17.9,12.6,12.6,12.6,14.9,14.9,14.9,70.9,70.9,70.9,,,,5.0,5.0,2000.0,2000.0,,0.0,0.0,0.0,,6.0,6.0,6.0,,,,6.0,6.0,6.0,,,,,,6.0,230.0,1.0
5028.0,DCNN,695.0,2009-07-17,14.2,14.2,14.2,12.2,12.2,12.2,13.1,13.1,13.1,87.7,87.7,87.7,,,,5.0,5.0,2000.0,2000.0,,0.0,0.0,0.0,,6.0,6.0,6.0,,,,6.0,6.0,6.0,,,,,,6.0,230.0,1.0
5028.0,DCNN,695.0,2009-07-18,16.7,16.7,16.7,9.9,9.9,9.9,13.1,13.1,13.1,64.1,64.1,64.1,,,,15.0,15.0,2000.0,2000.0,,0.0,0.0,0.0,,6.0,6.0,6.0,,,,6.0,6.0,6.0,,,,,,6.0,270.0,2.0
5028.0,DCNN,695.0,2009-07-19,16.2,16.2,16.2,10.4,10.4,10.4,13.1,13.1,13.1,68.4,68.4,68.4,,,,5.0,5.0,2000.0,2000.0,,0.0,0.0,0.0,,6.0,6.0,6.0,,,,6.0,6.0,6.0,,,,,,6.0,230.0,2.0
5028.0,DCNN,695.0,2009-07-20,16.7,16.7,16.7,11.0,11.0,11.0,13.6,13.6,13.6,68.9,68.9,68.9,,,,10.0,10.0,2000.0,2000.0,,0.0,0.0,0.0,,6.0,6.0,6.0,,,,6.0,6.0,6.0,,,,,,6.0,230.0,1.0
5028.0,DCNN,695.0,2009-07-21,16.3,16.3,16.3,15.5,15.5,15.5,15.8,15.8,15.8,94.7,94.7,94.7,,,,10.0,10.0,1000.0,1000.0,,0.0,0.0,0.0,,6.0,6.0,6.0,,,,6.0,6.0,6.0,,,,,,6.0,130.0,2.0
5028.0,DCNN,695.0,2009-07-22,18.3,18.3,18.3,12.0,12.0,12.0,14.8,14.8,14.8,66.7,66.7,66.7,,,,10.0,10.0,2000.0,2000.0,,0.0,0.0,0.0,,6.0,6.0,6.0,,,,6.0,6.0,6.0,,,,,,6.0,230.0,1.0
5028.0,DCNN,695.0,2009-07-23,16.7,16.7,16.7,11.8,11.8,11.8,14.0,14.0,14.0,72.7,72.7,72.7,,,,5.0,5.0,2000.0,2000.0,,0.0,0.0,0.0,,6.0,6.0,6.0,,,,6.0,6.0,6.0,,,,,,6.0,230.0,1.0
5028.0,DCNN,695.0,2009-07-24,16.6,16.6,16.6,11.9,11.9,11.9,14.0,14.0,14.0,73.6,73.6,73.6,,,,5.0,5.0,2000.0,2000.0,,0.0,0.0,0.0,,6.0,6.0,6.0,,,,6.0,6.0,6.0,,,,,,6.0,230.0,2.0
5028.0,DCNN,695.0,2009-07-25,17.2,17.2,17.2,12.4,12.4,12.4,14.5,14.5,14.5,73.2,73.2,73.2,,,,5.0,5.0,2000.0,2000.0,,0.0,0.0,0.0,,6.0,6.0,6.0,,,,6.0,6.0,6.0,,,,,,6.0,270.0,2.0
5028.0,DCNN,695.0,2009-07-26,17.1,17.1,17.1,12.8,12.8,12.8,14.7,14.7,14.7,75.9,75.9,75.9,,,,5.0,5.0,2000.0,2000.0,,0.0,0.0,0.0,,6.0,6.0,6.0,,,,6.0,6.0,6.0,,,,,,6.0,180.0,1.0
5028.0,DCNN,695.0,2009-07-27,12.6,12.6,12.6,11.7,11.7,11.7,12.1,12.1,12.1,94.0,94.0,94.0,,,,10.0,10.0,2000.0,2000.0,,0.0,0.0,0.0,,6.0,6.0,6.0,,,,6.0,6.0,6.0,,,,,,6.0,230.0,2.0
5028.0,DCNN,695.0,2009-07-28,17.3,17.3,17.3,11.1,11.1,11.1,13.9,13.9,13.9,66.7,66.7,66.7,,,,10.0,10.0,2000.0,2000.0,,0.0,0.0,0.0,,6.0,6.0,6.0,,,,6.0,6.0,6.0,,,,,,6.0,230.0,1.0
5028.0,DCNN,695.0,2009-07-29,16.1,16.1,16.1,13.1,13.1,13.1,14.4,14.4,14.4,82.2,82.2,82.2,,,,10.0,10.0,2000.0,2000.0,,0.0,0.0,0.0,,6.0,6.0,6.0,,,,6.0,6.0,6.0,,,,,,6.0,180.0,1.0
5028.0,DCNN,695.0,2009-07-30,16.3,16.3,16.3,10.3,10.3,10.3,13.1,13.1,13.1,67.5,67.5,67.5,,,,15.0,15.0,2000.0,2000.0,,0.0,0.0,0.0,,6.0,6.0,6.0,,,,6.0,6.0,6.0,,,,,,6.0,270.0,2.0
5028.0,DCNN,695.0,2009-07-31,16.2,16.2,16.2,8.4,8.4,8.4,12.2,12.2,12.2,59.8,59.8,59.8,,,,10.0,10.0,2000.0,2000.0,,0.0,0.0,0.0,,6.0,6.0,6.0,,,,6.0,6.0,6.0,,,,,,6.0,180.0,1.0
5028.0,DCNN,695.0,2009-08-01,18.2,18.2,18.2,11.3,11.3,11.3,14.4,14.4,14.4,63.9,63.9,63.9,,,,5.0,5.0,2000.0,2000.0,,0.0,0.0,0.0,,6.0,6.0,6.0,,,,6.0,6.0,6.0,,,,,,6.0,180.0,1.0
5028.0,DCNN,695.0,2009-08-02,16.6,16.6,16.6,11.7,11.7,11.7,13.9,13.9,13.9,72.6,72.6,72.6,,,,5.0,5.0,2000.0,2000.0,,0.0,0.0,0.0,,6.0,6.0,6.0,,,,6.0,6.0,6.0,,,,,,6.0,230.0,1.0
5028.0,DCNN,695.0,2009-08-03,17.7,17.7,17.7,11.1,11.1,11.1,14.1,14.1,14.1,65.2,65.2,65.2,,,,5.0,5.0,2000.0,2000.0,,0.0,0.0,0.0,,6.0,6.0,6.0,,,,6.0,6.0,6.0,,,,,,6.0,180.0,1.0
5028.0,DCNN,695.0,2009-08-04,17.8,17.8,17.8,16.1,16.1,16.1,16.8,16.8,16.8,89.9,89.9,89.9,,,,10.0,10.0,1000.0,1000.0,,0.0,0.0,0.0,,6.0,6.0,6.0,,,,6.0,6.0,6.0,,,,,,6.0,180.0,1.0
5028.0,DCNN,695.0,2009-08-05,22.3,22.3,22.3,15.9,15.9,15.9,18.4,18.4,18.4,67.0,67.0,67.0,,,,5.0,5.0,2000.0,2000.0,,0.0,0.0,0.0,,6.0,6.0,6.0,,,,6.0,6.0,6.0,,,,,,6.0,230.0,1.0
5028.0,DCNN,695.0,2009-08-06,19.2,19.2,19.2,16.7,16.7,16.7,17.7,17.7,17.7,85.6,85.6,85.6,,,,0.0,0.0,2000.0,2000.0,,0.0,0.0,0.0,,6.0,6.0,6.0,,,,6.0,6.0,6.0,,,,,,6.0,0.0,1.0
5028.0,DCNN,695.0,2009-08-07,15.9,15.9,15.9,15.7,15.7,15.7,15.8,15.8,15.8,98.9,98.9,98.9,,,,2.0,2.0,400.0,400.0,,0.0,0.0,0.0,,6.0,6.0,6.0,,,,6.0,6.0,6.0,,,,,,6.0,310.0,2.0
5028.0,DCNN,695.0,2009-08-08,19.4,19.4,19.4,14.5,14.5,14.5,16.5,16.5,16.5,73.1,73.1,73.1,,,,0.0,0.0,2000.0,2000.0,,0.0,0.0,0.0,,6.0,6.0,6.0,,,,6.0,6.0,6.0,,,,,,6.0,0.0,2.0
5028.0,DCNN,695.0,2009-08-09,19.9,19.9,19.9,10.1,10.1,10.1,14.6,14.6,14.6,53.3,53.3,53.3,,,,0.0,0.0,2000.0,2000.0,,0.0,0.0,0.0,,6.0,6.0,6.0,,,,6.0,6.0,6.0,,,,,,6.0,0.0,1.0
5028.0,DCNN,695.0,2009-08-10,19.7,19.7,19.7,12.7,12.7,12.7,15.7,15.7,15.7,63.8,63.8,63.8,,,,5.0,5.0,2000.0,2000.0,,0.0,0.0,0.0,,6.0,6.0,6.0,,,,6.0,6.0,6.0,,,,,,6.0,270.0,1.0
5028.0,DCNN,695.0,2009-08-11,17.0,17.0,17.0,13.7,13.7,13.7,15.1,15.1,15.1,80.8,80.8,80.8,,,,5.0,5.0,2000.0,2000.0,,0.0,0.0,0.0,,6.0,6.0,6.0,,,,6.0,6.0,6.0,,,,,,6.0,310.0,1.0
5028.0,DCNN,695.0,2009-08-12,17.7,17.7,17.7,15.9,15.9,15.9,16.6,16.6,16.6,88.9,88.9,88.9,,,,5.0,5.0,2000.0,2000.0,,0.0,0.0,0.0,,6.0,6.0,6.0,,,,6.0,6.0,6.0,,,,,,6.0,230.0,1.0
5028.0,DCNN,695.0,2009-08-13,17.5,17.5,17.5,14.0,14.0,14.0,15.5,15.5,15.5,80.1,80.1,80.1,,,,5.0,5.0,2000.0,2000.0,,0.0,0.0,0.0,,6.0,6.0,6.0,,,,6.0,6.0,6.0,,,,,,6.0,310.0,1.0
5028.0,DCNN,695.0,2009-08-14,17.7,17.7,17.7,14.2,14.2,14.2,15.7,15.7,15.7,80.2,80.2,80.2,,,,2.0,2.0,2000.0,2000.0,,0.0,0.0,0.0,,6.0,6.0,6.0,,,,6.0,6.0,6.0,,,,,,6.0,230.0,1.0
5028.0,DCNN,695.0,2009-08-15,17.1,17.1,17.1,14.0,14.0,14.0,15.3,15.3,15.3,81.8,81.8,81.8,,,,5.0,5.0,2000.0,2000.0,,0.0,0.0,0.0,,6.0,6.0,6.0,,,,6.0,6.0,6.0,,,,,,6.0,230.0,1.0
5028.0,DCNN,695.0,2009-08-16,17.5,17.5,17.5,13.7,13.7,13.7,15.3,15.3,15.3,78.2,78.2,78.2,,,,5.0,5.0,2000.0,2000.0,,0.0,0.0,0.0,,6.0,6.0,6.0,,,,6.0,6.0,6.0,,,,,,6.0,230.0,0.0
5028.0,DCNN,695.0,2009-08-17,18.0,18.0,18.0,12.7,12.7,12.7,15.0,15.0,15.0,71.0,71.0,71.0,,,,5.0,5.0,2000.0,2000.0,,0.0,0.0,0.0,,6.0,6.0,6.0,,,,6.0,6.0,6.0,,,,,,6.0,230.0,0.0
5028.0,DCNN,695.0,2009-08-18,19.4,19.4,19.4,13.1,13.1,13.1,15.8,15.8,15.8,66.9,66.9,66.9,,,,5.0,5.0,2000.0,2000.0,,0.0,0.0,0.0,,6.0,6.0,6.0,,,,6.0,6.0,6.0,,,,,,6.0,230.0,0.0
5028.0,DCNN,695.0,2009-08-19,20.0,20.0,20.0,13.6,13.6,13.6,16.3,16.3,16.3,66.6,66.6,66.6,,,,5.0,5.0,2000.0,2000.0,,0.0,0.0,0.0,,6.0,6.0,6.0,,,,6.0,6.0,6.0,,,,,,6.0,180.0,0.0
5028.0,DCNN,695.0,2009-08-20,20.5,20.5,20.5,15.3,15.3,15.3,17.4,17.4,17.4,72.1,72.1,72.1,,,,10.0,10.0,2000.0,2000.0,,0.0,0.0,0.0,,6.0,6.0,6.0,,,,6.0,6.0,6.0,,,,,,6.0,230.0,0.0
5028.0,DCNN,695.0,2009-08-21,16.3,16.3,16.3,10.1,10.1,10.1,13.0,13.0,13.0,66.6,66.6,66.6,,,,10.0,10.0,2000.0,2000.0,,0.0,0.0,0.0,,6.0,6.0,6.0,,,,6.0,6.0,6.0,,,,,,6.0,230.0,0.0
5028.0,DCNN,695.0,2009-08-22,17.5,17.5,17.5,11.5,11.5,11.5,14.2,14.2,14.2,67.8,67.8,67.8,,,,2.0,2.0,2000.0,2000.0,,0.0,0.0,0.0,,6.0,6.0,6.0,,,,6.0,6.0,6.0,,,,,,6.0,230.0,0.0
5028.0,DCNN,695.0,2009-08-23,21.2,21.2,21.2,11.8,11.8,11.8,15.9,15.9,15.9,55.0,55.0,55.0,,,,5.0,5.0,2000.0,2000.0,,0.0,0.0,0.0,,6.0,6.0,6.0,,,,6.0,6.0,6.0,,,,,,6.0,180.0,0.0
5028.0,DCNN,695.0,2009-08-24,20.1,20.1,20.1,12.9,12.9,12.9,16.0,16.0,16.0,63.4,63.4,63.4,,,,5.0,5.0,2000.0,2000.0,,0.0,0.0,0.0,,6.0,6.0,6.0,,,,6.0,6.0,6.0,,,,,,6.0,180.0,0.0
5028.0,DCNN,695.0,2009-08-25,15.6,15.6,15.6,10.3,10.3,10.3,12.8,12.8,12.8,70.8,70.8,70.8,,,,5.0,5.0,2000.0,2000.0,,0.0,0.0,0.0,,6.0,6.0,6.0,,,,6.0,6.0,6.0,,,,,,6.0,230.0,0.0
5028.0,DCNN,695.0,2009-08-26,16.9,16.9,16.9,13.2,13.2,13.2,14.8,14.8,14.8,78.7,78.7,78.7,,,,10.0,10.0,2000.0,2000.0,,0.0,0.0,0.0,,6.0,6.0,6.0,,,,6.0,6.0,6.0,,,,,,6.0,130.0,1.0
5028.0,DCNN,695.0,2009-08-27,17.2,17.2,17.2,13.7,13.7,13.7,15.2,15.2,15.2,79.9,79.9,79.9,,,,5.0,5.0,2000.0,2000.0,,0.0,0.0,0.0,,6.0,6.0,6.0,,,,6.0,6.0,6.0,,,,,,6.0,230.0,1.0
5028.0,DCNN,695.0,2009-08-28,15.0,15.0,15.0,7.4,7.4,7.4,11.2,11.2,11.2,60.2,60.2,60.2,,,,15.0,15.0,2000.0,2000.0,,0.0,0.0,0.0,,6.0,6.0,6.0,,,,6.0,6.0,6.0,,,,,,6.0,270.0,0.0
5028.0,DCNN,695.0,2009-08-29,14.8,14.8,14.8,8.7,8.7,8.7,11.7,11.7,11.7,66.9,66.9,66.9,,,,10.0,10.0,2000.0,2000.0,,0.0,0.0,0.0,,6.0,6.0,6.0,,,,6.0,6.0,6.0,,,,,,6.0,270.0,1.0
5028.0,DCNN,695.0,2009-08-30,16.0,16.0,16.0,9.9,9.9,9.9,12.8,12.8,12.8,67.2,67.2,67.2,,,,5.0,5.0,2000.0,2000.0,,0.0,0.0,0.0,,6.0,6.0,6.0,,,,6.0,6.0,6.0,,,,,,6.0,230.0,0.0
5028.0,DCNN,695.0,2009-08-31,17.0,17.0,17.0,16.5,16.5,16.5,16.7,16.7,16.7,96.9,96.9,96.9,,,,5.0,5.0,400.0,400.0,,0.0,0.0,0.0,,6.0,6.0,6.0,,,,6.0,6.0,6.0,,,,,,6.0,180.0,0.0
5028.0,DCNN,695.0,2009-09-01,17.3,17.3,17.3,11.3,11.3,11.3,14.0,14.0,14.0,67.6,67.6,67.6,,,,5.0,5.0,2000.0,2000.0,,0.0,0.0,0.0,,6.0,6.0,6.0,,,,6.0,6.0,6.0,,,,,,6.0,230.0,0.0
5028.0,DCNN,695.0,2009-09-02,14.1,14.1,14.1,12.3,12.3,12.3,13.1,13.1,13.1,88.8,88.8,88.8,,,,5.0,5.0,1000.0,1000.0,,0.0,0.0,0.0,,6.0,6.0,6.0,,,,6.0,6.0,6.0,,,,,,6.0,180.0,1.0
5028.0,DCNN,695.0,2009-09-03,14.0,14.0,14.0,7.8,7.8,7.8,10.9,10.9,10.9,66.0,66.0,66.0,,,,15.0,15.0,2000.0,2000.0,,0.0,0.0,0.0,,6.0,6.0,6.0,,,,6.0,6.0,6.0,,,,,,6.0,230.0,2.0
5028.0,DCNN,695.0,2009-09-04,13.7,13.7,13.7,6.9,6.9,6.9,10.4,10.4,10.4,63.6,63.6,63.6,,,,15.0,15.0,2000.0,2000.0,,0.0,0.0,0.0,,6.0,6.0,6.0,,,,6.0,6.0,6.0,,,,,,6.0,270.0,1.0
5028.0,DCNN,695.0,2009-09-05,14.8,14.8,14.8,9.4,9.4,9.4,12.0,12.0,12.0,70.0,70.0,70.0,,,,10.0,10.0,2000.0,2000.0,,0.0,0.0,0.0,,6.0,6.0,6.0,,,,6.0,6.0,6.0,,,,,,6.0,310.0,1.0
5028.0,DCNN,695.0,2009-09-06,14.7,14.7,14.7,7.0,7.0,7.0,10.9,10.9,10.9,59.8,59.8,59.8,,,,5.0,5.0,2000.0,2000.0,,0.0,0.0,0.0,,6.0,6.0,6.0,,,,6.0,6.0,6.0,,,,,,6.0,230.0,1.0
5028.0,DCNN,695.0,2009-09-07,16.6,16.6,16.6,13.4,13.4,13.4,14.8,14.8,14.8,81.5,81.5,81.5,,,,2.0,2.0,2000.0,2000.0,,0.0,0.0,0.0,,6.0,6.0,6.0,,,,6.0,6.0,6.0,,,,,,6.0,230.0,0.0
5028.0,DCNN,695.0,2009-09-08,19.3,19.3,19.3,16.7,16.7,16.7,17.7,17.7,17.7,84.8,84.8,84.8,,,,5.0,5.0,2000.0,2000.0,,0.0,0.0,0.0,,6.0,6.0,6.0,,,,6.0,6.0,6.0,,,,,,6.0,180.0,0.0
5028.0,DCNN,695.0,2009-09-09,17.1,17.1,17.1,10.0,10.0,10.0,13.3,13.3,13.3,62.7,62.7,62.7,,,,5.0,5.0,2000.0,2000.0,,0.0,0.0,0.0,,6.0,6.0,6.0,,,,6.0,6.0,6.0,,,,,,6.0,360.0,0.0
5028.0,DCNN,695.0,2009-09-10,14.5,14.5,14.5,9.3,9.3,9.3,11.8,11.8,11.8,70.8,70.8,70.8,,,,5.0,5.0,2000.0,2000.0,,0.0,0.0,0.0,,6.0,6.0,6.0,,,,6.0,6.0,6.0,,,,,,6.0,360.0,0.0
5028.0,DCNN,695.0,2009-09-11,15.0,15.0,15.0,11.7,11.7,11.7,13.2,13.2,13.2,80.5,80.5,80.5,,,,10.0,10.0,2000.0,2000.0,,0.0,0.0,0.0,,6.0,6.0,6.0,,,,6.0,6.0,6.0,,,,,,6.0,50.0,0.0
5028.0,DCNN,695.0,2009-09-12,16.2,16.2,16.2,11.2,11.2,11.2,13.5,13.5,13.5,72.3,72.3,72.3,,,,10.0,10.0,2000.0,2000.0,,0.0,0.0,0.0,,6.0,6.0,6.0,,,,6.0,6.0,6.0,,,,,,6.0,50.0,0.0
5028.0,DCNN,695.0,2009-09-13,13.7,13.7,13.7,11.5,11.5,11.5,12.5,12.5,12.5,86.4,86.4,86.4,,,,5.0,5.0,2000.0,2000.0,,0.0,0.0,0.0,,6.0,6.0,6.0,,,,6.0,6.0,6.0,,,,,,6.0,50.0,0.0
5028.0,DCNN,695.0,2009-09-14,14.8,14.8,14.8,10.2,10.2,10.2,12.4,12.4,12.4,74.1,74.1,74.1,,,,15.0,15.0,2000.0,2000.0,,0.0,0.0,0.0,,6.0,6.0,6.0,,,,6.0,6.0,6.0,,,,,,6.0,50.0,0.0
5028.0,DCNN,695.0,2009-09-15,14.6,14.6,14.6,11.8,11.8,11.8,13.1,13.1,13.1,83.5,83.5,83.5,,,,15.0,15.0,2000.0,2000.0,,0.0,0.0,0.0,,6.0,6.0,6.0,,,,6.0,6.0,6.0,,,,,,6.0,50.0,0.0
5028.0,DCNN,695.0,2009-09-16,14.7,14.7,14.7,11.4,11.4,11.4,12.9,12.9,12.9,80.3,80.3,80.3,,,,15.0,15.0,2000.0,2000.0,,0.0,0.0,0.0,,6.0,6.0,6.0,,,,6.0,6.0,6.0,,,,,,6.0,50.0,2.0
5028.0,DCNN,695.0,2009-09-17,13.8,13.8,13.8,7.5,7.5,7.5,10.7,10.7,10.7,65.8,65.8,65.8,,,,10.0,10.0,2000.0,2000.0,,0.0,0.0,0.0,,6.0,6.0,6.0,,,,6.0,6.0,6.0,,,,,,6.0,50.0,1.0
5028.0,DCNN,695.0,2009-09-18,15.1,15.1,15.1,10.2,10.2,10.2,12.5,12.5,12.5,72.3,72.3,72.3,,,,10.0,10.0,2000.0,2000.0,,0.0,0.0,0.0,,6.0,6.0,6.0,,,,6.0,6.0,6.0,,,,,,6.0,90.0,1.0
5028.0,DCNN,695.0,2009-09-19,15.6,15.6,15.6,13.3,13.3,13.3,14.3,14.3,14.3,86.1,86.1,86.1,,,,5.0,5.0,2000.0,2000.0,,0.0,0.0,0.0,,6.0,6.0,6.0,,,,6.0,6.0,6.0,,,,,,6.0,90.0,1.0
5028.0,DCNN,695.0,2009-09-20,14.4,14.4,14.4,11.0,11.0,11.0,12.6,12.6,12.6,80.1,80.1,80.1,,,,5.0,5.0,2000.0,2000.0,,0.0,0.0,0.0,,6.0,6.0,6.0,,,,6.0,6.0,6.0,,,,,,6.0,360.0,0.0
5028.0,DCNN,695.0,2009-09-21,13.9,13.9,13.9,9.6,9.6,9.6,11.7,11.7,11.7,75.5,75.5,75.5,,,,5.0,5.0,2000.0,2000.0,,0.0,0.0,0.0,,6.0,6.0,6.0,,,,6.0,6.0,6.0,,,,,,6.0,230.0,0.0
5028.0,DCNN,695.0,2009-09-22,15.0,15.0,15.0,10.3,10.3,10.3,12.5,12.5,12.5,73.3,73.3,73.3,,,,10.0,10.0,2000.0,2000.0,,0.0,0.0,0.0,,6.0,6.0,6.0,,,,6.0,6.0,6.0,,,,,,6.0,230.0,0.0
5028.0,DCNN,695.0,2009-09-23,16.4,16.4,16.4,11.9,11.9,11.9,13.9,13.9,13.9,74.4,74.4,74.4,,,,5.0,5.0,2000.0,2000.0,,0.0,0.0,0.0,,6.0,6.0,6.0,,,,6.0,6.0,6.0,,,,,,6.0,270.0,0.0
5028.0,DCNN,695.0,2009-09-24,15.6,15.6,15.6,9.5,9.5,9.5,12.4,12.4,12.4,66.8,66.8,66.8,,,,2.0,2.0,2000.0,2000.0,,0.0,0.0,0.0,,6.0,6.0,6.0,,,,6.0,6.0,6.0,,,,,,6.0,310.0,0.0
5028.0,DCNN,695.0,2009-09-25,14.1,14.1,14.1,8.6,8.6,8.6,11.3,11.3,11.3,69.3,69.3,69.3,,,,0.0,0.0,2000.0,2000.0,,0.0,0.0,0.0,,6.0,6.0,6.0,,,,6.0,6.0,6.0,,,,,,6.0,0.0,0.0
5028.0,DCNN,695.0,2009-09-26,12.9,12.9,12.9,8.3,8.3,8.3,10.6,10.6,10.6,73.6,73.6,73.6,,,,0.0,0.0,2000.0,2000.0,,0.0,0.0,0.0,,6.0,6.0,6.0,,,,6.0,6.0,6.0,,,,,,6.0,0.0,0.0
5028.0,DCNN,695.0,2009-09-27,13.5,13.5,13.5,9.6,9.6,9.6,11.5,11.5,11.5,77.3,77.3,77.3,,,,2.0,2.0,2000.0,2000.0,,0.0,0.0,0.0,,6.0,6.0,6.0,,,,6.0,6.0,6.0,,,,,,6.0,310.0,0.0
5028.0,DCNN,695.0,2009-09-28,14.3,14.3,14.3,11.1,11.1,11.1,12.6,12.6,12.6,81.2,81.2,81.2,,,,5.0,5.0,2000.0,2000.0,,0.0,0.0,0.0,,6.0,6.0,6.0,,,,6.0,6.0,6.0,,,,,,6.0,310.0,0.0
5028.0,DCNN,695.0,2009-09-29,13.2,13.2,13.2,10.5,10.5,10.5,11.8,11.8,11.8,83.9,83.9,83.9,,,,5.0,5.0,2000.0,2000.0,,0.0,0.0,0.0,,6.0,6.0,6.0,,,,6.0,6.0,6.0,,,,,,6.0,270.0,0.0
5028.0,DCNN,695.0,2009-09-30,14.5,14.5,14.5,12.3,12.3,12.3,13.3,13.3,13.3,86.7,86.7,86.7,,,,5.0,5.0,2000.0,2000.0,,0.0,0.0,0.0,,6.0,6.0,6.0,,,,6.0,6.0,6.0,,,,,,6.0,270.0,0.0
5028.0,DCNN,695.0,2009-10-01,14.0,14.0,14.0,5.6,5.6,5.6,10.0,10.0,10.0,56.8,56.8,56.8,,,,10.0,10.0,2000.0,2000.0,,0.0,0.0,0.0,,6.0,6.0,6.0,,,,6.0,6.0,6.0,,,,,,6.0,310.0,0.0
5028.0,DCNN,695.0,2009-10-02,12.5,12.5,12.5,6.0,6.0,6.0,9.4,9.4,9.4,64.3,64.3,64.3,,,,10.0,10.0,2000.0,2000.0,,0.0,0.0,0.0,,6.0,6.0,6.0,,,,6.0,6.0,6.0,,,,,,6.0,270.0,0.0
5028.0,DCNN,695.0,2009-10-03,11.7,11.7,11.7,8.7,8.7,8.7,10.2,10.2,10.2,81.8,81.8,81.8,,,,15.0,15.0,2000.0,2000.0,,0.0,0.0,0.0,,6.0,6.0,6.0,,,,6.0,6.0,6.0,,,,,,6.0,230.0,0.0
5028.0,DCNN,695.0,2009-10-04,12.4,12.4,12.4,6.6,6.6,6.6,9.6,9.6,9.6,67.5,67.5,67.5,,,,5.0,5.0,2000.0,2000.0,,0.0,0.0,0.0,,6.0,6.0,6.0,,,,6.0,6.0,6.0,,,,,,6.0,270.0,0.0
5028.0,DCNN,695.0,2009-10-05,11.2,11.2,11.2,10.8,10.8,10.8,11.0,11.0,11.0,97.4,97.4,97.4,,,,10.0,10.0,200.0,200.0,,0.0,0.0,0.0,,6.0,6.0,6.0,,,,6.0,6.0,6.0,,,,,,6.0,50.0,1.0
5028.0,DCNN,695.0,2009-10-06,15.7,15.7,15.7,15.5,15.5,15.5,15.6,15.6,15.6,98.9,98.9,98.9,,,,5.0,5.0,400.0,400.0,,0.0,0.0,0.0,,6.0,6.0,6.0,,,,6.0,6.0,6.0,,,,,,6.0,180.0,1.0
5028.0,DCNN,695.0,2009-10-07,11.0,11.0,11.0,9.8,9.8,9.8,10.4,10.4,10.4,92.5,92.5,92.5,,,,5.0,5.0,2000.0,2000.0,,0.0,0.0,0.0,,6.0,6.0,6.0,,,,6.0,6.0,6.0,,,,,,6.0,50.0,1.0
5028.0,DCNN,695.0,2009-10-08,9.9,9.9,9.9,5.0,5.0,5.0,7.7,7.7,7.7,71.7,71.7,71.7,,,,2.0,2.0,2000.0,2000.0,,0.0,0.0,0.0,,6.0,6.0,6.0,,,,6.0,6.0,6.0,,,,,,6.0,360.0,1.0
5028.0,DCNN,695.0,2009-10-09,10.8,10.8,10.8,7.3,7.3,7.3,9.1,9.1,9.1,78.7,78.7,78.7,,,,10.0,10.0,2000.0,2000.0,,0.0,0.0,0.0,,6.0,6.0,6.0,,,,6.0,6.0,6.0,,,,,,6.0,90.0,1.0
5028.0,DCNN,695.0,2009-10-10,12.0,12.0,12.0,11.4,11.4,11.4,11.7,11.7,11.7,96.3,96.3,96.3,,,,5.0,5.0,2000.0,2000.0,,0.0,0.0,0.0,,6.0,6.0,6.0,,,,6.0,6.0,6.0,,,,,,6.0,270.0,1.0
5028.0,DCNN,695.0,2009-10-11,12.2,12.2,12.2,11.1,11.1,11.1,11.6,11.6,11.6,92.7,92.7,92.7,,,,10.0,10.0,1000.0,1000.0,,0.0,0.0,0.0,,6.0,6.0,6.0,,,,6.0,6.0,6.0,,,,,,6.0,270.0,1.0
5028.0,DCNN,695.0,2009-10-12,10.7,10.7,10.7,6.0,6.0,6.0,8.5,8.5,8.5,72.6,72.6,72.6,,,,10.0,10.0,2000.0,2000.0,,0.0,0.0,0.0,,6.0,6.0,6.0,,,,6.0,6.0,6.0,,,,,,6.0,310.0,1.0
5028.0,DCNN,695.0,2009-10-13,10.3,10.3,10.3,5.8,5.8,5.8,8.2,8.2,8.2,73.4,73.4,73.4,,,,0.0,0.0,2000.0,2000.0,,0.0,0.0,0.0,,6.0,6.0,6.0,,,,6.0,6.0,6.0,,,,,,6.0,0.0,1.0
5028.0,DCNN,695.0,2009-10-14,10.9,10.9,10.9,8.3,8.3,8.3,9.6,9.6,9.6,83.7,83.7,83.7,,,,0.0,0.0,1000.0,1000.0,,0.0,0.0,0.0,,6.0,6.0,6.0,,,,6.0,6.0,6.0,,,,,,6.0,0.0,1.0
5028.0,DCNN,695.0,2009-10-15,10.3,10.3,10.3,5.3,5.3,5.3,8.0,8.0,8.0,70.9,70.9,70.9,,,,0.0,0.0,1000.0,1000.0,,0.0,0.0,0.0,,6.0,6.0,6.0,,,,6.0,6.0,6.0,,,,,,6.0,0.0,1.0
5028.0,DCNN,695.0,2009-10-16,10.0,10.0,10.0,7.9,7.9,7.9,9.0,9.0,9.0,87.0,87.0,87.0,,,,10.0,10.0,2000.0,2000.0,,0.0,0.0,0.0,,6.0,6.0,6.0,,,,6.0,6.0,6.0,,,,,,6.0,360.0,1.0
5028.0,DCNN,695.0,2009-10-17,8.3,8.3,8.3,4.2,4.2,4.2,6.5,6.5,6.5,75.3,75.3,75.3,,,,10.0,10.0,2000.0,2000.0,,0.0,0.0,0.0,,6.0,6.0,6.0,,,,6.0,6.0,6.0,,,,,,6.0,360.0,1.0
5028.0,DCNN,695.0,2009-10-18,7.6,7.6,7.6,3.1,3.1,3.1,5.7,5.7,5.7,73.2,73.2,73.2,,,,0.0,0.0,2000.0,2000.0,,0.0,0.0,0.0,,6.0,6.0,6.0,,,,6.0,6.0,6.0,,,,,,6.0,0.0,1.0
5028.0,DCNN,695.0,2009-10-19,10.0,10.0,10.0,5.9,5.9,5.9,8.1,8.1,8.1,75.6,75.6,75.6,,,,5.0,5.0,2000.0,2000.0,,0.0,0.0,0.0,,6.0,6.0,6.0,,,,6.0,6.0,6.0,,,,,,6.0,130.0,0.0
5028.0,DCNN,695.0,2009-10-20,8.1,8.1,8.1,5.4,5.4,5.4,6.9,6.9,6.9,83.2,83.2,83.2,,,,10.0,10.0,2000.0,2000.0,,0.0,0.0,0.0,,6.0,6.0,6.0,,,,6.0,6.0,6.0,,,,,,6.0,130.0,0.0
5028.0,DCNN,695.0,2009-10-21,12.1,12.1,12.1,10.8,10.8,10.8,11.4,11.4,11.4,91.5,91.5,91.5,,,,2.0,2.0,1000.0,1000.0,,0.0,0.0,0.0,,6.0,6.0,6.0,,,,6.0,6.0,6.0,,,,,,6.0,180.0,1.0
5028.0,DCNN,695.0,2009-10-22,12.0,12.0,12.0,10.1,10.1,10.1,11.0,11.0,11.0,87.9,87.9,87.9,,,,5.0,5.0,1000.0,1000.0,,0.0,0.0,0.0,,6.0,6.0,6.0,,,,6.0,6.0,6.0,,,,,,6.0,180.0,1.0
5028.0,DCNN,695.0,2009-10-23,13.0,13.0,13.0,10.1,10.1,10.1,11.5,11.5,11.5,82.6,82.6,82.6,,,,2.0,2.0,2000.0,2000.0,,0.0,0.0,0.0,,6.0,6.0,6.0,,,,6.0,6.0,6.0,,,,,,6.0,230.0,1.0
5028.0,DCNN,695.0,2009-10-24,14.6,14.6,14.6,14.4,14.4,14.4,14.5,14.5,14.5,98.9,98.9,98.9,,,,10.0,10.0,1000.0,1000.0,,0.0,0.0,0.0,,6.0,6.0,6.0,,,,6.0,6.0,6.0,,,,,,6.0,180.0,2.0
5028.0,DCNN,695.0,2009-10-25,12.0,12.0,12.0,9.0,9.0,9.0,10.5,10.5,10.5,82.0,82.0,82.0,,,,15.0,15.0,2000.0,2000.0,,0.0,0.0,0.0,,6.0,6.0,6.0,,,,6.0,6.0,6.0,,,,,,6.0,230.0,1.0
5028.0,DCNN,695.0,2009-10-26,11.2,11.2,11.2,8.8,8.8,8.8,10.0,10.0,10.0,85.0,85.0,85.0,,,,10.0,10.0,2000.0,2000.0,,0.0,0.0,0.0,,6.0,6.0,6.0,,,,6.0,6.0,6.0,,,,,,6.0,230.0,1.0
5028.0,DCNN,695.0,2009-10-27,13.9,13.9,13.9,13.4,13.4,13.4,13.6,13.6,13.6,96.5,96.5,96.5,,,,5.0,5.0,400.0,400.0,,0.0,0.0,0.0,,6.0,6.0,6.0,,,,6.0,6.0,6.0,,,,,,6.0,180.0,2.0
5028.0,DCNN,695.0,2009-10-28,12.5,12.5,12.5,11.0,11.0,11.0,11.7,11.7,11.7,90.4,90.4,90.4,,,,2.0,2.0,2000.0,2000.0,,0.0,0.0,0.0,,6.0,6.0,6.0,,,,6.0,6.0,6.0,,,,,,6.0,230.0,1.0
5028.0,DCNN,695.0,2009-10-29,11.7,11.7,11.7,11.3,11.3,11.3,11.5,11.5,11.5,97.5,97.5,97.5,,,,0.0,0.0,400.0,400.0,,0.0,0.0,0.0,,6.0,6.0,6.0,,,,6.0,6.0,6.0,,,,,,6.0,0.0,1.0
5028.0,DCNN,695.0,2009-10-30,12.4,12.4,12.4,11.8,11.8,11.8,12.1,12.1,12.1,96.4,96.4,96.4,,,,5.0,5.0,400.0,400.0,,0.0,0.0,0.0,,6.0,6.0,6.0,,,,6.0,6.0,6.0,,,,,,6.0,130.0,1.0
5028.0,DCNN,695.0,2009-10-31,12.1,12.1,12.1,11.7,11.7,11.7,11.9,11.9,11.9,97.6,97.6,97.6,,,,2.0,2.0,200.0,200.0,,0.0,0.0,0.0,,6.0,6.0,6.0,,,,6.0,6.0,6.0,,,,,,6.0,180.0,2.0
5028.0,DCNN,695.0,2009-11-01,13.4,13.4,13.4,13.0,13.0,13.0,13.2,13.2,13.2,97.7,97.7,97.7,,,,15.0,15.0,1000.0,1000.0,,0.0,0.0,0.0,,6.0,6.0,6.0,,,,6.0,6.0,6.0,,,,,,6.0,130.0,2.0
5028.0,DCNN,695.0,2009-11-02,7.2,7.2,7.2,4.4,4.4,4.4,6.0,6.0,6.0,82.6,82.6,82.6,,,,5.0,5.0,2000.0,2000.0,,0.0,0.0,0.0,,6.0,6.0,6.0,,,,6.0,6.0,6.0,,,,,,6.0,230.0,2.0
5028.0,DCNN,695.0,2009-11-03,11.6,11.6,11.6,11.2,11.2,11.2,11.4,11.4,11.4,97.5,97.5,97.5,,,,5.0,5.0,2000.0,2000.0,,0.0,0.0,0.0,,6.0,6.0,6.0,,,,6.0,6.0,6.0,,,,,,6.0,230.0,2.0
5028.0,DCNN,695.0,2009-11-04,8.0,8.0,8.0,4.8,4.8,4.8,6.6,6.6,6.6,80.4,80.4,80.4,,,,10.0,10.0,2000.0,2000.0,,0.0,0.0,0.0,,6.0,6.0,6.0,,,,6.0,6.0,6.0,,,,,,6.0,230.0,2.0
5028.0,DCNN,695.0,2009-11-05,9.2,9.2,9.2,6.2,6.2,6.2,7.8,7.8,7.8,81.4,81.4,81.4,,,,5.0,5.0,2000.0,2000.0,,0.0,0.0,0.0,,6.0,6.0,6.0,,,,6.0,6.0,6.0,,,,,,6.0,310.0,2.0
5028.0,DCNN,695.0,2009-11-06,8.6,8.6,8.6,8.0,8.0,8.0,8.3,8.3,8.3,95.8,95.8,95.8,,,,5.0,5.0,400.0,400.0,,0.0,0.0,0.0,,6.0,6.0,6.0,,,,6.0,6.0,6.0,,,,,,6.0,230.0,2.0
5028.0,DCNN,695.0,2009-11-07,5.5,5.5,5.5,3.1,3.1,3.1,4.5,4.5,4.5,84.5,84.5,84.5,,,,5.0,5.0,2000.0,2000.0,,0.0,0.0,0.0,,6.0,6.0,6.0,,,,6.0,6.0,6.0,,,,,,6.0,270.0,2.0
5028.0,DCNN,695.0,2009-11-08,7.9,7.9,7.9,7.0,7.0,7.0,7.5,7.5,7.5,94.3,94.3,94.3,,,,10.0,10.0,1000.0,1000.0,,0.0,0.0,0.0,,6.0,6.0,6.0,,,,6.0,6.0,6.0,,,,,,6.0,50.0,2.0
5028.0,DCNN,695.0,2009-11-09,3.3,3.3,3.3,3.1,3.1,3.1,3.2,3.2,3.2,98.3,98.3,98.3,,,,5.0,5.0,20.0,20.0,,0.0,0.0,0.0,,6.0,6.0,6.0,,,,6.0,6.0,6.0,,,,,,6.0,360.0,2.0
5028.0,DCNN,695.0,2009-11-10,4.0,4.0,4.0,4.0,4.0,4.0,4.0,4.0,4.0,100.0,100.0,100.0,,,,0.0,0.0,40.0,40.0,,0.0,0.0,0.0,,6.0,6.0,6.0,,,,6.0,6.0,6.0,,,,,,6.0,0.0,2.0
5028.0,DCNN,695.0,2009-11-11,7.4,7.4,7.4,6.8,6.8,6.8,7.1,7.1,7.1,95.6,95.6,95.6,,,,0.0,0.0,200.0,200.0,,0.0,0.0,0.0,,6.0,6.0,6.0,,,,6.0,6.0,6.0,,,,,,6.0,0.0,2.0
5028.0,DCNN,695.0,2009-11-12,9.0,9.0,9.0,6.9,6.9,6.9,8.0,8.0,8.0,86.5,86.5,86.5,,,,5.0,5.0,2000.0,2000.0,,0.0,0.0,0.0,,6.0,6.0,6.0,,,,6.0,6.0,6.0,,,,,,6.0,230.0,2.0
5028.0,DCNN,695.0,2009-11-13,9.7,9.7,9.7,9.1,9.1,9.1,9.4,9.4,9.4,96.0,96.0,96.0,,,,2.0,2.0,1000.0,1000.0,,0.0,0.0,0.0,,6.0,6.0,6.0,,,,6.0,6.0,6.0,,,,,,6.0,180.0,2.0
5028.0,DCNN,695.0,2009-11-14,8.4,8.4,8.4,6.0,6.0,6.0,7.3,7.3,7.3,84.8,84.8,84.8,,,,15.0,15.0,2000.0,2000.0,,0.0,0.0,0.0,,6.0,6.0,6.0,,,,6.0,6.0,6.0,,,,,,6.0,230.0,2.0
5028.0,DCNN,695.0,2009-11-15,9.3,9.3,9.3,8.5,8.5,8.5,8.9,8.9,8.9,94.6,94.6,94.6,,,,5.0,5.0,2000.0,2000.0,,0.0,0.0,0.0,,6.0,6.0,6.0,,,,6.0,6.0,6.0,,,,,,6.0,180.0,2.0
5028.0,DCNN,695.0,2009-11-16,12.0,12.0,12.0,11.1,11.1,11.1,11.5,11.5,11.5,93.9,93.9,93.9,,,,15.0,15.0,2000.0,2000.0,,0.0,0.0,0.0,,6.0,6.0,6.0,,,,6.0,6.0,6.0,,,,,,6.0,230.0,2.0
5028.0,DCNN,695.0,2009-11-17,8.6,8.6,8.6,5.8,5.8,5.8,7.3,7.3,7.3,82.2,82.2,82.2,,,,10.0,10.0,2000.0,2000.0,,0.0,0.0,0.0,,6.0,6.0,6.0,,,,6.0,6.0,6.0,,,,,,6.0,230.0,2.0
5028.0,DCNN,695.0,2009-11-18,12.5,12.5,12.5,7.8,7.8,7.8,10.2,10.2,10.2,73.2,73.2,73.2,,,,15.0,15.0,2000.0,2000.0,,0.0,0.0,0.0,,6.0,6.0,6.0,,,,6.0,6.0,6.0,,,,,,6.0,230.0,2.0
5028.0,DCNN,695.0,2009-11-19,12.2,12.2,12.2,7.7,7.7,7.7,10.0,10.0,10.0,74.0,74.0,74.0,,,,15.0,15.0,2000.0,2000.0,,0.0,0.0,0.0,,6.0,6.0,6.0,,,,6.0,6.0,6.0,,,,,,6.0,230.0,2.0
5028.0,DCNN,695.0,2009-11-20,12.5,12.5,12.5,11.6,11.6,11.6,12.0,12.0,12.0,94.0,94.0,94.0,,,,10.0,10.0,2000.0,2000.0,,0.0,0.0,0.0,,6.0,6.0,6.0,,,,6.0,6.0,6.0,,,,,,6.0,230.0,2.0
5028.0,DCNN,695.0,2009-11-21,12.7,12.7,12.7,11.4,11.4,11.4,12.0,12.0,12.0,91.7,91.7,91.7,,,,10.0,10.0,2000.0,2000.0,,0.0,0.0,0.0,,6.0,6.0,6.0,,,,6.0,6.0,6.0,,,,,,6.0,180.0,2.0
5028.0,DCNN,695.0,2009-11-22,8.9,8.9,8.9,5.6,5.6,5.6,7.4,7.4,7.4,79.8,79.8,79.8,,,,10.0,10.0,2000.0,2000.0,,0.0,0.0,0.0,,6.0,6.0,6.0,,,,6.0,6.0,6.0,,,,,,6.0,230.0,2.0
5028.0,DCNN,695.0,2009-11-23,9.8,9.8,9.8,9.4,9.4,9.4,9.6,9.6,9.6,97.4,97.4,97.4,,,,15.0,15.0,1000.0,1000.0,,0.0,0.0,0.0,,6.0,6.0,6.0,,,,6.0,6.0,6.0,,,,,,6.0,230.0,3.0
5028.0,DCNN,695.0,2009-11-24,12.5,12.5,12.5,10.0,10.0,10.0,11.2,11.2,11.2,84.6,84.6,84.6,,,,15.0,15.0,1000.0,1000.0,,0.0,0.0,0.0,,6.0,6.0,6.0,,,,6.0,6.0,6.0,,,,,,6.0,230.0,2.0
5028.0,DCNN,695.0,2009-11-25,8.8,8.8,8.8,4.3,4.3,4.3,6.8,6.8,6.8,73.1,73.1,73.1,,,,15.0,15.0,2000.0,2000.0,,0.0,0.0,0.0,,6.0,6.0,6.0,,,,6.0,6.0,6.0,,,,,,6.0,230.0,3.0
5028.0,DCNN,695.0,2009-11-26,7.2,7.2,7.2,3.4,3.4,3.4,5.6,5.6,5.6,77.0,77.0,77.0,,,,10.0,10.0,2000.0,2000.0,,0.0,0.0,0.0,,6.0,6.0,6.0,,,,6.0,6.0,6.0,,,,,,6.0,230.0,2.0
5028.0,DCNN,695.0,2009-11-27,6.3,6.3,6.3,1.6,1.6,1.6,4.4,4.4,4.4,71.7,71.7,71.7,,,,10.0,10.0,2000.0,2000.0,,0.0,0.0,0.0,,6.0,6.0,6.0,,,,6.0,6.0,6.0,,,,,,6.0,230.0,2.0
5028.0,DCNN,695.0,2009-11-28,5.1,5.1,5.1,0.7,0.7,0.7,3.4,3.4,3.4,73.3,73.3,73.3,,,,10.0,10.0,2000.0,2000.0,,0.0,0.0,0.0,,6.0,6.0,6.0,,,,6.0,6.0,6.0,,,,,,6.0,230.0,2.0
5028.0,DCNN,695.0,2009-11-29,5.9,5.9,5.9,3.8,3.8,3.8,5.0,5.0,5.0,86.2,86.2,86.2,,,,5.0,5.0,1000.0,1000.0,,0.0,0.0,0.0,,6.0,6.0,6.0,,,,6.0,6.0,6.0,,,,,,6.0,130.0,3.0
5028.0,DCNN,695.0,2009-11-30,4.8,4.8,4.8,3.9,3.9,3.9,4.4,4.4,4.4,93.6,93.6,93.6,,,,15.0,15.0,1000.0,1000.0,,0.0,0.0,0.0,,6.0,6.0,6.0,,,,6.0,6.0,6.0,,,,,,6.0,50.0,3.0
5028.0,DCNN,695.0,2009-12-01,1.0,1.0,1.0,-0.1,-0.1,-0.1,0.6,0.6,0.6,92.2,92.2,92.2,,,,2.0,2.0,1000.0,1000.0,,0.0,0.0,0.0,,6.0,6.0,6.0,,,,6.0,6.0,6.0,,,,,,6.0,310.0,2.0
5028.0,DCNN,695.0,2009-12-02,8.3,8.3,8.3,7.9,7.9,7.9,8.1,8.1,8.1,97.2,97.2,97.2,,,,5.0,5.0,2000.0,2000.0,,0.0,0.0,0.0,,6.0,6.0,6.0,,,,6.0,6.0,6.0,,,,,,6.0,180.0,2.0
5028.0,DCNN,695.0,2009-12-03,6.8,6.8,6.8,6.1,6.1,6.1,6.5,6.5,6.5,95.5,95.5,95.5,,,,5.0,5.0,1000.0,1000.0,,0.0,0.0,0.0,,6.0,6.0,6.0,,,,6.0,6.0,6.0,,,,,,6.0,230.0,3.0
5028.0,DCNN,695.0,2009-12-04,1.8,1.8,1.8,-0.7,-0.7,-0.7,0.9,0.9,0.9,83.3,83.3,83.3,,,,5.0,5.0,2000.0,2000.0,,0.0,0.0,0.0,,6.0,6.0,6.0,,,,6.0,6.0,6.0,,,,,,6.0,230.0,2.0
5028.0,DCNN,695.0,2009-12-05,7.7,7.7,7.7,5.5,5.5,5.5,6.7,6.7,6.7,85.8,85.8,85.8,,,,5.0,5.0,2000.0,2000.0,,0.0,0.0,0.0,,6.0,6.0,6.0,,,,6.0,6.0,6.0,,,,,,6.0,230.0,2.0
5028.0,DCNN,695.0,2009-12-06,9.5,9.5,9.5,8.7,8.7,8.7,9.1,9.1,9.1,94.6,94.6,94.6,,,,15.0,15.0,200.0,200.0,,0.0,0.0,0.0,,6.0,6.0,6.0,,,,6.0,6.0,6.0,,,,,,6.0,270.0,3.0
5028.0,DCNN,695.0,2009-12-07,9.3,9.3,9.3,6.7,6.7,6.7,8.1,8.1,8.1,84.0,84.0,84.0,,,,10.0,10.0,2000.0,2000.0,,0.0,0.0,0.0,,6.0,6.0,6.0,,,,6.0,6.0,6.0,,,,,,6.0,180.0,2.0
5028.0,DCNN,695.0,2009-12-08,5.3,5.3,5.3,3.6,3.6,3.6,4.6,4.6,4.6,88.9,88.9,88.9,,,,5.0,5.0,2000.0,2000.0,,0.0,0.0,0.0,,6.0,6.0,6.0,,,,6.0,6.0,6.0,,,,,,6.0,230.0,2.0
5028.0,DCNN,695.0,2009-12-09,9.2,9.2,9.2,9.0,9.0,9.0,9.1,9.1,9.1,98.6,98.6,98.6,,,,2.0,2.0,400.0,400.0,,0.0,0.0,0.0,,6.0,6.0,6.0,,,,6.0,6.0,6.0,,,,,,6.0,230.0,2.0
5028.0,DCNN,695.0,2009-12-10,6.2,6.2,6.2,4.6,4.6,4.6,5.5,5.5,5.5,89.3,89.3,89.3,,,,5.0,5.0,2000.0,2000.0,,0.0,0.0,0.0,,6.0,6.0,6.0,,,,6.0,6.0,6.0,,,,,,6.0,270.0,2.0
5028.0,DCNN,695.0,2009-12-11,3.1,3.1,3.1,2.9,2.9,2.9,3.0,3.0,3.0,98.3,98.3,98.3,,,,10.0,10.0,20.0,20.0,,0.0,0.0,0.0,,6.0,6.0,6.0,,,,6.0,6.0,6.0,,,,,,6.0,50.0,2.0
5028.0,DCNN,695.0,2009-12-12,4.2,4.2,4.2,3.7,3.7,3.7,4.0,4.0,4.0,96.6,96.6,96.6,,,,10.0,10.0,400.0,400.0,,0.0,0.0,0.0,,6.0,6.0,6.0,,,,6.0,6.0,6.0,,,,,,6.0,50.0,2.0
5028.0,DCNN,695.0,2009-12-13,3.7,3.7,3.7,1.7,1.7,1.7,2.9,2.9,2.9,86.6,86.6,86.6,,,,10.0,10.0,2000.0,2000.0,,0.0,0.0,0.0,,6.0,6.0,6.0,,,,6.0,6.0,6.0,,,,,,6.0,50.0,2.0
5028.0,DCNN,695.0,2009-12-14,1.4,1.4,1.4,0.9,0.9,0.9,1.2,1.2,1.2,96.2,96.2,96.2,,,,2.0,2.0,400.0,400.0,,0.0,0.0,0.0,,6.0,6.0,6.0,,,,6.0,6.0,6.0,,,,,,6.0,360.0,2.0
5028.0,DCNN,695.0,2009-12-15,0.1,0.1,0.1,-1.9,-1.9,-1.9,-0.6,-0.6,-0.6,86.3,86.3,86.3,,,,5.0,5.0,400.0,400.0,,0.0,0.0,0.0,,6.0,6.0,6.0,,,,6.0,6.0,6.0,,,,,,6.0,130.0,2.0
5028.0,DCNN,695.0,2009-12-16,-2.0,-2.0,-2.0,-3.2,-3.2,-3.2,-2.3,-2.3,-2.3,91.5,91.5,91.5,,,,2.0,2.0,400.0,400.0,,0.0,0.0,0.0,,6.0,6.0,6.0,,,,6.0,6.0,6.0,,,,,,6.0,230.0,4.0
5028.0,DCNN,695.0,2009-12-17,0.5,0.5,0.5,-0.9,-0.9,-0.9,0.0,0.0,0.0,90.1,90.1,90.1,,,,10.0,10.0,2000.0,2000.0,,0.0,0.0,0.0,,6.0,6.0,6.0,,,,6.0,6.0,6.0,,,,,,6.0,360.0,2.0
5028.0,DCNN,695.0,2009-12-18,-1.4,-1.4,-1.4,-4.1,-4.1,-4.1,-2.2,-2.2,-2.2,81.9,81.9,81.9,,,,15.0,15.0,2000.0,2000.0,,0.0,0.0,0.0,,6.0,6.0,6.0,,,,6.0,6.0,6.0,,,,,,6.0,50.0,17.0
5028.0,DCNN,695.0,2009-12-19,-3.7,-3.7,-3.7,-5.2,-5.2,-5.2,-4.0,-4.0,-4.0,89.2,89.2,89.2,,,,5.0,5.0,2000.0,2000.0,,0.0,0.0,0.0,,6.0,6.0,6.0,,,,6.0,6.0,6.0,,,,,,6.0,310.0,17.0
5028.0,DCNN,695.0,2009-12-20,-3.7,-3.7,-3.7,-6.3,-6.3,-6.3,-4.3,-4.3,-4.3,82.4,82.4,82.4,,,,5.0,5.0,2000.0,2000.0,,0.0,0.0,0.0,,6.0,6.0,6.0,,,,6.0,6.0,6.0,,,,,,6.0,270.0,17.0
5028.0,DCNN,695.0,2009-12-21,-1.0,-1.0,-1.0,-2.3,-2.3,-2.3,-1.4,-1.4,-1.4,90.7,90.7,90.7,,,,5.0,5.0,2000.0,2000.0,,0.0,0.0,0.0,,6.0,6.0,6.0,,,,6.0,6.0,6.0,,,,,,6.0,130.0,16.0
5028.0,DCNN,695.0,2009-12-22,-1.2,-1.2,-1.2,-1.2,-1.2,-1.2,-1.2,-1.2,-1.2,98.8,98.8,98.8,,,,5.0,5.0,40.0,40.0,,0.0,0.0,0.0,,6.0,6.0,6.0,,,,6.0,6.0,6.0,,,,,,6.0,230.0,17.0
5028.0,DCNN,695.0,2009-12-23,-0.1,-0.1,-0.1,-0.7,-0.7,-0.7,-0.3,-0.3,-0.3,95.9,95.9,95.9,,,,2.0,2.0,40.0,40.0,,0.0,0.0,0.0,,6.0,6.0,6.0,,,,6.0,6.0,6.0,,,,,,6.0,180.0,17.0
5028.0,DCNN,695.0,2009-12-24,3.0,3.0,3.0,2.0,2.0,2.0,2.6,2.6,2.6,93.0,93.0,93.0,,,,5.0,5.0,2000.0,2000.0,,0.0,0.0,0.0,,6.0,6.0,6.0,,,,6.0,6.0,6.0,,,,,,6.0,130.0,12.0
5028.0,DCNN,695.0,2009-12-25,0.9,0.9,0.9,0.6,0.6,0.6,0.8,0.8,0.8,98.0,98.0,98.0,,,,5.0,5.0,20.0,20.0,,0.0,0.0,0.0,,6.0,6.0,6.0,,,,6.0,6.0,6.0,,,,,,6.0,310.0,11.0
5028.0,DCNN,695.0,2009-12-26,6.1,6.1,6.1,4.7,4.7,4.7,5.5,5.5,5.5,90.8,90.8,90.8,,,,10.0,10.0,2000.0,2000.0,,0.0,0.0,0.0,,6.0,6.0,6.0,,,,6.0,6.0,6.0,,,,,,6.0,180.0,2.0
5028.0,DCNN,695.0,2009-12-27,4.8,4.8,4.8,1.8,1.8,1.8,3.6,3.6,3.6,80.8,80.8,80.8,,,,10.0,10.0,2000.0,2000.0,,0.0,0.0,0.0,,6.0,6.0,6.0,,,,6.0,6.0,6.0,,,,,,6.0,230.0,2.0
5028.0,DCNN,695.0,2009-12-28,0.3,0.3,0.3,-1.2,-1.2,-1.2,-0.2,-0.2,-0.2,89.9,89.9,89.9,,,,2.0,2.0,1000.0,1000.0,,0.0,0.0,0.0,,6.0,6.0,6.0,,,,6.0,6.0,6.0,,,,,,6.0,90.0,4.0
5028.0,DCNN,695.0,2009-12-29,3.2,3.2,3.2,1.1,1.1,1.1,2.4,2.4,2.4,86.1,86.1,86.1,,,,10.0,10.0,400.0,400.0,,0.0,0.0,0.0,,6.0,6.0,6.0,,,,6.0,6.0,6.0,,,,,,6.0,90.0,2.0
5028.0,DCNN,695.0,2009-12-30,3.6,3.6,3.6,3.6,3.6,3.6,3.6,3.6,3.6,100.0,100.0,100.0,,,,10.0,10.0,400.0,400.0,,0.0,0.0,0.0,,6.0,6.0,6.0,,,,6.0,6.0,6.0,,,,,,6.0,90.0,2.0
5028.0,DCNN,695.0,2009-12-31,1.9,1.9,1.9,0.6,0.6,0.6,1.4,1.4,1.4,90.7,90.7,90.7,,,,15.0,15.0,2000.0,2000.0,,0.0,0.0,0.0,,6.0,6.0,6.0,,,,6.0,6.0,6.0,,,,,,6.0,50.0,2.0
