met_day,fire_count,VPD_mean,air_temperature_mean,air_temperature_max,air_temperature_min,dewpoint_mean,dewpoint_max,dewpoint_min,wetb_temp_mean,wetb_temp_max,wetb_temp_min,rltv_hum_mean,rltv_hum_max,rltv_hum_min,msl_pressure_mean,stn_pres_mean,alt_pres_mean,wind_speed_mean,wind_speed_max,visibility_mean,visibility_min,q10mnt_mxgst_spd_max,cs_hr_sun_dur_sum,wmo_hr_sun_dur_sum,drv_hr_sun_dur_sum,snow_depth_max,air_temperature_q_max,dewpoint_q_max,wetb_temp_q_max,msl_pressure_q_max,stn_pres_q_max,alt_pres_q_max,wind_direction_q_max,wind_speed_q_max,visibility_q_max,q10mnt_mxgst_spd_q_max,cs_hr_sun_dur_q_max,wmo_hr_sun_dur_q_max,drv_hr_sun_dur_q_max,snow_depth_q_max,ground_state_id_q_max,wind_direction_circmean,ground_state_id_mode,station_count
2019-01-01,5,256.278,8.314,10.443,5.486,4.473,7.171,0.443,6.635,8.8,3.629,76.732,86.886,65.643,1035.58,1028.297,,6.433,9.4,3628.125,2100.0,18.0,0.0,0.057,0.214,,20.286,20.286,20.286,6.0,6.0,,26.0,26.0,6.0,106.0,,6.0,67.667,,6.0,316.931,1.0,7
2019-01-02,2,248.36,5.016,6.014,4.071,0.392,1.171,-0.657,3.234,3.829,2.471,71.759,78.157,64.314,1042.948,1035.532,,4.683,7.0,2646.875,1925.0,,0.0,0.0,0.1,,20.286,20.286,20.286,6.0,6.0,,26.0,26.0,6.0,106.0,,6.0,67.667,,6.0,218.445,1.0,7
2019-01-03,7,271.488,4.498,5.257,2.886,-0.88,0.843,-2.643,2.517,3.129,1.5,68.076,79.457,57.143,1043.127,1035.678,,2.9,4.6,3485.417,1575.0,,0.0,0.0,0.057,,20.286,20.286,20.286,6.0,6.0,,26.0,26.0,6.0,106.0,,6.0,67.667,,6.0,13.595,1.0,7
2019-01-04,1,195.156,2.762,4.157,1.329,-1.354,0.043,-2.614,1.283,2.114,0.086,74.127,82.5,63.443,1042.21,1034.73,,3.417,7.0,1606.25,850.0,,0.0,0.657,2.614,,20.286,20.286,20.286,6.0,6.0,,26.0,26.0,6.0,106.0,,6.0,67.667,,6.0,344.41,1.0,7
2019-01-05,6,194.998,4.421,5.429,3.086,0.754,1.771,-0.286,3.005,3.871,1.957,76.859,82.671,71.929,1039.033,1031.628,,4.975,8.4,1911.458,975.0,,0.0,0.0,0.0,,20.286,20.286,20.286,6.0,6.0,,26.0,26.0,6.0,106.0,,6.0,67.667,,6.0,308.242,1.0,7
2019-01-06,8,195.454,7.159,9.557,5.057,4.101,5.857,2.014,5.833,7.686,3.829,80.791,87.043,74.329,1036.774,1029.461,,4.058,6.6,2004.167,1350.0,,0.0,0.029,0.171,,20.286,20.286,20.286,6.0,6.0,,26.0,26.0,6.0,106.0,,6.0,67.667,,6.0,293.206,1.0,7
2019-01-07,2,193.721,9.151,11.0,6.9,6.479,8.429,4.886,7.913,9.586,6.229,83.377,90.743,78.529,1032.26,1025.027,,8.0,12.8,2865.625,1625.0,18.0,0.0,0.0,0.014,,20.286,20.286,20.286,6.0,6.0,,26.0,26.0,6.0,56.0,,6.0,67.667,,6.0,260.851,1.0,7
2019-01-08,2,295.328,6.942,9.143,3.571,1.936,3.514,0.686,4.885,6.6,2.557,70.627,83.443,58.029,1027.985,1020.721,,8.675,12.6,2463.542,1450.0,20.0,0.0,0.729,2.343,,20.286,20.286,20.286,6.0,6.0,,26.0,26.0,6.0,56.0,,6.0,67.667,,6.0,319.701,1.0,7
2019-01-09,5,184.169,3.917,5.771,2.529,0.331,0.929,-0.371,2.552,3.743,1.557,77.396,84.643,69.029,1029.547,1022.197,,7.575,10.2,2798.958,1550.0,,0.0,0.443,1.086,,20.286,20.286,20.286,6.0,6.0,,26.0,26.0,6.0,106.0,,6.0,67.667,,6.0,273.876,1.0,7
2019-01-10,5,96.675,3.018,5.543,0.414,1.144,4.586,-0.829,2.291,5.143,-0.071,87.467,94.629,78.057,1030.536,1023.155,,3.983,6.0,921.929,357.5,,0.0,0.0,0.043,,20.286,20.286,20.286,6.0,6.0,,26.0,26.0,6.0,106.0,,6.0,67.667,,6.0,300.935,1.0,7
2019-01-11,1,158.329,6.977,8.3,5.186,4.504,5.443,3.071,5.902,6.786,4.514,84.422,92.571,76.657,1030.119,1022.838,,4.367,6.6,1370.729,517.5,,0.0,0.029,0.586,,20.286,20.286,20.286,6.0,6.0,,26.0,26.0,6.0,106.0,,6.0,67.667,,6.0,313.529,1.0,7
2019-01-12,4,240.253,8.726,10.143,6.986,5.248,7.071,3.3,7.164,8.529,5.486,78.758,85.114,72.186,1023.078,1015.896,,8.992,12.6,4139.583,2500.0,21.333,0.0,0.0,0.271,,20.286,20.286,20.286,6.0,6.0,,26.0,26.0,6.0,39.333,,6.0,67.667,,6.0,270.834,1.0,7
2019-01-13,11,303.912,10.418,11.557,9.357,6.32,7.571,1.786,8.521,9.586,6.286,76.034,85.057,57.7,1014.254,1007.166,,11.508,16.4,4015.625,2225.0,26.8,0.0,0.014,0.629,,20.286,20.286,20.286,6.0,6.0,,26.0,26.0,6.0,26.0,,6.0,67.667,,6.0,283.867,1.0,7
2019-01-14,8,325.743,7.813,9.243,4.786,2.55,3.6,1.071,5.611,6.486,3.357,69.37,78.486,58.857,1020.199,1013.009,,8.308,13.4,2827.083,1875.0,23.5,0.0,0.243,0.686,,20.286,20.286,20.286,6.0,6.0,,26.0,26.0,6.0,56.0,,6.0,67.667,,6.0,302.956,1.0,7
2019-01-15,7,172.265,6.584,9.086,2.329,3.786,6.271,0.571,5.376,7.643,1.7,82.413,90.9,74.443,1019.408,1012.194,,7.142,11.0,3688.542,1950.0,,0.0,0.014,0.114,,20.286,20.286,20.286,6.0,6.0,,26.0,26.0,6.0,106.0,,6.0,67.667,,6.0,238.928,1.0,7
2019-01-16,6,89.332,7.351,9.229,3.586,6.032,7.957,2.857,6.746,8.586,3.286,91.406,95.3,85.2,1006.049,998.946,,8.808,13.0,2156.019,415.0,22.5,0.0,0.0,0.029,,20.286,20.286,20.286,6.0,6.0,,26.0,26.0,6.0,56.0,,6.0,67.667,,6.0,230.939,1.0,7
2019-01-17,3,181.801,3.124,4.871,0.229,-0.78,3.743,-4.1,1.742,4.2,-1.043,76.397,96.729,53.086,1011.204,1003.96,,6.833,11.8,3242.708,407.5,20.5,0.0,0.857,2.471,,20.286,20.286,20.286,6.0,6.0,,26.0,26.0,6.0,56.0,,6.0,67.667,,6.0,306.159,1.0,7
2019-01-18,5,187.828,2.387,6.686,-1.243,-1.677,0.529,-3.286,0.883,4.143,-1.929,74.322,88.143,58.557,1016.45,1009.165,,5.125,10.4,3090.625,1975.0,23.0,0.0,0.114,1.914,,20.286,20.286,20.286,6.0,6.0,,26.0,26.0,6.0,56.0,,6.0,67.667,,6.0,147.812,1.0,7
2019-01-19,3,150.204,3.943,5.343,2.157,1.061,3.371,-1.2,2.842,4.329,1.086,81.599,90.171,74.571,1009.964,1002.748,,6.358,9.2,2046.771,797.5,,0.0,0.0,0.043,,20.286,20.286,20.286,6.0,6.0,,26.0,26.0,6.0,106.0,,6.0,67.667,,6.0,127.426,1.0,7
2019-01-20,0,139.327,1.702,5.3,-1.029,-1.401,-0.057,-2.914,0.576,2.8,-1.414,80.193,93.414,58.043,1017.8,1010.458,,2.983,5.8,1340.729,577.5,,0.0,0.8,2.829,,20.286,20.286,20.286,6.0,6.0,,26.0,26.0,6.0,106.0,,6.0,67.667,,6.0,32.572,1.0,7
2019-01-21,10,103.773,1.751,5.586,-2.371,-0.44,2.757,-3.214,0.917,4.086,-2.671,85.26,94.986,67.757,1021.289,1013.934,,3.908,9.6,983.25,341.5,18.0,0.0,0.043,0.929,,20.286,20.286,20.286,6.0,6.0,,26.0,26.0,6.0,106.0,,6.0,67.667,,6.0,226.544,1.0,7
2019-01-22,1,88.179,3.073,5.971,0.186,1.273,4.943,-0.643,2.376,5.443,-0.014,88.472,97.529,67.114,1002.054,994.889,,5.417,10.4,1798.854,115.0,25.0,0.0,0.571,2.0,1.0,20.286,20.286,20.286,6.0,6.0,,26.0,26.0,6.0,56.0,,6.0,67.667,6.0,6.0,258.066,11.0,7
2019-01-23,4,82.537,0.965,2.671,-1.571,-0.835,0.214,-2.429,0.31,1.514,-1.886,87.564,96.057,78.514,1002.532,995.299,,4.6,9.0,1455.312,510.0,,0.0,0.214,0.471,0.0,20.286,20.286,20.286,6.0,6.0,,26.0,26.0,6.0,106.0,,6.0,67.667,10006.0,2006.0,335.55,12.0,7
2019-01-24,5,49.53,1.068,4.086,-2.386,0.118,2.943,-3.043,0.702,3.571,-2.614,92.607,96.186,87.157,1011.678,1004.393,,2.392,4.4,773.854,342.5,,0.0,0.0,0.5,,20.286,20.286,20.286,6.0,6.0,,26.0,26.0,6.0,106.0,,6.0,67.667,,6.0,265.617,1.0,7
2019-01-25,3,89.628,6.808,11.586,2.471,5.393,8.786,1.786,6.148,10.071,2.2,91.011,98.714,80.357,1013.949,1006.78,,5.442,10.2,1549.688,105.0,,0.0,0.4,0.8,,20.286,20.286,20.286,6.0,6.0,,26.0,26.0,6.0,106.0,,6.0,67.667,,6.0,255.596,1.0,7
2019-01-26,3,142.221,8.116,10.143,6.071,6.035,7.629,4.943,7.162,8.443,5.757,86.914,96.171,75.943,1002.59,995.542,,9.7,14.0,2844.062,487.5,23.0,0.0,0.057,0.514,,20.286,20.286,20.286,6.0,6.0,,26.0,26.0,6.0,39.333,,6.0,67.667,,6.0,233.662,1.0,7
2019-01-27,6,224.331,5.673,8.043,3.414,1.554,5.771,-2.314,4.082,6.843,1.471,75.573,92.414,60.229,991.753,984.711,,13.017,19.4,2333.646,382.5,32.0,0.0,0.271,1.129,,20.286,20.286,20.286,6.0,6.0,,26.0,26.0,6.0,26.0,,6.0,67.667,,6.0,297.675,1.0,7
2019-01-28,8,243.001,2.482,5.557,-1.343,-3.085,-1.429,-6.457,0.548,2.529,-2.286,66.89,82.0,44.186,1005.757,998.535,,8.017,12.8,3695.833,2350.0,,0.0,1.0,3.3,,20.286,20.286,20.286,6.0,6.0,,26.0,26.0,6.0,106.0,,6.0,67.667,,6.0,304.966,0.0,7
2019-01-29,5,134.55,2.002,6.171,-2.143,-0.863,2.457,-4.414,0.927,4.286,-2.943,81.099,96.971,62.286,999.931,992.75,,4.142,8.6,2912.708,237.5,,0.0,0.071,0.686,,20.286,20.286,20.286,6.0,6.0,,26.0,26.0,6.0,106.0,,6.0,67.667,,6.0,188.043,1.0,7
2019-01-30,3,101.963,0.988,4.814,-1.914,-1.304,0.914,-2.871,0.148,2.7,-2.2,84.625,95.729,64.543,995.701,988.51,,3.72,7.0,3081.042,570.0,,0.0,0.886,3.071,,20.286,20.286,20.286,6.0,6.0,,26.0,26.0,6.0,106.0,,6.0,67.667,,6.0,289.587,1.0,7
2019-01-31,3,95.804,-0.163,4.014,-4.214,-2.392,-0.0,-4.929,-0.961,2.186,-4.429,84.214,95.4,65.743,991.423,984.238,986.25,5.558,11.8,1800.729,207.5,18.5,0.0,0.486,2.029,,20.286,20.286,20.286,6.0,6.0,1.0,26.0,26.0,6.0,56.0,,6.0,67.667,,6.0,97.47,1.0,7
2019-02-01,3,50.352,1.514,2.471,0.557,0.452,1.186,-0.657,1.118,1.943,0.2,92.676,96.486,85.886,987.593,980.485,,8.625,12.6,728.438,122.5,21.75,0.0,0.0,0.014,3.0,20.286,20.286,20.286,6.0,6.0,,26.0,26.0,6.0,31.0,,6.0,67.667,6.0,6.0,54.587,13.0,7
2019-02-02,2,150.145,2.518,4.543,0.9,-0.722,0.657,-1.571,1.342,2.529,0.243,79.658,92.829,66.457,1006.683,999.461,,8.158,11.4,2434.375,707.5,20.0,0.0,0.814,1.843,0.0,20.286,20.286,20.286,6.0,6.0,,26.0,26.0,6.0,56.0,,6.0,67.667,6.0,6.0,342.58,1.0,7
2019-02-03,0,169.916,2.11,6.314,-2.871,-1.615,3.6,-4.114,0.742,4.743,-3.3,76.181,90.686,53.743,1022.995,1015.658,,5.175,9.2,3393.75,1700.0,,0.0,1.0,3.657,,20.286,20.286,20.286,6.0,6.0,,26.0,26.0,6.0,106.0,,6.0,67.667,,6.0,251.343,1.0,7
2019-02-04,2,83.659,6.966,8.671,4.8,5.683,8.129,3.357,6.405,8.414,4.286,91.683,98.543,80.029,1018.658,1011.473,1013.875,8.233,14.4,1435.729,192.5,25.0,0.0,0.0,0.014,,20.286,20.286,20.286,6.0,6.0,1.0,26.0,26.0,6.0,26.0,,6.0,67.667,,6.0,215.573,2.0,7
2019-02-05,4,45.994,6.545,8.071,5.3,5.829,7.086,4.7,6.229,7.457,5.157,95.339,99.143,89.7,1023.181,1015.954,,5.558,10.4,915.417,102.5,25.0,0.0,0.0,0.071,,20.286,20.286,20.286,6.0,6.0,,26.0,26.0,6.0,56.0,,6.0,67.667,,6.0,184.423,1.0,7
2019-02-06,1,102.183,9.014,10.686,7.586,7.578,8.757,5.9,8.343,9.329,7.357,91.185,98.257,73.186,1016.426,1009.297,,5.45,9.6,1534.375,262.5,,0.0,0.114,0.8,,20.286,20.286,20.286,6.0,6.0,,26.0,26.0,6.0,106.0,,6.0,67.667,,6.0,202.415,1.0,7
2019-02-07,1,274.046,7.702,9.814,6.214,3.32,8.586,1.343,5.848,8.886,4.457,74.055,96.343,62.629,1006.189,999.1,995.875,13.15,19.8,3453.125,1125.0,33.4,0.0,0.757,2.043,,20.286,20.286,20.286,6.0,6.0,1.0,26.0,26.0,6.0,26.0,,6.0,67.667,,6.0,239.06,1.0,7
2019-02-08,3,152.218,9.133,10.614,7.671,7.052,9.0,4.314,8.164,9.743,6.329,86.971,92.214,77.414,999.399,992.392,,13.15,18.6,1386.562,477.5,32.6,0.0,0.0,0.0,,20.286,20.286,20.286,6.0,6.0,,26.0,26.0,6.0,26.0,,6.0,67.667,,6.0,216.048,1.0,7
2019-02-09,4,311.047,8.127,10.229,6.757,3.176,5.229,1.6,6.023,7.114,4.757,71.36,88.343,58.571,1000.528,993.484,,13.5,20.2,2390.625,1300.0,34.4,0.0,0.529,1.871,,20.286,20.286,20.286,6.0,6.0,,26.0,26.0,6.0,26.0,,6.0,67.667,,6.0,236.237,1.0,7
2019-02-10,4,147.366,5.802,7.557,3.829,3.242,5.629,-0.2,4.768,6.186,2.443,84.146,95.929,67.957,997.751,990.676,,8.325,14.2,3377.604,712.5,23.667,0.0,0.143,0.586,,20.286,20.286,20.286,6.0,6.0,,26.0,26.0,6.0,39.333,,6.0,67.667,,6.0,255.898,1.0,7
2019-02-11,7,201.486,5.238,8.414,1.257,1.479,2.657,0.157,3.718,5.7,0.9,77.506,95.029,61.086,1023.37,1016.102,,4.183,8.8,3657.292,1800.0,,0.0,0.6,1.557,,20.286,20.286,20.286,6.0,6.0,,26.0,26.0,6.0,106.0,,6.0,67.667,,6.0,291.491,1.0,7
2019-02-12,4,171.268,6.34,11.271,1.771,3.45,6.057,-0.114,5.078,8.471,1.071,82.335,95.0,63.5,1033.289,1025.986,,5.367,10.2,2811.25,720.0,,0.0,0.371,1.986,,20.286,20.286,20.286,6.0,6.0,,26.0,26.0,6.0,106.0,,6.0,117.667,,6.0,234.68,1.0,7
2019-02-13,1,159.359,7.629,11.7,4.486,5.138,6.414,3.129,6.51,8.9,3.943,84.905,95.714,63.857,1033.186,1025.916,,5.825,10.0,1589.896,682.5,,0.0,0.4,2.271,,20.286,20.286,20.286,6.0,6.0,,26.0,26.0,6.0,106.0,,6.0,67.667,,6.0,203.503,1.0,7
2019-02-14,2,205.722,6.288,13.829,1.143,2.502,5.457,0.257,4.632,9.357,0.871,78.689,96.957,49.386,1031.923,1024.639,,3.233,6.4,1642.917,435.0,,0.0,1.2,3.857,,20.286,20.286,20.286,6.0,6.0,,26.0,26.0,6.0,106.0,,6.0,67.667,,6.0,133.92,1.0,7
2019-02-15,4,231.488,6.726,14.471,1.057,2.541,5.614,-0.057,4.888,9.814,0.757,76.788,96.643,48.8,1027.076,1019.855,,3.592,7.8,1460.729,467.5,,0.0,1.2,3.814,,20.286,20.286,20.286,6.0,6.0,,26.0,26.0,6.0,106.0,,6.0,67.667,,6.0,189.607,1.0,7
2019-02-16,4,99.676,8.461,11.786,3.457,7.073,9.729,1.757,7.805,10.729,2.957,91.178,96.414,82.143,1022.751,1015.583,,4.908,8.4,702.604,312.5,,0.0,0.0,0.057,,20.286,20.286,20.286,6.0,6.0,,26.0,26.0,6.0,106.0,,6.0,67.667,,6.0,199.037,1.0,7
2019-02-17,6,203.905,9.327,14.457,4.7,6.34,8.443,3.743,7.905,11.057,4.371,82.721,97.871,59.486,1016.09,1008.981,,6.475,11.4,1455.833,207.5,21.0,0.0,0.814,2.643,,20.286,20.286,20.286,6.0,6.0,,26.0,26.0,6.0,31.0,,6.0,67.667,,6.0,177.996,1.0,7
2019-02-18,1,114.398,7.975,10.071,4.886,6.336,7.714,3.671,7.218,8.871,4.4,89.452,94.443,82.243,1015.471,1008.332,1009.0,6.05,8.6,2005.104,605.0,,0.0,0.0,0.214,,20.286,20.286,20.286,6.0,6.0,1.0,26.0,26.0,6.0,106.0,,6.0,67.667,,6.0,210.093,1.0,7
2019-02-19,4,189.267,6.767,11.286,2.857,3.517,5.214,1.857,5.358,7.871,2.514,80.948,95.257,56.314,1018.707,1011.506,,6.783,11.0,2095.833,1275.0,21.0,0.0,0.743,2.629,,20.286,20.286,20.286,6.0,6.0,,26.0,26.0,6.0,106.0,,6.0,67.667,,6.0,235.417,1.0,7
2019-02-20,3,223.935,8.636,12.386,6.4,5.291,6.229,4.371,7.112,9.214,5.543,80.156,90.586,60.757,1020.118,1012.957,,7.717,12.0,2259.375,1000.0,16.0,0.0,0.543,2.357,,20.286,20.286,20.286,6.0,6.0,,26.0,26.0,6.0,56.0,,6.0,67.667,,6.0,215.795,1.0,7
2019-02-21,8,200.972,9.87,14.614,6.329,7.118,8.486,4.943,8.53,11.4,5.729,83.633,94.043,63.743,1026.381,1019.211,,5.95,9.6,1608.542,505.0,,0.0,0.786,2.271,,20.286,20.286,20.286,6.0,6.0,,26.0,26.0,6.0,106.0,,6.0,67.667,,6.0,226.182,1.0,7
2019-02-22,10,185.262,9.057,15.571,5.757,6.16,8.014,3.886,7.695,11.371,5.471,83.954,98.714,51.0,1034.531,1027.293,,3.5,6.4,1211.625,24.0,,0.0,0.843,2.929,,20.286,20.286,20.286,6.0,6.0,,26.0,26.0,6.0,106.0,,6.0,67.667,,6.0,167.682,1.0,7
2019-02-23,7,228.861,9.898,16.729,5.714,6.454,8.943,4.086,8.246,11.9,5.171,81.323,98.771,51.314,1033.884,1026.677,,4.192,7.6,1059.062,37.5,,0.0,0.9,3.129,,20.286,20.286,20.286,6.0,6.0,,26.0,26.0,6.0,106.0,,6.0,67.667,,6.0,136.352,1.0,7
2019-02-24,10,324.128,8.686,16.671,2.786,3.069,6.2,0.4,6.22,10.229,2.443,71.407,95.843,35.7,1035.548,1028.306,,2.617,5.6,1525.208,367.5,,0.0,1.314,3.886,,20.286,20.286,20.286,6.0,6.0,,26.0,26.0,6.0,106.0,,6.0,67.667,,6.0,97.148,1.0,7
2019-02-25,5,485.074,9.552,19.129,2.286,0.91,4.629,-2.214,5.895,11.043,1.471,60.181,88.486,25.971,1036.16,1028.968,,2.903,6.2,1919.792,900.0,3.0,0.0,1.357,4.286,,20.286,20.286,20.286,6.0,6.0,,26.0,26.0,6.0,56.0,,6.0,67.667,,6.0,88.086,1.0,7
2019-02-26,12,418.313,9.304,17.714,2.5,2.686,5.586,-0.4,6.319,11.129,1.471,66.723,87.614,40.957,1032.416,1025.249,,2.967,5.8,1795.833,950.0,,0.0,1.357,4.3,,20.286,20.286,20.286,6.0,6.0,,26.0,26.0,6.0,106.0,,6.0,67.667,,6.0,94.58,1.0,7
2019-02-27,6,300.765,9.504,16.686,3.471,4.91,7.029,2.271,7.324,11.571,3.014,75.689,93.814,50.986,1024.773,1017.662,,3.0,6.4,1059.792,490.0,12.0,0.0,1.329,4.314,,20.286,20.286,20.286,6.0,6.0,,26.0,26.0,6.0,106.0,,6.0,67.667,,6.0,248.626,1.0,7
2019-02-28,3,147.25,9.085,12.086,4.786,7.05,9.586,3.886,8.107,10.657,4.4,87.348,96.471,75.843,1015.92,1008.816,,6.783,12.6,1577.396,235.0,,0.0,0.1,0.814,,20.286,20.286,20.286,6.0,6.0,,26.0,26.0,6.0,106.0,,6.0,67.667,,6.0,249.384,1.0,7
2019-03-01,6,209.68,9.278,10.671,7.586,6.347,7.743,5.057,7.923,8.643,6.686,82.197,91.614,69.971,1018.092,1010.97,,5.233,7.8,1182.292,625.0,,0.0,0.014,0.086,,20.286,20.286,20.286,6.0,6.0,,26.0,26.0,6.0,106.0,,6.0,67.667,,6.0,272.958,1.0,7
2019-03-02,7,210.159,10.535,14.017,7.717,7.749,9.833,5.35,9.183,10.933,6.65,83.634,95.967,63.867,1010.145,1003.099,,9.258,16.4,1865.0,302.5,26.25,0.0,0.329,0.929,,22.667,22.667,22.667,6.0,6.0,,26.0,26.0,6.0,31.0,,6.0,67.667,,6.0,214.144,1.0,7
2019-03-03,3,180.754,10.781,12.067,9.05,8.49,10.317,4.717,9.673,10.983,7.167,86.133,96.283,69.933,998.422,991.467,,13.033,19.6,1426.25,335.0,34.8,0.0,0.0,0.043,,22.667,22.667,22.667,6.0,6.0,,26.0,26.0,6.0,26.0,,6.0,67.667,,6.0,226.662,1.0,7
2019-03-04,5,218.559,6.626,9.983,4.05,2.883,5.533,0.95,5.065,7.233,3.017,77.76,91.083,59.65,994.35,987.32,,10.625,17.2,3725.938,522.5,27.8,0.0,0.471,1.386,,22.667,22.667,22.667,6.0,6.0,,26.0,26.0,6.0,26.0,,6.0,67.667,,6.0,256.238,1.0,7
2019-03-05,2,234.697,7.465,11.5,3.05,3.573,8.05,0.917,5.792,8.817,2.233,77.462,91.4,53.55,1002.489,995.42,,8.4,12.4,3656.25,1350.0,21.0,0.0,0.786,2.471,,22.667,22.667,22.667,6.0,6.0,,26.0,26.0,6.0,39.333,,6.0,67.667,,6.0,219.162,1.0,7
2019-03-06,6,194.371,10.474,12.183,8.75,7.983,9.55,5.567,9.263,10.65,7.483,84.79,92.417,77.2,989.907,983.005,,10.708,15.0,1781.354,452.5,24.4,0.0,0.0,0.143,,22.667,22.667,22.667,6.0,6.0,,26.0,26.0,6.0,26.0,,6.0,67.667,,6.0,189.956,1.0,7
2019-03-07,4,273.973,8.074,11.367,5.75,3.696,5.317,1.317,6.186,7.567,4.767,74.713,86.167,52.367,991.566,984.582,,14.192,23.6,3764.931,2200.0,37.75,0.0,0.571,1.257,,22.667,22.667,22.667,6.0,6.0,,26.0,26.0,6.0,31.0,,6.0,67.667,,6.0,256.862,1.0,7
2019-03-08,7,193.325,7.283,9.883,3.2,4.121,8.217,1.167,5.927,8.75,2.617,81.179,95.167,58.383,1009.776,1007.203,,8.35,13.6,2699.583,430.0,21.25,0.0,0.471,1.214,,22.667,22.667,22.667,6.0,6.0,,26.0,26.0,6.0,31.0,,6.0,101.0,,6.0,245.123,1.0,7
2019-03-09,9,318.291,9.161,12.6,7.067,4.195,7.783,0.333,7.021,9.3,5.817,73.153,91.9,49.9,1012.175,1009.617,,10.643,17.8,2194.306,596.667,32.75,0.0,0.471,1.071,,22.667,22.667,22.667,6.0,6.0,,26.0,26.0,6.0,31.0,,6.0,101.0,,6.0,255.609,1.0,7
2019-03-10,5,258.476,7.274,10.52,2.4,2.482,9.14,-4.56,5.375,9.64,1.98,74.71,97.72,35.52,1009.004,1006.431,,12.604,25.0,2881.908,286.667,41.5,0.0,1.017,1.717,,26.0,26.0,26.0,6.0,6.0,,31.0,31.0,6.0,31.0,,6.0,101.0,,6.0,259.331,1.0,6
2019-03-11,2,396.592,7.032,10.417,3.817,-0.294,3.8,-2.533,4.201,6.167,1.933,60.509,77.2,41.083,1023.418,1016.204,,10.99,15.2,3554.574,2025.0,25.0,0.0,1.171,3.243,,22.667,22.667,22.667,6.0,6.0,,26.0,26.0,6.0,31.0,,6.0,67.667,,6.0,269.471,1.0,7
2019-03-12,1,146.981,6.911,9.133,3.983,4.588,7.967,1.533,5.909,8.567,3.5,85.368,92.85,72.517,1007.071,999.957,,13.267,18.8,1972.129,375.0,29.8,0.0,0.214,0.514,,22.667,22.667,22.667,6.0,6.0,,26.0,26.0,6.0,26.0,,6.0,67.667,,6.0,230.215,1.0,7
2019-03-13,2,391.855,8.415,10.9,5.617,2.035,3.85,0.567,5.756,7.0,3.9,64.608,75.417,51.733,1007.966,1000.882,,15.425,19.6,2459.692,1550.0,33.2,0.0,0.371,1.029,,22.667,22.667,22.667,6.0,6.0,,26.0,26.0,6.0,26.0,,6.0,67.667,,6.0,271.861,1.0,7
2019-03-14,4,323.305,10.001,14.15,6.983,5.252,8.733,2.533,7.857,10.533,6.05,73.759,92.383,46.183,1006.102,999.07,,13.275,21.6,2463.229,467.5,35.6,0.0,0.557,1.343,,22.667,22.667,22.667,6.0,6.0,,26.0,26.0,6.0,26.0,,6.0,67.667,,6.0,269.683,1.0,7
2019-03-15,5,262.871,11.996,14.1,9.0,8.809,10.0,6.933,10.397,11.7,8.583,81.426,96.933,70.167,1007.227,1000.23,,15.508,22.4,3062.917,317.5,36.8,0.0,0.171,0.571,,22.667,22.667,22.667,6.0,6.0,,26.0,26.0,6.0,26.0,,6.0,67.667,,6.0,260.939,1.0,7
2019-03-16,6,243.367,10.583,11.717,8.167,7.409,9.6,6.017,9.061,10.317,7.467,81.137,93.733,69.983,1002.564,995.56,,16.025,22.2,1989.688,470.0,37.2,0.0,0.0,0.014,,22.667,22.667,22.667,6.0,6.0,,26.0,26.0,6.0,26.0,,6.0,67.667,,6.0,234.385,1.0,7
2019-03-17,4,253.928,6.539,9.267,4.233,2.004,5.5,-1.9,4.717,6.7,3.317,73.923,87.75,47.233,1005.219,998.111,,10.183,15.4,4307.292,2175.0,32.0,0.0,0.9,2.814,,22.667,22.667,22.667,6.0,6.0,,26.0,26.0,6.0,31.0,,6.0,67.667,,6.0,272.924,1.0,7
2019-03-18,3,242.154,6.969,10.917,3.9,2.866,4.883,1.267,5.237,7.283,2.95,75.892,89.8,53.283,1020.439,1013.235,,5.833,9.8,3552.083,1725.0,18.0,0.0,0.529,1.829,,22.667,22.667,22.667,6.0,6.0,,26.0,26.0,6.0,106.0,,6.0,67.667,,6.0,272.952,1.0,7
2019-03-19,7,171.366,9.107,12.433,5.783,6.707,8.1,4.533,7.962,10.0,5.25,85.281,95.267,69.217,1027.302,1020.1,,4.75,7.6,2106.146,450.0,,0.0,0.086,0.543,,22.667,22.667,22.667,6.0,6.0,,26.0,26.0,6.0,106.0,,6.0,67.667,,6.0,228.858,1.0,7
2019-03-20,7,227.623,10.584,12.583,8.8,7.683,8.4,6.983,9.172,10.433,7.95,82.349,89.617,73.8,1032.271,1025.067,,5.7,8.4,3267.708,1275.0,,0.0,0.0,0.071,,22.667,22.667,22.667,6.0,6.0,,26.0,26.0,6.0,106.0,,6.0,67.667,,6.0,244.517,1.0,7
2019-03-21,8,255.342,11.274,13.683,8.933,8.103,9.05,7.1,9.706,11.217,8.167,81.026,92.783,70.917,1032.982,1025.791,,4.183,7.0,2775.833,770.0,,0.0,0.014,0.157,,22.667,22.667,22.667,6.0,6.0,,26.0,26.0,6.0,106.0,,6.0,67.667,,6.0,252.22,1.0,7
2019-03-22,7,231.806,9.793,11.083,8.683,6.704,7.783,6.05,8.338,9.367,7.517,81.05,85.9,76.817,1028.852,1021.654,,5.95,8.2,1861.458,1125.0,,0.0,0.0,0.0,,22.667,22.667,22.667,6.0,6.0,,26.0,26.0,6.0,106.0,,6.0,67.667,,6.0,222.084,1.0,7
2019-03-23,6,346.65,9.768,12.933,5.883,4.603,7.417,1.45,7.482,8.717,4.4,71.547,92.6,50.4,1031.357,1024.144,,4.442,7.6,2052.604,582.5,,0.0,0.229,1.214,,22.667,22.667,22.667,6.0,6.0,,26.0,26.0,6.0,106.0,,6.0,67.667,,6.0,47.554,1.0,7
2019-03-24,8,371.902,8.253,13.817,3.25,1.714,4.467,-0.433,5.522,8.617,2.767,66.281,93.75,41.317,1030.497,1023.241,,4.967,11.2,2608.854,997.5,,0.0,1.529,3.057,,22.667,22.667,22.667,6.0,6.0,,26.0,26.0,6.0,106.0,,6.0,67.667,,6.0,316.38,1.0,7
2019-03-25,12,448.477,8.577,12.4,4.75,1.022,3.383,-0.583,5.498,7.433,3.267,60.006,79.75,42.283,1031.717,1024.461,,6.95,11.8,3115.987,1725.0,17.0,0.0,1.586,1.343,,22.667,22.667,22.667,6.0,6.0,,26.0,26.0,6.0,56.0,,6.0,67.667,,6.0,282.064,1.0,7
2019-03-26,5,319.432,7.362,13.133,1.6,1.747,3.767,-0.283,4.99,8.467,0.883,69.256,91.067,46.45,1034.204,1026.909,1030.25,3.917,8.0,2402.083,1375.0,,0.0,1.157,3.486,,22.667,22.667,22.667,6.0,6.0,1.0,26.0,26.0,6.0,106.0,,6.0,67.667,,6.0,304.731,1.0,7
2019-03-27,9,401.059,9.069,12.617,4.817,2.851,4.1,1.35,6.385,8.583,3.55,65.614,82.45,51.817,1035.154,1027.896,,3.417,7.6,3377.083,2075.0,,0.0,0.329,0.871,,22.667,22.667,22.667,6.0,6.0,,26.0,26.0,6.0,106.0,,6.0,67.667,,6.0,338.796,1.0,7
2019-03-28,7,467.298,10.465,15.267,6.9,3.597,4.7,2.583,7.408,10.033,5.3,63.461,80.317,43.75,1035.699,1028.455,,2.558,5.8,2327.083,1575.0,,0.0,0.771,2.157,,22.667,22.667,22.667,6.0,6.0,,26.0,26.0,6.0,106.0,,6.0,67.667,,6.0,204.432,1.0,7
2019-03-29,8,432.95,10.409,17.317,3.083,3.815,6.233,1.25,7.385,11.517,2.4,65.951,90.683,42.883,1029.043,1021.867,,2.742,5.6,1698.958,700.0,13.0,0.0,1.614,5.1,,22.667,22.667,22.667,6.0,6.0,,26.0,26.0,6.0,106.0,,6.0,67.667,,6.0,176.718,1.0,7
2019-03-30,12,479.912,12.302,18.35,5.183,5.649,7.6,3.6,9.091,12.433,4.65,66.639,93.633,42.15,1021.259,1014.197,,3.092,7.2,1074.479,427.5,,0.0,1.157,3.586,,22.667,22.667,22.667,6.0,6.0,,26.0,26.0,6.0,106.0,,6.0,117.667,,6.0,225.821,1.0,7
2019-03-31,6,340.535,9.2,12.033,5.617,4.117,6.4,1.133,6.972,8.633,4.117,71.063,83.05,55.1,1024.541,1017.349,,7.917,11.2,1962.917,292.5,19.5,0.0,0.543,1.829,,22.667,22.667,22.667,6.0,6.0,,26.0,26.0,6.0,31.0,,6.0,67.667,,6.0,75.055,1.0,7
2019-04-01,11,331.465,8.399,13.5,4.083,2.92,4.383,1.983,6.026,8.967,3.333,70.169,88.317,47.967,1019.79,1012.61,,5.742,8.6,2058.333,1075.0,18.5,0.0,1.629,4.871,,22.667,22.667,22.667,6.0,6.0,,26.0,26.0,6.0,56.0,,6.0,67.667,,6.0,85.083,1.0,7
2019-04-02,4,125.643,5.518,8.667,2.667,3.312,6.15,0.867,4.599,7.0,2.233,86.313,96.333,64.0,1004.403,997.273,,5.008,10.6,2448.288,272.5,19.0,0.0,0.314,1.186,,22.667,22.667,22.667,6.0,6.0,,26.0,26.0,6.0,39.333,,6.0,67.667,,6.0,257.073,1.0,7
2019-04-03,6,185.861,4.404,9.017,0.95,0.58,3.05,-1.817,2.922,5.45,0.5,78.083,96.55,48.367,998.754,991.623,,3.375,7.8,2577.188,360.0,,0.0,0.7,2.367,,22.667,22.667,22.667,6.0,6.0,,26.0,26.0,6.0,106.0,,6.0,67.667,,6.0,273.089,1.0,6
2019-04-04,5,215.161,5.94,9.033,1.367,2.081,4.783,-0.4,4.337,6.633,0.75,77.093,91.883,63.367,995.323,988.27,,8.592,14.8,3453.542,885.0,24.75,0.0,0.267,1.683,,22.667,22.667,22.667,6.0,6.0,,26.0,26.0,6.0,31.0,,6.0,67.667,,6.0,144.426,1.0,6
2019-04-05,11,459.632,9.579,13.583,6.367,2.137,4.65,-1.867,6.44,8.15,4.65,61.619,78.017,37.083,1001.991,994.979,,8.733,12.6,3794.792,825.0,21.0,0.0,0.467,2.033,,22.667,22.667,22.667,6.0,6.0,,26.0,26.0,6.0,39.333,,6.0,67.667,,6.0,122.67,1.0,6
2019-04-06,6,198.685,8.458,10.2,6.783,5.558,6.183,4.617,7.142,8.0,5.967,82.285,89.433,70.967,1005.324,998.259,,6.433,8.4,1296.875,690.0,,0.0,0.067,0.833,,22.667,22.667,22.667,6.0,6.0,,26.0,26.0,6.0,106.0,,6.0,67.667,,6.0,75.995,1.0,6
2019-04-07,6,126.158,8.912,11.583,6.45,7.175,8.867,5.35,8.085,10.1,6.017,89.045,94.133,81.083,1008.186,1001.12,,4.667,7.0,394.271,195.0,,0.0,0.0,0.033,,22.667,22.667,22.667,6.0,6.0,,26.0,26.0,6.0,106.0,,6.0,67.667,,6.0,31.211,1.0,6
2019-04-08,4,154.961,9.682,12.35,7.583,7.604,9.2,6.583,8.671,10.283,7.133,87.176,95.183,74.483,1010.896,1003.83,,2.7,4.8,416.104,151.5,,0.0,0.033,0.45,,22.667,22.667,22.667,6.0,6.0,,26.0,26.0,6.0,106.0,,6.0,67.667,,6.0,276.239,1.0,6
2019-04-09,3,171.026,8.987,11.367,7.117,6.486,9.117,2.817,7.871,9.55,5.45,85.278,96.633,62.817,1013.955,1006.847,,5.725,9.6,960.396,94.0,16.0,0.0,0.0,0.483,,22.667,22.667,22.667,6.0,6.0,,26.0,26.0,6.0,106.0,,6.0,67.667,,6.0,47.814,1.0,6
2019-04-10,5,392.43,8.008,11.767,4.483,1.203,3.917,-1.467,5.259,7.15,2.45,63.649,83.617,43.35,1019.456,1012.278,,8.169,10.8,2955.217,1350.0,19.333,0.0,1.967,5.75,,22.667,22.667,22.667,6.0,6.0,,26.0,26.0,6.0,39.333,,6.0,67.667,,6.0,59.875,1.0,6
2019-04-11,8,375.541,6.353,11.367,1.633,-0.788,0.783,-1.95,3.587,6.833,0.4,61.172,77.983,44.517,1025.78,1018.505,,5.436,8.8,3543.561,2250.0,,0.0,2.1,5.95,,22.667,22.667,22.667,6.0,6.0,,26.0,26.0,6.0,106.0,,6.0,117.667,,6.0,69.354,1.0,6
2019-04-12,8,378.026,6.281,10.0,1.083,-0.944,0.6,-2.383,3.515,5.817,-0.133,60.724,78.233,44.35,1026.912,1019.626,,4.85,8.0,3106.25,1900.0,,0.0,0.6,1.667,,22.667,22.667,22.667,6.0,6.0,,26.0,26.0,6.0,106.0,,6.0,67.667,,6.0,72.511,1.0,6
2019-04-13,12,292.949,5.107,8.833,1.15,-0.658,2.183,-3.017,2.933,5.633,0.05,66.968,80.933,44.1,1027.265,1019.951,,5.0,8.8,2810.417,1400.0,,0.0,1.1,2.967,,22.667,22.667,22.667,6.0,6.0,,26.0,26.0,6.0,106.0,,6.0,67.667,,6.0,80.566,1.0,6
2019-04-14,7,320.194,5.293,9.833,0.1,-1.281,1.4,-4.383,2.824,5.217,-0.733,64.381,85.7,36.767,1025.433,1018.134,,5.925,10.8,2430.208,700.0,17.0,0.0,1.333,3.85,,22.667,22.667,22.667,6.0,6.0,,26.0,26.0,6.0,39.333,,6.0,67.667,,6.0,88.295,1.0,6
2019-04-15,11,419.793,9.014,13.7,4.683,2.094,4.7,-0.633,6.097,8.6,3.383,63.608,83.533,37.9,1019.898,1012.748,,7.6,13.2,1205.729,537.5,19.0,0.0,1.833,5.65,,22.667,22.667,22.667,6.0,6.0,,26.0,26.0,6.0,56.0,,6.0,67.667,,6.0,105.584,0.0,6
2019-04-16,7,310.366,10.862,16.133,6.15,6.692,9.55,3.883,8.859,11.6,5.267,76.447,90.783,54.5,1015.151,1008.078,,2.992,8.2,594.479,302.5,,0.0,0.217,0.667,,22.667,22.667,22.667,6.0,6.0,,26.0,26.0,6.0,106.0,,6.0,67.667,,6.0,181.709,0.0,6
2019-04-17,7,413.044,12.285,18.767,6.433,6.786,8.683,4.7,9.584,12.9,5.7,71.264,92.283,44.5,1019.384,1012.317,,3.761,8.2,679.205,210.0,14.0,0.0,1.617,5.05,,22.667,22.667,22.667,6.0,6.0,,26.0,26.0,6.0,106.0,,6.0,67.667,,6.0,66.846,1.0,6
2019-04-18,11,549.943,14.094,20.517,8.017,6.975,9.967,4.1,10.578,14.033,7.633,66.026,94.917,36.05,1023.264,1016.205,,5.945,11.2,1026.637,120.0,15.0,0.0,1.833,5.117,,22.667,22.667,22.667,6.0,6.0,,26.0,26.0,6.0,106.0,,6.0,67.667,,6.0,86.757,0.0,6
2019-04-19,15,821.692,15.546,23.017,8.6,5.436,7.567,3.417,10.626,14.2,7.083,53.84,80.033,29.167,1028.179,1021.124,,4.573,8.4,1848.958,850.0,7.0,0.0,2.05,6.167,,22.667,22.667,22.667,6.0,6.0,,26.0,26.0,6.0,56.0,,6.0,67.667,,6.0,65.714,0.0,6
2019-04-20,16,860.854,16.096,23.55,8.417,5.641,8.083,3.617,10.953,14.6,6.95,53.261,83.183,29.4,1029.41,1022.359,,4.258,8.0,1897.917,825.0,15.0,0.0,2.133,6.533,,22.667,22.667,22.667,6.0,6.0,,26.0,26.0,6.0,56.0,,6.0,67.667,,6.0,64.005,0.0,6
2019-04-21,18,872.507,15.378,23.1,7.45,4.066,7.617,-0.15,10.046,14.3,5.917,50.362,80.817,28.433,1019.973,1012.984,,3.917,8.2,1891.667,1100.0,14.0,0.0,2.133,6.7,,22.667,22.667,22.667,6.0,6.0,,26.0,26.0,6.0,106.0,,6.0,67.667,,6.0,75.831,0.0,6
2019-04-22,17,909.93,16.365,24.05,8.217,5.637,8.65,1.033,11.067,15.133,5.933,51.168,75.1,28.2,1005.853,998.991,,4.533,9.6,2037.5,900.0,,0.0,1.233,4.533,,22.667,22.667,22.667,6.0,6.0,,26.0,26.0,6.0,106.0,,6.0,67.667,,6.0,99.265,0.0,6
2019-04-23,10,706.424,15.326,20.433,11.783,7.28,9.183,5.467,11.302,14.25,9.233,59.648,74.55,44.167,997.119,990.271,,4.042,7.6,1896.875,775.0,18.0,0.0,0.25,1.117,,22.667,22.667,22.667,6.0,6.0,,26.0,26.0,6.0,56.0,,6.0,67.667,,6.0,80.821,0.0,6
2019-04-24,12,424.769,13.163,17.917,8.783,8.135,12.75,5.133,10.652,14.25,7.25,72.164,83.833,57.133,994.171,987.298,,6.433,14.0,2559.678,577.5,21.0,0.0,0.383,1.817,,22.667,22.667,22.667,6.0,6.0,,26.0,26.0,6.0,39.333,,6.0,67.667,,6.0,145.456,0.0,6
2019-04-25,9,426.986,12.107,16.017,9.133,6.518,8.633,4.167,9.446,11.3,7.65,70.059,85.767,49.433,999.564,992.623,,8.762,13.4,4109.943,2550.0,19.667,0.0,0.483,2.35,,22.667,22.667,22.667,6.0,6.0,,26.0,26.0,6.0,39.333,,6.0,67.667,,6.0,165.694,1.0,6
2019-04-26,13,324.441,10.967,15.933,6.233,6.449,8.717,3.25,8.818,11.167,5.783,75.447,95.6,49.733,1009.08,1002.052,,8.292,14.0,2820.938,627.5,23.5,0.0,0.833,2.75,,22.667,22.667,22.667,6.0,6.0,,26.0,26.0,6.0,31.0,,6.0,67.667,,6.0,197.307,1.0,6
2019-04-27,8,452.576,9.716,12.1,7.633,2.662,7.767,-0.267,6.731,8.7,5.767,62.622,88.183,43.25,1009.882,1002.816,,14.683,21.2,3302.083,1250.0,36.0,0.0,0.2,0.767,,22.667,22.667,22.667,6.0,6.0,,26.0,26.0,6.0,26.0,,6.0,67.667,,6.0,258.711,1.0,6
2019-04-28,6,448.352,10.435,13.433,7.45,4.003,5.8,1.5,7.564,9.283,5.283,64.69,79.333,51.867,1019.948,1012.831,,8.242,12.0,3772.917,1950.0,20.0,0.0,0.167,1.5,,22.667,22.667,22.667,6.0,6.0,,26.0,26.0,6.0,39.333,,6.0,67.667,,6.0,333.098,1.0,6
2019-04-29,8,335.281,10.292,14.65,5.183,5.485,7.167,3.583,8.049,10.317,4.633,73.418,93.867,51.617,1025.909,1018.75,,3.583,6.4,2332.292,600.0,15.0,0.0,0.467,1.5,,22.667,22.667,22.667,6.0,6.0,,26.0,26.0,6.0,56.0,,6.0,67.667,,6.0,72.057,0.0,6
2019-04-30,11,383.701,11.406,17.167,5.6,5.992,7.433,4.017,8.812,11.617,5.167,71.787,96.233,45.433,1024.383,1017.253,,3.322,6.6,1943.542,302.5,,0.0,1.567,4.333,,22.667,22.667,22.667,6.0,6.0,,26.0,26.0,6.0,106.0,,6.0,67.667,,6.0,115.725,0.0,6
2019-05-01,11,394.332,11.958,17.217,6.4,6.696,8.0,5.167,9.389,12.183,5.9,72.012,94.0,49.017,1018.244,1011.178,,3.835,10.0,2188.153,657.5,15.0,0.0,0.583,2.433,,22.667,22.667,22.667,6.0,6.0,,26.0,26.0,6.0,56.0,,6.0,67.667,,6.0,263.93,0.0,6
2019-05-02,14,360.503,11.81,15.583,8.717,7.076,8.867,5.083,9.537,10.883,7.8,74.199,92.617,51.417,1014.1,1007.046,,6.389,11.6,3352.415,937.5,17.5,0.0,0.767,2.683,,22.667,22.667,22.667,6.0,6.0,,26.0,26.0,6.0,56.0,,6.0,67.667,,6.0,299.897,0.0,6
2019-05-03,4,218.098,9.585,13.85,6.4,6.515,8.533,2.783,8.142,10.817,5.183,81.888,94.717,58.783,1014.647,1007.552,,4.358,8.8,2298.125,552.5,19.0,0.0,0.317,0.85,,22.667,22.667,22.667,6.0,6.0,,26.0,26.0,6.0,106.0,,6.0,67.667,,6.0,270.054,1.0,6
2019-05-04,4,339.474,7.306,10.583,5.083,1.393,3.583,-2.017,4.922,6.55,3.533,67.001,81.35,44.433,1019.433,1012.239,,8.958,15.4,3682.812,1337.5,28.25,0.0,1.583,4.517,,22.667,22.667,22.667,6.0,6.0,,26.0,26.0,6.0,31.0,,6.0,67.667,,6.0,78.605,1.0,6
2019-05-05,15,419.9,7.938,11.483,3.067,0.428,2.45,-1.983,4.934,6.8,2.117,60.899,85.383,42.167,1025.634,1018.417,,5.517,9.0,3039.583,1625.0,,0.0,0.7,2.7,,22.667,22.667,22.667,6.0,6.0,,26.0,26.0,6.0,106.0,,6.0,67.667,,6.0,328.796,1.0,6
2019-05-06,9,509.205,9.26,11.967,5.8,0.938,3.0,-1.333,5.86,7.233,4.0,56.571,72.683,42.033,1021.869,1014.709,,5.683,9.4,4346.875,2325.0,16.5,0.0,0.317,2.05,,22.667,22.667,22.667,6.0,6.0,,26.0,26.0,6.0,56.0,,6.0,67.667,,6.0,284.073,0.0,6
2019-05-07,7,554.882,10.975,15.05,6.133,2.59,4.4,0.567,7.333,9.55,4.933,57.833,83.217,39.233,1013.976,1006.911,,5.275,9.8,3745.833,2350.0,16.0,0.0,1.15,3.883,,22.667,22.667,22.667,6.0,6.0,,26.0,26.0,6.0,106.0,,6.0,117.667,,6.0,199.394,0.0,6
2019-05-08,0,207.333,10.592,14.467,8.35,7.837,10.233,2.667,9.265,11.933,7.283,83.871,96.5,55.133,994.442,987.521,,7.941,17.6,1464.451,417.5,28.2,0.0,0.283,1.283,,22.667,22.667,22.667,6.0,6.0,,26.0,26.0,6.0,26.0,,6.0,67.667,,6.0,183.647,1.0,6
2019-05-09,1,162.194,10.422,14.067,6.6,8.301,10.35,5.833,9.367,11.85,6.25,87.253,97.15,71.933,997.706,990.757,,4.692,10.2,1718.314,272.5,25.0,0.0,0.317,1.667,,22.667,22.667,22.667,6.0,6.0,,26.0,26.0,6.0,56.0,,6.0,67.667,,6.0,277.44,1.0,6
2019-05-10,5,279.814,10.277,14.483,5.683,6.187,8.15,4.25,8.355,10.417,5.467,78.826,98.35,54.5,1008.436,1001.354,,3.883,6.0,1954.167,335.0,14.0,0.0,0.8,2.033,,22.667,22.667,22.667,6.0,6.0,,26.0,26.0,6.0,106.0,,6.0,67.667,,6.0,246.104,1.0,6
2019-05-11,8,373.889,11.402,15.28,8.04,6.213,8.22,3.58,8.978,10.34,7.0,72.391,93.1,46.52,1019.835,1017.265,,4.771,9.25,2624.861,426.667,24.0,0.0,0.92,1.88,,26.0,26.0,26.0,6.0,6.0,,31.0,31.0,6.0,56.0,,6.0,101.0,,6.0,181.32,1.0,5
2019-05-12,5,516.715,11.251,17.1,4.92,3.195,5.8,-0.8,7.697,10.56,4.48,61.494,94.0,30.28,1035.857,1033.253,,3.75,9.0,3881.944,1066.667,,0.0,2.26,4.48,,26.0,26.0,26.0,6.0,6.0,,31.0,31.0,6.0,106.0,,6.0,101.0,,6.0,76.054,1.0,5
2019-05-13,8,575.739,11.534,17.22,5.08,2.77,5.82,-1.28,7.682,10.78,4.32,57.772,89.42,32.96,1039.299,1036.688,,4.594,9.25,4111.111,2433.333,18.0,0.0,2.74,5.68,,26.0,26.0,26.0,6.0,6.0,,31.0,31.0,6.0,56.0,,6.0,101.0,,6.0,92.622,0.0,5
2019-05-14,10,650.498,12.728,17.217,6.85,3.556,6.467,-0.283,8.596,11.15,5.767,55.801,87.133,35.95,1033.221,1026.094,,6.358,10.4,4028.125,1900.0,18.667,0.0,2.333,5.933,,22.667,22.667,22.667,6.0,6.0,,26.0,26.0,6.0,39.333,,6.0,67.667,,6.0,88.992,0.0,6
2019-05-15,8,592.552,13.213,19.167,6.817,5.256,8.433,2.183,9.438,12.55,5.9,61.199,88.167,36.183,1026.422,1019.316,,4.614,8.2,2488.144,1105.0,,0.0,2.15,7.217,,22.667,22.667,22.667,6.0,6.0,,26.0,26.0,6.0,106.0,,6.0,67.667,,6.0,89.372,0.0,6
2019-05-16,9,610.079,12.64,17.333,7.633,3.969,8.033,-0.683,8.739,11.3,6.55,58.673,87.2,32.367,1018.694,1011.624,,6.452,10.6,3060.464,1042.5,19.0,0.0,1.933,6.583,,22.667,22.667,22.667,6.0,6.0,,26.0,26.0,6.0,31.0,,6.0,117.667,,6.0,80.871,0.0,6
2019-05-17,13,280.778,11.546,14.25,8.95,8.072,10.1,5.283,9.842,11.333,7.467,79.553,89.75,66.45,1008.995,1001.985,,5.442,8.6,2115.625,525.0,16.0,0.0,0.083,0.233,,22.667,22.667,22.667,6.0,6.0,,26.0,26.0,6.0,106.0,,6.0,67.667,,6.0,43.891,0.0,6
2019-05-18,10,366.28,13.038,17.133,8.883,8.59,9.817,6.8,10.784,12.667,8.283,75.747,95.1,54.2,1006.731,999.765,,2.583,5.6,1890.0,445.0,12.0,0.0,0.1,1.283,,22.667,22.667,22.667,6.0,6.0,,26.0,26.0,6.0,106.0,,6.0,117.667,,6.0,215.467,1.0,6
2019-05-19,9,362.311,13.449,17.567,8.133,9.142,10.65,6.8,11.211,13.4,7.8,76.776,96.533,55.917,1009.588,1002.619,,2.683,5.4,1539.375,462.5,,0.0,0.05,0.483,,22.667,22.667,22.667,6.0,6.0,,26.0,26.0,6.0,106.0,,6.0,67.667,,6.0,85.949,1.0,6
2019-05-20,8,568.908,15.304,19.183,11.233,8.945,10.867,7.033,12.03,13.783,9.933,67.524,89.2,47.183,1012.631,1005.684,,4.1,6.6,2830.62,595.0,,0.0,0.5,1.8,,22.667,22.667,22.667,6.0,6.0,,26.0,26.0,6.0,106.0,,6.0,67.667,,6.0,274.622,0.0,6
2019-05-21,14,743.281,15.117,20.233,9.083,6.068,7.883,4.317,10.707,13.217,7.817,57.131,84.283,37.567,1018.035,1011.038,,5.375,9.75,4083.333,2625.0,23.0,0.0,2.017,6.267,,22.667,22.667,22.667,6.0,6.0,,31.0,31.0,6.0,56.0,,6.0,67.667,,6.0,329.624,0.0,6
2019-05-22,16,874.222,15.387,20.433,10.033,4.753,6.767,2.667,10.326,13.067,7.283,50.396,69.233,35.783,1019.597,1012.594,,5.05,9.8,4845.833,3050.0,,0.0,1.35,4.45,,22.667,22.667,22.667,6.0,6.0,,26.0,26.0,6.0,106.0,,6.0,67.667,,6.0,241.606,0.0,6
2019-05-23,18,886.228,16.437,23.4,9.05,6.045,8.367,3.483,11.282,14.9,7.217,52.896,78.4,31.017,1016.316,1009.374,,6.172,11.0,4501.042,2675.0,15.0,0.0,0.617,5.083,,22.667,22.667,22.667,6.0,6.0,,26.0,26.0,6.0,56.0,,6.0,67.667,,6.0,229.185,0.0,6
2019-05-24,18,701.46,16.269,21.083,10.6,8.668,11.733,6.733,12.325,14.467,8.85,62.321,85.0,42.533,1017.095,1010.135,,5.314,9.4,4129.167,2350.0,17.0,0.0,0.033,2.833,,22.667,22.667,22.667,6.0,6.0,,26.0,26.0,6.0,56.0,,6.0,67.667,,6.0,312.674,0.0,6
2019-05-25,14,831.77,18.056,22.45,13.8,9.798,11.383,7.267,13.649,15.35,11.65,59.997,78.45,38.333,1018.092,1011.173,,5.883,9.2,4643.75,2650.0,,0.0,0.75,2.433,,22.667,22.667,22.667,6.0,6.0,,26.0,26.0,6.0,106.0,,6.0,67.667,,6.0,305.525,0.0,6
2019-05-26,18,509.008,16.842,19.833,12.5,12.043,14.767,8.383,14.19,16.367,10.517,73.617,84.967,63.733,1013.459,1006.547,,8.267,13.2,4200.0,1875.0,18.5,0.0,0.283,2.533,,22.667,22.667,22.667,6.0,6.0,,26.0,26.0,6.0,56.0,,6.0,67.667,,6.0,260.031,0.0,6
2019-05-27,19,551.945,13.94,18.267,9.283,7.151,8.933,5.283,10.589,12.7,8.167,65.483,87.233,44.083,1010.338,1003.382,,8.425,13.4,4156.25,2250.0,20.667,0.0,0.683,2.333,,22.667,22.667,22.667,6.0,6.0,,26.0,26.0,6.0,39.333,,6.0,67.667,,6.0,270.775,0.0,6
2019-05-28,14,438.79,12.602,16.533,9.05,7.091,8.883,5.567,9.909,11.817,7.983,70.185,88.283,49.8,1012.66,1005.642,,5.85,10.4,4951.042,1325.0,18.0,0.0,0.767,2.35,,22.667,22.667,22.667,6.0,6.0,,26.0,26.0,6.0,106.0,,6.0,67.667,,6.0,323.144,1.0,6
2019-05-29,11,257.776,12.542,15.167,9.533,9.433,13.533,5.033,10.999,14.117,8.65,82.454,95.6,53.467,1018.651,1011.597,,6.7,11.4,2576.667,335.0,18.667,0.0,0.05,1.767,,22.667,22.667,22.667,6.0,6.0,,26.0,26.0,6.0,39.333,,6.0,67.667,,6.0,204.78,1.0,6
2019-05-30,12,613.025,18.282,22.667,14.433,12.676,13.883,10.3,15.101,17.333,12.95,71.038,90.0,53.95,1020.951,1014.018,,9.225,13.2,3494.583,1695.0,20.5,0.0,0.783,2.117,,22.667,22.667,22.667,6.0,6.0,,26.0,26.0,6.0,56.0,,6.0,67.667,,6.0,248.886,0.0,6
2019-05-31,11,553.386,16.535,19.617,13.4,11.165,12.383,9.917,13.608,15.433,11.733,70.953,83.267,59.417,1023.543,1016.539,,6.833,10.2,4835.417,3000.0,,0.0,0.383,2.083,,22.667,22.667,22.667,6.0,6.0,,26.0,26.0,6.0,106.0,,6.0,67.667,,2006.0,232.868,0.0,6
2019-06-01,16,829.076,19.065,26.067,10.717,10.895,13.483,8.25,14.502,17.883,9.917,62.629,91.667,35.617,1019.271,1012.37,,4.875,8.4,4187.5,1975.0,,0.0,1.933,6.583,,22.667,22.667,22.667,6.0,6.0,,26.0,26.0,6.0,106.0,,6.0,67.667,,6.0,205.964,0.0,6
2019-06-02,29,840.897,19.972,25.567,14.6,12.459,14.517,8.483,15.728,17.75,12.15,64.192,86.05,36.35,1010.149,1003.336,,8.358,13.8,4002.083,2375.0,22.333,0.0,1.2,4.517,,22.667,22.667,22.667,6.0,6.0,,26.0,26.0,6.0,39.333,,6.0,67.667,,6.0,211.53,0.0,6
2019-06-03,14,647.596,15.286,19.783,10.833,7.91,9.717,5.817,11.556,13.733,9.35,62.915,82.967,42.867,1012.457,1005.508,,8.267,12.2,3471.875,2300.0,17.0,0.0,1.117,4.183,,22.667,22.667,22.667,6.0,6.0,,26.0,26.0,6.0,56.0,,6.0,67.667,,6.0,239.396,0.0,6
2019-06-04,9,298.728,14.01,16.683,10.433,10.778,14.8,7.833,12.306,15.517,9.567,81.56,93.983,61.867,1006.11,999.179,,5.392,9.6,2633.021,492.5,16.0,0.0,0.133,1.0,,22.667,22.667,22.667,6.0,6.0,,26.0,26.0,6.0,106.0,,6.0,67.667,,6.0,152.351,1.0,6
2019-06-05,14,545.838,14.803,18.15,11.867,8.536,11.267,6.417,11.642,12.95,9.817,67.829,91.35,48.3,1006.016,999.093,,6.667,9.8,3944.792,1550.0,19.0,0.0,0.75,2.267,,22.667,22.667,22.667,6.0,6.0,,26.0,26.0,6.0,106.0,,6.0,67.667,,6.0,228.966,0.0,6
2019-06-06,17,642.456,14.127,18.75,8.75,5.812,8.467,2.467,10.174,12.233,7.933,60.359,90.333,35.333,1010.178,1003.22,,6.533,11.8,4468.75,2875.0,22.0,0.0,2.0,6.317,,22.667,22.667,22.667,6.0,6.0,,26.0,26.0,6.0,106.0,,6.0,67.667,,6.0,210.462,0.0,6
2019-06-07,10,371.187,14.108,17.817,12.0,10.053,13.05,5.7,12.01,14.2,9.183,77.158,91.417,60.833,1002.473,995.569,,6.617,11.2,3488.958,690.0,21.75,0.0,0.25,1.083,,22.667,22.667,22.667,6.0,6.0,,26.0,26.0,6.0,31.0,,6.0,67.667,,6.0,108.618,1.0,6
2019-06-08,5,463.09,14.115,18.1,10.95,8.517,11.483,5.1,11.325,13.233,9.917,71.701,95.167,45.967,1011.401,1004.419,,12.175,17.6,3795.0,405.0,29.0,0.0,1.267,3.55,,22.667,22.667,22.667,6.0,6.0,,26.0,26.0,6.0,26.0,,6.0,67.667,,6.0,248.104,1.0,6
2019-06-09,16,520.752,13.912,18.567,8.617,7.483,9.617,4.767,10.723,12.7,7.983,67.447,92.65,40.95,1020.386,1013.35,,4.308,7.8,3750.0,1225.0,,0.0,1.067,3.733,,22.667,22.667,22.667,6.0,6.0,,26.0,26.0,6.0,106.0,,6.0,67.667,,6.0,228.442,1.0,6
2019-06-10,1,132.658,11.303,13.033,9.583,9.712,10.883,7.983,10.499,11.433,9.15,90.258,96.3,72.517,1014.486,1007.436,,5.383,10.2,1511.458,325.0,18.0,0.0,0.0,0.017,,22.667,22.667,22.667,6.0,6.0,,26.0,26.0,6.0,106.0,,6.0,67.667,,6.0,84.812,1.0,6
2019-06-11,7,238.751,13.219,17.667,10.933,10.485,11.817,9.067,11.783,13.85,10.383,84.383,96.3,58.833,1011.364,1004.385,,5.517,10.4,3178.646,557.5,,0.0,0.133,1.533,,22.667,22.667,22.667,6.0,6.0,,26.0,26.0,6.0,106.0,,6.0,67.667,,6.0,95.183,1.0,6
2019-06-12,6,208.136,12.557,15.583,11.033,10.167,11.483,9.0,11.312,12.533,10.3,85.828,96.3,66.567,1009.606,1002.618,,3.825,6.6,2780.0,272.5,,0.0,0.283,0.9,,22.667,22.667,22.667,6.0,6.0,,26.0,26.0,6.0,106.0,,6.0,67.667,,6.0,24.067,1.0,6
2019-06-13,3,176.224,12.672,14.2,11.35,10.705,11.517,9.917,11.637,12.3,10.967,88.083,96.517,76.467,1005.922,998.969,,8.533,13.0,2549.515,435.0,22.667,0.0,0.0,0.217,,22.667,22.667,22.667,6.0,6.0,,26.0,26.0,6.0,39.333,,6.0,67.667,,6.0,216.205,1.0,6
2019-06-14,3,408.067,14.961,18.45,12.283,10.572,12.45,8.717,12.636,14.417,10.933,76.17,93.467,57.183,1010.32,1003.378,,8.058,12.8,3570.729,1247.5,20.0,0.0,0.867,3.15,,22.667,22.667,22.667,6.0,6.0,,26.0,26.0,6.0,56.0,,6.0,67.667,,6.0,201.556,1.0,6
2019-06-15,3,392.882,14.687,18.333,11.383,10.447,12.333,8.283,12.442,14.3,10.467,76.665,90.85,54.867,1012.906,1005.946,,7.4,12.6,3655.729,1362.5,20.333,0.0,0.6,2.367,,22.667,22.667,22.667,6.0,6.0,,26.0,26.0,6.0,39.333,,6.0,67.667,,6.0,199.791,1.0,6
2019-06-16,3,377.194,14.888,19.35,9.517,10.834,13.467,8.65,12.695,15.167,9.083,77.967,95.15,59.683,1016.75,1009.762,,8.871,15.2,3261.979,737.5,24.5,0.0,0.817,2.317,,22.667,22.667,22.667,6.0,6.0,,26.0,26.0,6.0,56.0,,6.0,67.667,,6.0,206.845,1.0,6
2019-06-17,13,627.784,16.458,21.067,11.833,9.866,11.417,8.4,12.962,15.05,10.917,66.672,90.417,48.4,1017.567,1010.614,,7.608,12.0,3841.667,1775.0,21.667,0.0,1.55,5.45,,22.667,22.667,22.667,6.0,6.0,,26.0,26.0,6.0,31.0,,6.0,67.667,,6.0,215.371,0.0,6
2019-06-18,4,355.781,15.503,18.533,11.5,11.908,15.2,8.717,13.56,15.917,10.267,79.949,92.683,57.15,1013.854,1006.905,,3.1,6.0,2637.292,545.0,13.0,0.0,0.4,2.083,,22.667,22.667,22.667,6.0,6.0,,26.0,26.0,6.0,106.0,,6.0,67.667,,6.0,219.499,1.0,6
2019-06-19,3,281.617,16.301,19.05,13.733,13.697,15.533,12.2,14.817,16.533,12.933,84.936,93.717,70.8,1007.926,1001.032,,3.942,6.6,1854.062,715.0,,0.0,0.017,0.317,,22.667,22.667,22.667,6.0,6.0,,26.0,26.0,6.0,106.0,,6.0,67.667,,6.0,298.614,1.0,6
2019-06-20,6,516.444,15.741,18.75,12.8,10.291,14.1,7.883,12.876,14.583,11.283,71.356,93.983,51.283,1012.629,1005.682,,7.65,11.4,4116.667,1550.0,27.0,0.0,1.1,2.65,,22.667,22.667,22.667,6.0,6.0,,26.0,26.0,6.0,56.0,,6.0,67.667,,6.0,254.567,1.0,6
2019-06-21,8,644.135,15.615,20.067,9.383,8.226,10.667,5.667,11.846,13.917,8.583,63.889,91.283,39.65,1019.347,1012.347,,5.208,8.8,4406.25,2875.0,,0.0,1.667,4.633,,22.667,22.667,22.667,6.0,6.0,,26.0,26.0,6.0,106.0,,6.0,67.667,,6.0,263.616,0.0,6
2019-06-22,6,744.18,16.652,22.183,10.267,8.373,10.683,4.567,12.393,15.2,9.483,61.022,92.233,38.35,1021.002,1014.028,,4.975,8.6,4301.042,2650.0,16.0,0.0,1.983,5.783,,22.667,22.667,22.667,6.0,6.0,,26.0,26.0,6.0,106.0,,6.0,67.667,,6.0,142.902,0.0,6
2019-06-23,13,606.932,18.528,23.5,12.683,13.107,14.9,9.433,15.404,18.0,11.45,71.723,89.917,55.533,1016.797,1009.899,,5.275,9.6,2239.583,1250.0,15.0,0.0,0.167,2.117,,22.667,22.667,22.667,6.0,6.0,,26.0,26.0,6.0,106.0,,6.0,67.667,,6.0,89.286,0.0,6
2019-06-24,8,624.612,21.034,24.05,16.817,16.308,17.967,14.517,18.144,19.9,15.783,75.005,90.967,58.317,1015.585,1008.764,,3.908,7.0,2532.292,1000.0,,0.0,0.267,0.967,,22.667,22.667,22.667,6.0,6.0,,26.0,26.0,6.0,106.0,,6.0,67.667,,6.0,179.532,0.0,6
2019-06-25,4,329.013,19.651,23.367,17.167,17.11,18.5,15.183,18.088,20.233,16.0,85.682,96.8,72.833,1018.778,1011.909,,4.175,7.6,1587.812,370.0,,0.0,0.167,0.433,,22.667,22.667,22.667,6.0,6.0,,26.0,26.0,6.0,106.0,,6.0,67.667,,6.0,26.186,1.0,6
2019-06-26,5,361.049,17.092,20.95,14.55,13.831,15.167,11.267,15.219,17.35,12.783,81.571,93.083,67.55,1027.146,1020.152,,7.65,10.8,2336.667,605.0,17.333,0.0,0.583,1.267,,22.667,22.667,22.667,6.0,6.0,,26.0,26.0,6.0,39.333,,6.0,67.667,,6.0,46.375,0.0,6
2019-06-27,13,603.68,17.01,22.383,13.067,11.064,12.75,9.817,13.747,16.4,11.467,69.22,83.483,49.267,1028.727,1021.699,,8.733,10.6,3148.958,2050.0,20.8,0.0,2.2,6.2,,22.667,22.667,22.667,6.0,6.0,,26.0,26.0,6.0,26.0,,6.0,67.667,,6.0,82.305,0.0,6
2019-06-28,10,588.635,17.549,22.467,13.683,11.968,13.617,10.8,14.422,17.0,12.167,70.865,87.6,53.067,1024.27,1017.293,,7.958,10.8,2478.125,1175.0,17.0,0.0,2.117,6.7,,22.667,22.667,22.667,6.0,6.0,,26.0,26.0,6.0,56.0,,6.0,67.667,,6.0,93.817,0.0,6
2019-06-29,14,1176.435,24.237,32.883,14.117,14.977,17.7,12.183,18.526,22.083,13.567,61.246,94.583,30.3,1014.988,1008.225,,5.725,10.2,2629.062,622.5,20.0,0.0,2.267,7.083,,22.667,22.667,22.667,6.0,6.0,,26.0,26.0,6.0,106.0,,6.0,67.667,,6.0,131.344,0.0,6
2019-06-30,21,781.873,19.417,23.417,15.067,12.54,16.717,9.85,15.534,18.483,12.817,65.538,85.35,48.7,1015.965,1009.094,,9.175,11.6,3238.542,1350.0,16.5,0.0,1.5,5.117,,22.667,22.667,22.667,6.0,6.0,,26.0,26.0,6.0,56.0,,6.0,67.667,,6.0,271.241,0.0,6
2019-07-01,12,675.428,17.052,20.45,13.45,10.331,11.583,8.667,13.451,15.1,12.167,65.852,85.983,52.333,1020.275,1013.329,,7.85,11.0,4248.958,2350.0,20.0,0.0,1.217,3.233,,22.667,22.667,22.667,6.0,6.0,,26.0,26.0,6.0,106.0,,6.0,67.667,,6.0,286.79,0.0,6
2019-07-02,20,821.28,17.194,21.317,11.883,8.654,10.517,7.3,12.748,14.7,10.017,58.574,79.767,42.517,1024.904,1017.918,,5.039,8.0,4061.458,2200.0,,0.0,1.583,4.133,,22.667,22.667,22.667,6.0,6.0,,26.0,26.0,6.0,106.0,,6.0,67.667,,6.0,149.798,0.0,6
2019-07-03,12,866.813,17.621,22.617,12.433,8.483,11.15,6.217,12.85,15.133,10.567,57.386,84.7,39.267,1026.558,1019.555,,4.486,7.8,4021.875,2600.0,11.0,0.0,1.75,5.117,,22.667,22.667,22.667,6.0,6.0,,26.0,26.0,6.0,56.0,,6.0,67.667,,6.0,65.295,0.0,6
2019-07-04,19,986.646,19.293,25.633,11.233,9.52,12.183,7.417,14.012,16.85,10.017,56.352,86.567,33.233,1024.6,1017.654,,3.3,6.6,4289.583,2125.0,,0.0,2.35,6.467,,22.667,22.667,22.667,6.0,6.0,,26.0,26.0,6.0,106.0,,6.0,67.667,,6.0,283.524,0.0,6
2019-07-05,17,1127.394,21.04,25.517,15.683,11.285,13.0,8.9,15.591,17.65,13.183,55.091,76.433,37.917,1018.486,1011.626,,4.908,7.8,4153.125,2825.0,,0.0,1.433,5.15,,22.667,22.667,22.667,6.0,6.0,,26.0,26.0,6.0,106.0,,6.0,84.333,,6.0,292.967,0.0,6
2019-07-06,13,740.608,19.125,22.667,14.633,12.621,14.817,8.667,15.447,17.367,12.433,66.684,91.6,51.767,1013.61,1006.753,,4.667,7.2,4352.396,457.5,,0.0,0.783,3.333,,22.667,22.667,22.667,6.0,6.0,,26.0,26.0,6.0,106.0,,6.0,34.333,,6.0,202.2,0.0,6
2019-07-07,11,461.402,16.931,20.95,14.117,12.351,15.0,9.067,14.421,15.733,12.783,76.344,95.6,50.683,1016.751,1009.811,,4.058,7.0,2637.292,317.5,,0.0,0.483,1.683,,22.667,22.667,22.667,6.0,6.0,,26.0,26.0,6.0,106.0,,6.0,34.333,,6.0,116.31,0.0,6
2019-07-08,16,850.8,17.897,22.583,13.317,9.36,11.55,6.7,13.382,15.6,11.117,58.694,79.433,41.3,1020.785,1013.84,,3.658,8.2,4329.375,1680.0,12.0,0.0,0.783,2.617,,22.667,22.667,22.667,6.0,6.0,,26.0,26.0,6.0,106.0,,6.0,34.333,,6.0,157.66,0.0,6
2019-07-09,15,829.285,18.888,23.6,15.017,11.311,13.533,9.55,14.688,17.05,12.333,62.268,74.383,42.967,1020.981,1014.052,,4.825,7.4,3683.333,2025.0,,0.0,0.3,0.883,,22.667,22.667,22.667,6.0,6.0,,26.0,26.0,6.0,106.0,,6.0,34.333,,6.0,212.371,0.0,6
2019-07-10,20,876.849,20.544,24.583,16.633,13.265,15.667,9.6,16.339,18.483,13.7,63.968,80.417,51.033,1018.023,1011.149,,5.708,9.6,3527.083,1750.0,,0.0,0.517,1.817,,22.667,22.667,22.667,6.0,6.0,,26.0,26.0,6.0,106.0,,6.0,34.333,,6.0,227.597,0.0,6
2019-07-11,17,1010.686,20.653,25.317,16.267,12.124,14.183,9.783,15.804,18.433,13.217,58.677,70.25,46.633,1012.828,1005.997,,5.667,9.8,3754.167,2275.0,19.0,0.0,1.283,3.9,,22.667,22.667,22.667,6.0,6.0,,26.0,26.0,6.0,106.0,,6.0,34.333,,6.0,266.582,0.0,6
2019-07-12,16,942.474,20.44,24.283,17.117,12.289,14.3,9.867,15.844,17.117,14.75,60.96,81.817,40.567,1015.025,1008.174,,7.839,11.8,4094.792,2525.0,17.333,0.0,1.517,4.617,,22.667,22.667,22.667,6.0,6.0,,26.0,26.0,6.0,39.333,,6.0,34.333,,6.0,316.733,0.0,6
2019-07-13,9,742.725,18.874,22.55,14.833,12.275,13.317,11.4,15.151,17.05,13.067,66.097,81.1,53.3,1021.491,1014.569,,5.333,8.0,3867.708,2475.0,,0.0,0.817,2.733,,22.667,22.667,22.667,6.0,6.0,,26.0,26.0,6.0,106.0,,6.0,34.333,,6.0,146.585,0.0,6
2019-07-14,15,551.617,17.144,21.283,13.617,11.76,13.8,9.567,14.183,15.7,12.017,71.964,93.567,48.733,1023.179,1016.196,,4.992,8.8,3310.417,425.0,21.0,0.0,0.45,1.85,,22.667,22.667,22.667,6.0,6.0,,26.0,26.0,6.0,56.0,,6.0,34.333,,6.0,37.612,0.0,6
2019-07-15,11,653.646,16.671,21.583,12.25,9.977,11.167,8.967,13.088,15.533,10.633,65.78,83.633,47.567,1022.509,1015.518,,4.45,7.4,4350.947,2150.0,14.0,0.0,1.017,2.867,,22.667,22.667,22.667,6.0,6.0,,26.0,26.0,6.0,106.0,,6.0,34.333,,6.0,39.99,0.0,6
2019-07-16,25,854.115,19.138,26.433,11.583,10.726,13.25,8.267,14.507,17.283,10.65,61.796,89.65,33.667,1019.088,1012.183,,4.342,9.0,3622.083,1900.0,,0.0,2.167,6.717,,22.667,22.667,22.667,6.0,6.0,,26.0,26.0,6.0,106.0,,6.0,34.333,,6.0,240.981,0.0,6
2019-07-17,24,898.449,19.782,24.667,13.467,11.495,13.35,8.883,15.163,17.15,12.3,61.306,88.6,39.433,1014.111,1007.249,,5.017,8.8,3506.25,1900.0,,0.0,1.083,4.367,,22.667,22.667,22.667,6.0,6.0,,26.0,26.0,6.0,106.0,,6.0,84.333,,6.0,222.744,0.0,6
2019-07-18,10,628.643,18.622,22.85,15.567,12.718,16.667,8.95,15.353,17.267,12.467,70.933,94.3,42.433,1010.509,1003.654,,6.867,11.6,3074.688,362.5,17.0,0.0,0.417,1.783,,22.667,22.667,22.667,6.0,6.0,,26.0,26.0,6.0,56.0,,6.0,34.333,,6.0,244.86,1.0,6
2019-07-19,3,296.602,16.442,18.733,12.583,13.717,17.267,8.917,14.937,17.7,10.867,84.31,94.133,67.0,1011.315,1004.405,,6.289,10.6,2394.688,357.5,20.0,0.0,0.0,0.633,,22.667,22.667,22.667,6.0,6.0,,26.0,26.0,6.0,56.0,,6.0,34.333,,6.0,202.504,1.0,6
2019-07-20,1,564.522,19.29,23.833,15.917,14.25,17.25,10.833,16.394,18.4,13.9,74.926,96.217,47.983,1008.923,1002.094,,8.763,13.6,3437.292,445.0,23.333,0.0,1.117,3.05,,22.667,22.667,22.667,6.0,6.0,,26.0,26.0,6.0,39.333,,6.0,34.333,,6.0,236.743,0.0,6
2019-07-21,9,624.362,18.202,22.783,12.9,12.398,13.833,11.167,14.917,17.15,12.05,70.303,91.283,52.8,1020.291,1013.355,,7.132,10.4,4104.167,2200.0,,0.0,0.933,3.667,,22.667,22.667,22.667,6.0,6.0,,26.0,26.0,6.0,106.0,,6.0,34.333,,6.0,231.822,0.0,6
2019-07-22,11,640.041,21.151,26.283,16.217,16.33,18.267,13.833,18.172,21.083,14.85,74.802,87.65,59.417,1021.727,1014.836,,7.514,10.4,3338.542,2025.0,,0.0,1.183,3.467,,22.667,22.667,22.667,6.0,6.0,,26.0,26.0,6.0,106.0,,6.0,34.333,,6.0,225.493,0.0,6
2019-07-23,19,1200.464,24.877,32.4,15.917,15.727,18.467,12.85,19.238,21.783,15.483,61.984,96.817,31.183,1017.346,1010.586,,4.8,8.6,3026.354,757.5,,0.0,2.183,6.85,,22.667,22.667,22.667,6.0,6.0,,26.0,26.0,6.0,106.0,,6.0,34.333,,6.0,137.408,0.0,6
2019-07-24,19,1444.324,25.615,31.433,20.25,15.394,19.117,10.85,19.437,22.117,17.083,56.147,82.917,30.617,1012.03,1005.331,,6.058,10.4,3528.646,1312.5,,0.0,2.0,6.2,,22.667,22.667,22.667,6.0,6.0,,26.0,26.0,6.0,106.0,,6.0,34.333,,6.0,233.273,0.0,6
2019-07-25,22,1929.988,28.269,36.217,19.85,16.08,19.9,11.8,20.603,24.283,16.2,49.862,74.75,30.367,1010.279,1003.647,,4.775,8.6,3352.083,2075.0,17.0,0.0,1.567,5.4,,22.667,22.667,22.667,6.0,6.0,,26.0,26.0,6.0,56.0,,6.0,34.333,,6.0,135.243,0.0,6
2019-07-26,13,700.929,21.701,25.083,18.767,16.517,18.25,14.35,18.526,20.317,17.45,73.149,88.283,56.617,1010.486,1003.701,,5.558,9.6,2691.875,752.5,,0.0,0.117,0.45,,22.667,22.667,22.667,6.0,6.0,,26.0,26.0,6.0,106.0,,6.0,34.333,,6.0,254.315,1.0,6
2019-07-27,4,213.934,17.522,19.6,15.667,15.731,16.8,14.533,16.454,17.683,15.083,89.449,96.517,79.4,1007.032,1000.182,,5.933,8.4,1968.542,502.5,,0.0,0.0,0.017,,22.667,22.667,22.667,6.0,6.0,,26.0,26.0,6.0,106.0,,6.0,34.333,,6.0,301.504,1.0,6
2019-07-28,8,638.741,18.374,22.45,15.5,12.406,14.383,10.1,15.04,16.583,13.867,69.916,89.133,47.283,1005.946,999.114,,8.267,12.0,4168.75,2350.0,17.0,0.0,0.217,1.233,,22.667,22.667,22.667,6.0,6.0,,26.0,26.0,6.0,56.0,,6.0,34.333,,6.0,282.226,1.0,6
2019-07-29,15,894.68,19.688,24.7,13.167,11.41,13.0,9.283,15.059,17.333,12.0,61.197,87.783,38.633,1008.803,1001.98,,5.817,10.0,4263.542,2750.0,16.0,0.0,1.9,5.433,,22.667,22.667,22.667,6.0,6.0,,26.0,26.0,6.0,106.0,,6.0,34.333,,6.0,187.942,0.0,6
2019-07-30,0,425.957,18.012,19.7,16.583,14.331,16.233,11.833,15.892,17.317,14.65,79.537,91.167,60.933,1005.415,998.583,,9.817,15.8,2452.604,462.5,27.0,0.0,0.25,1.317,,22.667,22.667,22.667,6.0,6.0,,26.0,26.0,6.0,26.0,,6.0,34.333,,6.0,167.314,1.0,6
2019-07-31,9,741.386,18.878,22.583,16.25,11.933,14.317,5.9,15.083,16.45,12.583,66.378,86.333,41.083,1012.356,1005.483,,10.15,13.8,3678.125,1925.0,19.0,0.0,0.7,2.367,,22.667,22.667,22.667,6.0,6.0,,26.0,26.0,6.0,56.0,,6.0,34.333,,6.0,248.757,1.0,6
2019-08-01,7,749.64,19.549,24.733,14.7,13.015,14.75,10.333,15.792,17.983,13.1,67.219,85.483,47.25,1017.039,1010.16,,4.917,7.4,3654.167,2250.0,17.0,0.0,0.917,2.467,,22.667,22.667,22.667,6.0,6.0,,26.0,26.0,6.0,106.0,,6.0,34.333,,6.0,302.664,0.0,6
2019-08-02,5,758.008,20.003,24.533,15.45,13.477,14.75,11.467,16.237,17.733,14.45,67.757,91.333,44.983,1019.042,1012.16,,4.758,7.0,2993.75,1050.0,15.0,0.0,1.067,3.167,,22.667,22.667,22.667,6.0,6.0,,26.0,26.0,6.0,56.0,,6.0,34.333,,6.0,25.815,0.0,6
2019-08-03,13,687.533,19.675,23.7,15.067,13.764,15.033,12.183,16.234,17.933,14.167,70.232,92.35,49.583,1018.799,1011.905,,3.542,6.0,3256.25,1300.0,,0.0,0.517,2.817,,22.667,22.667,22.667,6.0,6.0,,26.0,26.0,6.0,106.0,,6.0,34.333,,6.0,128.882,0.0,6
2019-08-04,11,696.883,20.109,25.883,15.15,14.318,16.2,12.417,16.685,19.0,13.667,70.62,86.267,48.35,1013.42,1006.58,,6.1,10.8,3288.542,2250.0,,0.0,0.083,1.633,,22.667,22.667,22.667,6.0,6.0,,26.0,26.0,6.0,106.0,,6.0,34.333,,6.0,155.046,0.0,6
2019-08-05,15,658.788,19.341,24.383,16.067,13.39,17.333,9.967,15.958,18.517,14.633,70.883,92.583,41.333,1009.811,1002.974,,7.883,12.0,3219.896,610.0,18.0,0.0,0.817,2.45,,22.667,22.667,22.667,6.0,6.0,,26.0,26.0,6.0,56.0,,6.0,34.333,,6.0,227.532,0.0,6
2019-08-06,13,604.561,18.709,22.667,15.2,13.272,14.5,12.0,15.599,17.15,14.117,72.2,90.05,52.333,1007.865,1001.024,,9.317,14.8,3013.542,1475.0,22.667,0.0,1.017,3.35,,22.667,22.667,22.667,6.0,6.0,,26.0,26.0,6.0,39.333,,6.0,34.333,,6.0,219.81,0.0,6
2019-08-07,8,550.938,18.106,22.517,14.3,13.085,15.467,11.433,15.249,17.45,13.467,73.742,90.8,54.25,1006.762,999.921,,8.558,13.2,3506.667,1085.0,21.25,0.0,0.867,3.483,,22.667,22.667,22.667,6.0,6.0,,26.0,26.0,6.0,31.0,,6.0,34.333,,6.0,240.906,1.0,6
2019-08-08,10,615.094,18.928,23.367,13.533,13.509,15.967,11.15,15.786,18.1,12.717,72.173,91.517,50.6,1009.598,1002.785,,5.193,8.4,3829.315,2550.0,,0.0,0.9,3.5,,22.667,22.667,22.667,6.0,6.0,,26.0,26.0,6.0,106.0,,6.0,84.333,,6.0,207.266,0.0,6
2019-08-09,5,497.351,20.19,23.967,17.45,16.222,18.883,14.217,17.798,19.867,16.167,79.12,93.583,56.7,1001.011,994.256,,10.425,17.4,2253.333,355.0,29.2,0.0,0.633,2.1,,22.667,22.667,22.667,6.0,6.0,,26.0,26.0,6.0,26.0,,6.0,34.333,,6.0,190.038,1.0,6
2019-08-10,11,576.493,18.377,21.433,16.267,13.287,15.533,11.833,15.481,16.8,13.85,72.962,90.633,58.2,1004.386,997.558,,15.65,22.0,1773.958,505.0,37.2,0.0,0.933,3.1,,22.667,22.667,22.667,6.0,6.0,,26.0,26.0,6.0,26.0,,6.0,34.333,,6.0,226.276,1.0,6
2019-08-11,14,657.774,17.935,21.717,14.817,11.774,12.833,10.467,14.514,16.35,13.083,68.24,83.45,51.65,1011.234,1004.353,,10.25,14.2,2854.167,1675.0,22.0,0.0,1.183,4.55,,22.667,22.667,22.667,6.0,6.0,,26.0,26.0,6.0,31.0,,6.0,34.333,,6.0,229.794,0.0,6
2019-08-12,6,357.081,14.912,17.85,12.683,11.158,13.117,7.717,12.917,14.65,11.117,79.324,93.75,58.133,1014.656,1007.681,1012.333,3.942,8.0,3338.854,1405.0,17.0,0.0,0.217,1.017,,22.667,22.667,22.667,6.0,6.0,1.0,26.0,26.0,6.0,56.0,,6.0,34.333,,6.0,263.208,1.0,6
2019-08-13,10,648.003,15.953,21.483,10.2,8.444,10.833,4.683,12.126,14.2,9.483,64.522,91.117,34.45,1017.4,1010.43,,6.508,10.2,4563.542,3000.0,,0.0,1.617,4.833,,22.667,22.667,22.667,6.0,6.0,,26.0,26.0,6.0,106.0,,6.0,34.333,,6.0,260.304,0.0,6
2019-08-14,5,166.028,15.501,17.217,13.5,13.969,16.35,10.833,14.642,16.667,12.2,90.706,96.217,81.733,1012.491,1005.556,,6.708,11.0,2091.146,392.5,20.5,0.0,0.0,0.317,,22.667,22.667,22.667,6.0,6.0,,26.0,26.0,6.0,39.333,,6.0,34.333,,6.0,199.942,1.0,6
2019-08-15,2,614.896,17.933,22.017,13.883,11.949,15.867,8.983,14.661,16.317,11.983,70.238,93.25,45.533,1012.214,1005.33,,9.275,14.6,3826.042,1475.0,20.5,0.0,1.133,3.35,,22.667,22.667,22.667,6.0,6.0,,26.0,26.0,6.0,56.0,,6.0,34.333,,6.0,272.22,0.0,6
2019-08-16,3,260.096,15.828,18.283,12.433,13.353,16.0,10.933,14.436,16.333,11.683,85.68,96.167,66.15,1011.333,1004.421,,8.35,13.2,2399.479,280.0,22.0,0.0,0.0,0.183,,22.667,22.667,22.667,6.0,6.0,,26.0,26.0,6.0,31.0,,6.0,34.333,,6.0,207.694,0.0,6
2019-08-17,7,494.063,18.197,21.933,15.367,13.694,16.633,11.233,15.64,17.033,14.15,76.505,96.083,53.183,1004.597,997.766,,9.042,13.2,2973.958,1000.0,19.0,0.0,1.25,3.45,,22.667,22.667,22.667,6.0,6.0,,26.0,26.0,6.0,56.0,,6.0,34.333,,6.0,233.162,1.0,6
2019-08-18,8,416.32,16.326,19.933,13.883,12.203,13.533,9.967,14.051,15.283,12.8,77.804,89.667,55.167,1005.535,998.664,,7.483,11.8,2910.938,712.5,19.0,0.0,0.617,1.217,,22.667,22.667,22.667,6.0,6.0,,26.0,26.0,6.0,56.0,,6.0,34.333,,6.0,226.561,1.0,6
2019-08-19,5,512.683,16.039,20.16,12.54,10.674,13.94,7.48,13.179,15.64,11.58,72.261,90.1,48.46,1014.162,1007.215,,9.51,14.75,3173.958,1325.0,26.5,0.0,1.48,3.4,,26.0,26.0,26.0,6.0,6.0,,31.0,31.0,6.0,39.333,,6.0,1.0,,6.0,242.287,1.0,5
2019-08-20,12,707.544,16.08,20.717,11.183,8.032,10.417,5.367,12.01,13.717,10.25,61.548,88.7,37.517,1022.812,1015.814,,6.424,10.4,3461.458,2150.0,18.0,0.0,1.65,4.1,,22.667,22.667,22.667,6.0,6.0,,26.0,26.0,6.0,56.0,,6.0,34.333,,6.0,262.555,1.0,6
2019-08-21,13,608.382,16.422,21.867,10.667,10.04,11.967,8.067,12.989,15.767,9.567,67.662,89.683,46.967,1026.496,1019.485,,4.983,8.6,3019.792,1800.0,22.0,0.0,1.383,4.783,,22.667,22.667,22.667,6.0,6.0,,26.0,26.0,6.0,56.0,,6.0,34.333,,6.0,215.114,0.0,6
2019-08-22,6,586.07,17.767,23.117,12.1,12.133,13.733,10.667,14.576,17.267,11.483,71.364,93.7,50.667,1024.772,1017.789,,6.45,9.8,3126.042,1175.0,17.0,0.0,1.467,4.867,,22.667,22.667,22.667,6.0,6.0,,26.0,26.0,6.0,56.0,,6.0,34.333,,6.0,231.015,0.0,6
2019-08-23,17,664.343,19.903,26.433,13.45,14.07,15.783,12.317,16.442,19.417,12.917,71.628,95.75,46.1,1024.002,1017.098,,2.742,5.6,3406.25,1800.0,0.0,0.0,2.017,6.067,,22.667,22.667,22.667,6.0,6.0,,26.0,26.0,6.0,56.0,,6.0,34.333,,6.0,199.734,0.0,6
2019-08-24,15,973.976,21.397,29.133,13.767,12.702,15.433,10.0,16.367,19.517,12.7,62.011,91.7,32.733,1019.042,1012.215,,3.817,7.4,2686.458,950.0,0.0,0.0,1.85,5.683,,22.667,22.667,22.667,6.0,6.0,,26.0,26.0,6.0,56.0,,6.0,84.333,,6.0,134.344,0.0,6
2019-08-25,17,1285.044,23.847,31.967,16.15,13.534,16.05,10.417,17.726,20.667,14.483,56.845,84.75,28.033,1017.775,1011.009,,3.239,6.2,2918.438,955.0,3.0,0.0,1.833,5.133,,22.667,22.667,22.667,6.0,6.0,,26.0,26.0,6.0,56.0,,6.0,34.333,,6.0,126.154,0.0,6
2019-08-26,31,1246.02,23.851,31.767,15.983,14.061,16.683,11.783,17.987,21.017,14.667,58.285,88.283,30.9,1017.369,1010.586,,3.363,7.6,2906.25,1075.0,3.0,0.0,2.0,5.85,,22.667,22.667,22.667,6.0,6.0,,26.0,26.0,6.0,56.0,,6.0,34.333,,6.0,171.659,0.0,6
2019-08-27,19,1286.121,24.545,31.95,16.833,15.084,17.117,12.933,18.764,21.55,15.167,58.656,84.883,33.85,1014.08,1007.331,,3.788,8.2,2558.333,1250.0,,0.0,1.75,4.867,,22.667,22.667,22.667,6.0,6.0,,26.0,26.0,6.0,106.0,,6.0,34.333,,6.0,230.068,0.0,6
2019-08-28,22,728.856,20.09,24.2,17.5,13.901,16.1,9.683,16.533,18.033,15.2,69.244,87.417,41.167,1013.774,1006.925,,6.625,11.4,3701.042,1375.0,,0.0,0.533,2.05,,22.667,22.667,22.667,6.0,6.0,,26.0,26.0,6.0,106.0,,6.0,34.333,,6.0,236.374,0.0,6
2019-08-29,22,637.69,17.411,22.367,12.017,10.982,14.45,8.483,13.919,15.9,11.0,68.12,89.033,42.533,1019.489,1012.544,,7.167,10.8,4319.792,2625.0,19.0,0.0,1.467,4.55,,22.667,22.667,22.667,6.0,6.0,,26.0,26.0,6.0,56.0,,6.0,34.333,,6.0,255.441,0.0,6
2019-08-30,30,586.876,17.773,23.1,13.367,12.141,13.633,9.717,14.611,17.233,12.567,71.432,92.65,50.933,1020.544,1013.592,,7.192,11.4,3262.5,1725.0,21.5,0.0,1.417,4.683,,22.667,22.667,22.667,6.0,6.0,,26.0,26.0,6.0,39.333,,6.0,34.333,,6.0,215.619,0.0,6
2019-08-31,12,492.927,16.612,22.567,12.5,11.653,14.083,8.3,13.885,16.583,10.867,74.102,94.05,48.533,1012.6,1005.685,,6.3,12.6,3404.167,1400.0,17.0,0.0,0.933,3.6,,22.667,22.667,22.667,6.0,6.0,,26.0,26.0,6.0,56.0,,6.0,34.333,,6.0,241.483,0.0,6
2019-09-01,24,697.383,15.226,19.883,11.167,6.892,9.833,3.25,11.14,13.15,8.767,59.945,85.483,35.7,1017.94,1010.952,,5.983,11.8,4545.833,2475.0,21.0,0.0,1.433,3.95,,22.667,22.667,22.667,6.0,6.0,,26.0,26.0,6.0,56.0,,6.0,34.333,,6.0,290.585,0.0,6
2019-09-02,21,610.765,15.251,20.967,8.15,8.372,11.367,4.867,11.688,14.6,6.783,64.995,83.683,43.217,1023.623,1016.596,,6.458,11.2,4091.667,2700.0,18.0,0.0,1.15,3.65,,22.667,22.667,22.667,6.0,6.0,,26.0,26.0,6.0,39.333,,6.0,34.333,,6.0,247.559,0.0,6
2019-09-03,15,603.859,17.335,20.35,14.817,11.656,13.133,9.9,14.206,15.85,12.8,69.678,80.517,55.533,1022.605,1015.631,,8.183,11.2,4268.75,2700.0,17.0,0.0,0.417,1.25,,22.667,22.667,22.667,6.0,6.0,,26.0,26.0,6.0,56.0,,6.0,34.333,,6.0,245.104,0.0,6
2019-09-04,16,561.14,16.749,19.9,14.15,10.86,15.4,5.633,13.676,16.117,11.6,70.713,96.35,40.433,1015.633,1008.7,,10.508,14.8,3640.104,300.0,22.5,0.0,1.15,3.133,,22.667,22.667,22.667,6.0,6.0,,26.0,26.0,6.0,31.0,,6.0,34.333,,6.0,258.513,0.0,6
2019-09-05,11,655.785,14.314,17.85,11.133,6.288,8.833,2.35,10.464,12.217,8.817,59.992,81.717,36.083,1024.809,1017.748,,7.158,10.4,4137.5,2600.0,20.0,0.0,1.433,4.3,,22.667,22.667,22.667,6.0,6.0,,26.0,26.0,6.0,56.0,,6.0,34.333,,6.0,313.333,0.0,6
2019-09-06,7,334.208,13.513,17.883,9.55,9.795,12.717,6.55,11.569,14.767,8.183,78.642,92.3,66.283,1022.337,1015.28,,6.85,13.0,3451.042,1525.0,22.333,0.0,0.117,0.617,,22.667,22.667,22.667,6.0,6.0,,26.0,26.0,6.0,39.333,,6.0,34.333,,6.0,247.423,0.0,6
2019-09-07,10,532.004,13.962,17.383,10.567,7.613,10.05,3.917,10.837,12.717,8.717,66.867,85.267,45.233,1023.249,1016.201,,6.008,9.6,3895.833,2775.0,14.0,0.0,0.483,1.2,,22.667,22.667,22.667,6.0,6.0,,26.0,26.0,6.0,56.0,,6.0,34.333,,6.0,346.871,0.0,6
2019-09-08,17,504.41,12.274,17.8,6.567,5.238,7.85,2.783,8.981,11.267,5.883,65.139,91.167,37.667,1023.283,1016.179,,3.642,6.8,3717.708,2225.0,,0.0,1.4,4.717,,22.667,22.667,22.667,6.0,6.0,,26.0,26.0,6.0,106.0,,6.0,34.333,,6.0,335.901,0.0,6
2019-09-09,7,343.985,13.498,15.417,11.667,9.696,11.833,5.733,11.542,13.117,9.217,78.058,86.983,63.0,1013.691,1006.689,,4.042,8.0,3382.292,1350.0,,0.0,0.0,0.017,,22.667,22.667,22.667,6.0,6.0,,26.0,26.0,6.0,106.0,,6.0,34.333,,6.0,162.645,1.0,6
2019-09-10,8,444.653,15.166,19.4,10.633,10.406,11.65,9.017,12.617,14.683,10.183,74.431,95.35,54.817,1018.633,1011.635,,3.746,7.4,3171.25,715.0,,0.0,0.917,2.6,,22.667,22.667,22.667,6.0,6.0,,26.0,26.0,6.0,106.0,,6.0,34.333,,6.0,278.665,0.0,6
2019-09-11,10,424.177,16.897,20.6,13.1,13.048,16.367,8.85,14.738,17.8,11.2,78.179,87.783,69.083,1020.248,1013.289,,8.893,12.6,3801.042,1900.0,20.5,0.0,0.1,0.383,,22.667,22.667,22.667,6.0,6.0,,26.0,26.0,6.0,56.0,,6.0,34.333,,6.0,239.694,0.0,6
2019-09-12,11,439.15,18.076,23.85,12.833,14.172,16.083,11.8,15.778,18.467,12.317,79.042,94.75,55.75,1026.974,1019.99,,7.942,11.8,3458.333,1400.0,18.0,0.0,0.533,1.983,,22.667,22.667,22.667,6.0,6.0,,26.0,26.0,6.0,56.0,,6.0,1.0,,6.0,238.583,0.0,6
2019-09-13,16,757.015,17.096,21.317,13.1,8.877,15.517,3.7,12.956,16.267,10.817,61.367,89.333,32.467,1033.849,1026.809,,5.217,7.8,3895.833,1450.0,,0.0,1.967,5.067,,22.667,22.667,22.667,6.0,6.0,,26.0,26.0,6.0,106.0,,6.0,1.0,,6.0,21.945,0.0,6
2019-09-14,28,652.35,15.653,22.95,8.783,7.704,10.783,3.883,11.644,14.183,8.133,63.717,93.533,29.533,1032.037,1024.969,,2.508,5.4,3414.583,1725.0,,0.0,1.8,5.35,,22.667,22.667,22.667,6.0,6.0,,26.0,26.0,6.0,106.0,,6.0,1.0,,6.0,213.153,0.0,6
2019-09-15,24,607.39,17.574,25.467,9.817,11.553,14.15,7.983,14.147,18.45,8.95,69.96,90.633,47.333,1024.271,1017.311,,3.858,7.0,3871.875,2150.0,,0.0,1.683,5.017,,22.667,22.667,22.667,6.0,6.0,,26.0,26.0,6.0,106.0,,6.0,1.0,,6.0,268.148,0.0,6
2019-09-16,14,334.791,16.878,19.467,14.95,13.881,15.4,11.417,15.163,16.55,13.317,82.733,91.767,71.183,1022.041,1015.065,,4.45,6.6,2063.542,575.0,,0.0,0.0,0.033,,22.667,22.667,22.667,6.0,6.0,,26.0,26.0,6.0,106.0,,6.0,1.0,,6.0,314.849,0.0,6
2019-09-17,22,630.965,14.564,18.95,9.7,6.992,11.45,4.817,10.856,13.067,8.35,62.2,86.033,40.917,1025.281,1018.223,,5.308,8.2,3532.292,1950.0,,0.0,1.883,5.467,,22.667,22.667,22.667,6.0,6.0,,26.0,26.0,6.0,106.0,,6.0,1.0,,6.0,10.976,0.0,6
2019-09-18,17,588.666,13.276,19.083,7.217,5.578,7.35,4.217,9.581,12.483,6.017,61.928,84.95,39.167,1029.553,1022.427,,3.142,5.8,3042.708,2025.0,,0.0,1.85,5.467,,22.667,22.667,22.667,6.0,6.0,,26.0,26.0,6.0,106.0,,6.0,1.0,,6.0,49.367,0.0,6
2019-09-19,18,513.149,14.212,21.1,7.817,7.963,9.817,6.4,11.003,14.55,7.2,68.629,93.35,44.617,1030.862,1023.762,,2.867,7.4,3210.417,1775.0,,0.0,1.733,5.417,,22.667,22.667,22.667,6.0,6.0,,26.0,26.0,6.0,106.0,,6.0,1.0,,6.0,82.484,0.0,6
2019-09-20,25,564.829,15.049,20.967,9.467,8.334,10.483,5.267,11.628,14.033,8.883,67.083,93.483,38.45,1025.091,1018.064,,5.942,10.4,2878.125,1450.0,17.0,0.0,1.783,5.433,,22.667,22.667,22.667,6.0,6.0,,26.0,26.0,6.0,56.0,,6.0,1.0,,6.0,93.922,0.0,6
2019-09-21,23,874.49,17.764,24.567,11.983,8.811,12.767,5.917,13.056,16.367,9.25,57.017,74.183,38.217,1012.26,1005.39,,5.825,8.8,3483.333,2075.0,,0.0,1.75,4.95,,22.667,22.667,22.667,6.0,6.0,,26.0,26.0,6.0,106.0,,6.0,1.0,,6.0,106.132,0.0,6
2019-09-22,9,387.792,17.555,21.533,14.15,14.148,16.967,11.95,15.593,18.5,13.1,80.773,91.95,69.0,1004.451,997.622,,5.292,10.4,2770.625,570.0,20.0,0.0,0.067,0.4,,22.667,22.667,22.667,6.0,6.0,,26.0,26.0,6.0,56.0,,6.0,1.0,,6.0,167.725,1.0,6
2019-09-23,8,316.517,15.798,19.317,13.367,12.668,15.25,10.75,14.067,15.733,12.3,82.517,95.167,61.35,1009.818,1002.897,,7.433,11.2,2649.062,525.0,18.667,0.0,0.567,1.867,,22.667,22.667,22.667,6.0,6.0,,26.0,26.0,6.0,39.333,,6.0,1.0,,6.0,199.185,0.0,6
2019-09-24,2,186.556,16.64,19.683,14.767,14.969,16.1,13.333,15.671,17.167,14.117,90.196,96.317,71.933,1001.813,994.977,,7.883,12.2,1881.562,232.5,23.333,0.0,0.3,0.95,,22.667,22.667,22.667,6.0,6.0,,26.0,26.0,6.0,31.0,,6.0,1.0,,6.0,197.263,1.0,6
2019-09-25,1,294.035,16.702,20.567,14.633,13.974,15.433,12.633,15.137,16.783,13.933,84.715,95.483,63.35,1000.552,993.711,,8.308,12.4,3024.271,730.0,18.0,0.0,0.417,1.217,,22.667,22.667,22.667,6.0,6.0,,26.0,26.0,6.0,56.0,,6.0,1.0,,6.0,226.336,1.0,6
2019-09-26,6,313.292,16.584,19.633,13.717,13.641,16.217,11.2,14.931,16.667,12.467,83.479,95.683,61.067,1003.001,996.158,,8.619,13.2,2321.771,347.5,13.667,0.0,0.3,1.2,,22.667,22.667,22.667,6.0,6.0,,26.0,26.0,6.0,31.0,,6.0,1.0,,6.0,224.306,1.0,6
2019-09-27,5,288.956,14.842,17.717,12.833,11.914,13.483,10.833,13.239,15.133,11.833,83.023,90.433,69.017,1004.185,997.289,,9.658,16.0,1914.688,590.0,27.4,0.0,0.667,2.1,,22.667,22.667,22.667,6.0,6.0,,26.0,26.0,6.0,26.0,,6.0,1.0,,6.0,224.915,1.0,6
2019-09-28,0,360.991,15.028,18.533,12.017,11.205,13.8,9.95,12.972,14.383,11.033,78.989,95.483,59.55,1008.148,1001.219,,9.949,15.2,2622.188,370.0,21.333,0.0,0.033,0.533,,22.667,22.667,22.667,6.0,6.0,,26.0,26.0,6.0,31.0,,6.0,1.0,,6.0,229.758,1.0,6
2019-09-29,0,215.05,15.791,18.65,12.583,13.79,15.933,10.45,14.657,16.867,11.467,88.112,94.883,74.333,998.033,991.2,,11.083,16.4,2628.333,312.5,27.8,0.0,0.05,0.117,,22.667,22.667,22.667,6.0,6.0,,26.0,26.0,6.0,26.0,,6.0,1.0,,6.0,243.05,1.0,6
2019-09-30,1,210.775,14.041,17.283,10.033,11.807,16.033,8.917,12.831,16.35,9.483,86.942,96.783,69.117,1008.694,1001.745,,5.85,10.2,3073.542,392.5,13.0,0.0,0.033,0.483,,22.667,22.667,22.667,6.0,6.0,,26.0,26.0,6.0,106.0,,6.0,1.0,,2006.0,220.134,1.0,6
2019-10-01,2,208.107,15.226,19.417,11.25,13.198,15.317,8.517,14.09,16.55,9.95,88.048,95.05,70.133,1000.211,993.355,,6.745,12.4,2030.521,465.0,23.0,0.0,0.45,1.683,,22.667,22.667,22.667,6.0,6.0,,26.0,26.0,6.0,31.0,,6.0,1.0,,6.0,243.228,1.0,6
2019-10-02,3,368.089,9.942,13.583,5.85,4.495,7.667,2.467,7.494,9.45,5.017,70.244,88.883,48.733,1017.633,1010.519,,6.162,11.0,4057.292,2075.0,13.0,0.0,1.3,4.0,,22.667,22.667,22.667,6.0,6.0,,26.0,26.0,6.0,106.0,,6.0,1.0,,6.0,328.25,1.0,6
2019-10-03,5,221.5,9.206,13.85,3.667,5.911,11.333,2.917,7.644,11.717,3.35,81.224,97.2,59.667,1016.522,1009.405,,4.592,10.0,2703.854,582.5,19.5,0.0,0.033,0.367,,22.667,22.667,22.667,6.0,6.0,,26.0,26.0,6.0,56.0,,6.0,1.0,,6.0,161.218,1.0,6
2019-10-04,1,192.745,13.017,15.117,10.683,10.903,13.033,9.5,11.895,13.383,10.15,87.274,96.783,75.867,1005.568,998.615,,6.992,11.8,1477.188,552.5,,0.0,0.033,0.8,,22.667,22.667,22.667,6.0,6.0,,26.0,26.0,6.0,106.0,,6.0,1.0,,6.0,261.884,1.0,6
2019-10-05,5,283.358,13.285,15.483,11.25,10.115,11.083,9.017,11.634,12.633,10.583,81.679,94.05,67.233,1013.866,1006.862,,3.583,5.8,2467.188,410.0,,0.0,0.0,0.05,,22.667,22.667,22.667,6.0,6.0,,26.0,26.0,6.0,106.0,,6.0,1.0,,6.0,96.985,1.0,6
2019-10-06,4,322.932,14.088,16.717,11.8,10.452,13.283,8.133,12.208,13.417,11.1,79.985,98.05,58.1,1011.032,1004.074,,8.317,14.2,2478.958,147.5,24.5,0.0,0.783,2.333,,22.667,22.667,22.667,6.0,6.0,,26.0,26.0,6.0,39.333,,6.0,1.0,,6.0,293.695,1.0,6
2019-10-07,4,161.578,12.89,15.133,9.917,11.092,14.35,8.567,11.95,14.633,9.417,89.268,97.2,67.817,1014.207,1007.196,,5.383,10.6,2307.812,307.5,,0.0,0.083,0.3,,22.667,22.667,22.667,6.0,6.0,,26.0,26.0,6.0,106.0,,6.0,1.0,,6.0,221.906,1.0,6
2019-10-08,3,257.865,13.441,16.783,10.717,10.581,13.567,7.7,11.947,14.017,9.233,83.375,94.117,63.15,1007.056,1000.107,,8.292,12.6,1910.938,662.5,25.0,0.0,0.383,1.8,,22.667,22.667,22.667,6.0,6.0,,26.0,26.0,6.0,39.333,,6.0,51.0,,6.0,239.246,1.0,6
2019-10-09,6,338.299,11.812,14.967,9.467,7.499,8.633,5.517,9.715,11.117,8.567,75.736,88.8,53.35,1005.363,998.381,,9.167,15.0,3321.875,1600.0,24.75,0.0,0.683,2.517,,22.667,22.667,22.667,6.0,6.0,,26.0,26.0,6.0,31.0,,6.0,1.0,,6.0,245.37,1.0,6
2019-10-10,4,317.587,12.944,16.383,8.6,9.179,13.05,7.067,11.006,14.267,7.883,78.793,91.533,57.767,1011.084,1004.092,,9.883,13.2,2641.667,1175.0,19.0,0.0,0.633,2.767,,22.667,22.667,22.667,6.0,6.0,,26.0,26.0,6.0,56.0,,6.0,1.0,,6.0,239.539,1.0,6
2019-10-11,2,204.646,15.101,16.617,12.233,13.133,13.983,11.0,13.992,14.933,11.617,88.189,95.367,81.25,1006.679,999.771,,11.125,15.2,1815.0,242.5,26.2,0.0,0.0,0.0,,22.667,22.667,22.667,6.0,6.0,,26.0,26.0,6.0,26.0,,6.0,1.0,,6.0,232.157,1.0,6
2019-10-12,4,77.566,11.401,12.55,10.6,10.527,11.283,9.767,10.94,11.867,10.217,94.297,96.883,90.817,1008.121,1001.115,,3.85,5.8,1595.312,377.5,12.0,0.0,0.0,0.017,,22.667,22.667,22.667,6.0,6.0,,26.0,26.0,6.0,106.0,,6.0,1.0,,6.0,194.896,1.0,6
2019-10-13,1,189.256,13.383,16.967,10.333,11.316,14.45,8.067,12.285,15.367,9.467,87.752,98.0,70.383,1004.625,997.701,,7.267,14.6,2696.771,225.0,25.0,0.0,0.183,0.65,,22.667,22.667,22.667,6.0,6.0,,26.0,26.0,6.0,31.0,,6.0,1.0,,6.0,192.911,1.0,6
2019-10-14,0,117.437,12.8,15.467,10.317,11.542,14.833,8.717,12.13,15.067,9.533,92.137,96.833,85.967,1005.602,998.653,1000.958,5.2,11.0,2269.062,492.5,,0.0,0.0,0.0,,22.667,22.667,22.667,6.0,6.0,1.0,26.0,26.0,6.0,106.0,,6.0,1.0,,6.0,115.401,1.0,6
2019-10-15,2,212.636,12.626,16.45,10.117,10.178,11.433,8.817,11.34,13.5,9.5,85.553,93.9,68.25,1004.112,997.168,997.0,5.225,11.2,2736.332,610.0,,0.0,0.283,1.133,,22.667,22.667,22.667,6.0,6.0,1.0,26.0,26.0,6.0,106.0,,6.0,1.0,,6.0,232.08,1.0,6
2019-10-16,5,256.106,12.655,15.8,8.883,9.585,14.583,6.0,11.119,14.967,7.85,82.644,97.4,58.783,1003.198,996.259,,6.092,11.4,2700.312,595.0,20.5,0.0,0.483,1.3,,22.667,22.667,22.667,6.0,6.0,,26.0,26.0,6.0,56.0,,6.0,1.0,,6.0,216.39,1.0,6
2019-10-17,1,172.268,11.201,14.767,8.067,9.086,11.467,6.983,10.128,12.717,7.617,87.203,95.183,71.417,1005.492,998.504,,4.917,9.2,2835.312,772.5,13.0,0.0,0.433,1.717,,22.667,22.667,22.667,6.0,6.0,,26.0,26.0,6.0,106.0,,6.0,1.0,,6.0,176.491,1.0,6
2019-10-18,4,248.91,11.683,14.667,9.333,8.578,10.117,7.35,10.132,11.85,8.7,81.983,94.617,63.5,999.652,992.71,,8.858,15.6,2582.699,957.5,25.0,0.0,0.767,2.333,,22.667,22.667,22.667,6.0,6.0,,26.0,26.0,6.0,31.0,,6.0,1.0,,6.0,213.621,1.0,6
2019-10-19,4,234.57,10.837,14.45,7.217,7.73,9.1,5.917,9.32,11.217,6.667,82.058,94.8,60.467,1001.045,994.08,,5.875,10.2,3188.542,1650.0,21.0,0.0,1.1,3.05,,22.667,22.667,22.667,6.0,6.0,,26.0,26.0,6.0,56.0,,6.0,1.0,,6.0,225.859,0.0,6
2019-10-20,4,164.271,8.786,11.883,4.45,6.733,8.667,3.517,7.984,9.833,4.167,85.574,97.367,71.733,1010.368,1003.28,,4.65,8.8,2474.271,577.5,,0.0,0.25,1.083,,22.667,22.667,22.667,6.0,6.0,,26.0,26.0,6.0,106.0,,6.0,1.0,,6.0,210.489,0.0,6
2019-10-21,3,209.695,11.365,12.667,10.3,8.835,10.067,7.733,10.104,11.017,9.1,84.593,91.3,76.65,1018.353,1011.267,,7.225,10.0,2609.375,850.0,16.0,0.0,0.0,0.117,,22.667,22.667,22.667,6.0,6.0,,26.0,26.0,6.0,56.0,,6.0,1.0,,6.0,142.781,1.0,6
2019-10-22,8,230.644,9.759,15.017,5.483,6.36,8.75,4.167,8.148,10.767,5.117,81.115,98.333,52.867,1023.286,1016.135,,2.642,5.4,2408.229,395.0,,0.0,1.267,4.25,,22.667,22.667,22.667,6.0,6.0,,26.0,26.0,6.0,106.0,,6.0,1.0,,6.0,248.538,0.0,6
2019-10-23,9,124.435,9.974,14.467,4.467,8.347,11.5,3.75,9.142,12.55,4.183,89.948,98.033,76.667,1013.488,1006.43,,2.658,6.2,1374.792,467.5,12.0,0.0,0.033,0.367,,22.667,22.667,22.667,6.0,6.0,,26.0,26.0,6.0,106.0,,6.0,1.0,,6.0,82.561,1.0,6
2019-10-24,1,73.867,11.61,12.55,10.033,10.786,11.933,8.767,11.176,12.15,9.417,94.652,97.217,89.633,1005.565,998.58,,4.192,9.4,1081.458,115.0,,0.0,0.0,0.083,,22.667,22.667,22.667,6.0,6.0,,26.0,26.0,6.0,106.0,,6.0,1.0,,6.0,266.891,1.0,6
2019-10-25,1,193.355,13.141,16.417,9.3,11.002,13.617,8.35,11.997,14.55,8.9,87.338,96.133,76.017,1011.441,1004.451,,10.0,18.8,2391.354,632.5,31.6,0.0,0.0,0.117,,22.667,22.667,22.667,6.0,6.0,,26.0,26.0,6.0,26.0,,6.0,1.0,,6.0,204.078,1.0,6
2019-10-26,3,234.908,13.466,16.533,7.033,10.905,14.433,5.367,12.087,14.833,6.35,84.888,95.5,74.567,1008.584,1001.629,,11.925,17.0,1863.021,375.0,29.4,0.0,0.0,0.0,,22.667,22.667,22.667,6.0,6.0,,26.0,26.0,6.0,26.0,,6.0,1.0,,6.0,237.958,1.0,6
2019-10-27,15,199.958,6.967,11.567,3.783,3.639,5.217,2.167,5.519,7.983,3.183,80.402,92.75,56.267,1023.314,1016.088,,3.758,6.4,3278.958,527.5,,0.0,0.883,2.75,,22.667,22.667,22.667,6.0,6.0,,26.0,26.0,6.0,106.0,,6.0,1.0,,6.0,297.477,1.0,6
2019-10-28,4,156.897,6.344,10.4,1.267,3.682,6.2,0.75,5.166,8.017,1.083,83.865,97.983,65.433,1024.924,1017.66,,3.467,6.8,1895.625,227.5,,0.0,0.583,2.35,,22.667,22.667,22.667,6.0,6.0,,26.0,26.0,6.0,106.0,,6.0,1.0,,6.0,53.694,1.0,6
2019-10-29,0,277.151,8.781,11.167,6.5,4.721,6.167,3.7,6.963,8.683,5.333,75.787,83.9,65.55,1025.056,1017.852,,5.717,8.4,3985.417,2625.0,,0.0,0.017,0.3,,22.667,22.667,22.667,6.0,6.0,,26.0,26.0,6.0,106.0,,6.0,1.0,,6.0,74.25,1.0,6
2019-10-30,7,331.241,9.286,12.1,7.5,4.366,5.467,2.667,7.106,8.167,6.3,71.794,84.383,52.717,1024.017,1016.848,,6.458,11.4,2616.667,1175.0,18.5,0.0,0.717,2.9,,22.667,22.667,22.667,6.0,6.0,,26.0,26.0,6.0,31.0,,6.0,1.0,,6.0,91.468,1.0,6
2019-10-31,8,206.745,8.539,11.917,6.3,5.506,6.85,4.233,7.151,9.35,5.5,81.52,90.45,67.133,1018.827,1011.678,,5.317,9.2,917.396,542.5,13.0,0.0,0.833,3.1,,22.667,22.667,22.667,6.0,6.0,,26.0,26.0,6.0,106.0,,6.0,1.0,,6.0,105.955,1.0,6
2019-11-01,8,97.31,12.935,15.483,8.8,11.898,14.167,7.067,12.371,14.567,7.983,93.517,98.45,85.95,999.325,992.423,,6.292,11.0,1599.792,130.0,,0.0,0.0,0.067,,22.667,22.667,22.667,6.0,6.0,,26.0,26.0,6.0,106.0,,6.0,1.0,,6.0,173.5,1.0,6
2019-11-02,2,250.136,11.814,14.45,9.933,8.786,12.733,5.75,10.318,13.5,8.2,82.096,93.567,71.75,981.009,974.197,,12.417,19.4,2277.812,447.5,31.2,0.0,0.05,0.317,,22.667,22.667,22.667,6.0,6.0,,26.0,26.0,6.0,26.0,,6.0,1.0,,6.0,222.644,1.0,6
2019-11-03,4,134.409,8.939,11.933,5.817,7.069,9.267,4.6,8.053,10.233,5.317,88.402,96.7,76.25,981.791,974.914,,4.567,7.8,1969.167,602.5,,0.0,0.283,1.133,,22.667,22.667,22.667,6.0,6.0,,26.0,26.0,6.0,106.0,,6.0,1.0,,6.0,221.494,1.0,6
2019-11-04,2,101.427,8.926,11.917,6.45,7.509,9.083,5.733,8.243,10.4,6.15,91.239,98.15,77.35,984.175,977.284,,3.192,6.2,1955.625,495.0,13.0,0.0,0.2,1.7,,22.667,22.667,22.667,6.0,6.0,,26.0,26.0,6.0,106.0,,6.0,1.0,,6.0,150.599,1.0,6
2019-11-05,16,110.338,9.535,12.333,6.7,8.062,9.733,6.283,8.815,10.817,6.533,90.848,98.833,80.7,996.858,989.884,,5.642,9.8,1638.438,92.5,20.0,0.0,0.1,0.517,,22.667,22.667,22.667,6.0,6.0,,26.0,26.0,6.0,56.0,,6.0,1.0,,6.0,80.88,1.0,6
2019-11-06,4,154.459,6.812,9.233,3.167,4.296,6.1,2.483,5.708,7.533,2.9,84.532,97.233,71.383,1003.656,996.57,,4.025,7.6,1893.854,337.5,,0.0,0.533,1.533,,22.667,22.667,22.667,6.0,6.0,,26.0,26.0,6.0,106.0,,6.0,1.0,,6.0,208.675,1.0,6
2019-11-07,1,180.09,7.597,10.217,3.533,4.723,7.967,2.167,6.344,8.3,3.05,82.862,96.767,62.0,993.324,986.322,,6.925,12.4,3444.792,625.0,18.5,0.0,0.983,3.0,,22.667,22.667,22.667,6.0,6.0,,26.0,26.0,6.0,56.0,,6.0,1.0,,6.0,218.779,1.0,6
2019-11-08,4,90.171,4.5,8.283,0.233,2.842,5.767,-0.217,3.793,6.767,0.05,89.466,98.583,73.017,1006.129,998.964,,3.783,7.8,1996.979,147.5,16.0,0.0,0.017,1.0,,22.667,22.667,22.667,6.0,6.0,,26.0,26.0,6.0,106.0,,6.0,1.0,,6.0,313.848,1.0,6
2019-11-09,3,60.403,4.799,7.617,0.55,3.731,6.567,0.167,4.346,7.0,0.417,93.11,98.817,76.9,1006.127,998.965,,4.65,9.0,1105.0,85.0,13.0,0.0,0.067,0.983,,22.667,22.667,22.667,6.0,6.0,,26.0,26.0,6.0,106.0,,6.0,1.0,,6.0,133.651,1.0,6
2019-11-10,2,163.755,7.146,10.383,4.55,4.507,6.75,2.55,5.996,7.533,3.85,84.039,95.55,63.95,1010.553,1003.425,,4.258,8.0,2592.083,535.0,,0.0,1.017,2.817,,22.667,22.667,22.667,6.0,6.0,,26.0,26.0,6.0,106.0,,6.0,1.0,,6.0,70.486,1.0,6
2019-11-11,4,209.852,7.085,9.25,4.5,3.615,7.2,1.733,5.617,7.6,3.55,79.275,96.15,62.567,1002.409,995.338,,8.383,13.8,2922.083,565.0,21.5,0.0,0.567,2.017,,22.667,22.667,22.667,6.0,6.0,,26.0,26.0,6.0,56.0,,6.0,1.0,,6.0,246.337,1.0,6
2019-11-12,1,170.395,5.962,8.033,3.167,3.044,5.467,1.017,4.75,6.683,2.367,81.806,88.667,62.967,998.996,991.92,,9.39,14.2,3219.792,775.0,23.25,0.0,0.45,1.967,,22.667,22.667,22.667,6.0,6.0,,26.0,26.0,6.0,31.0,,6.0,1.0,,6.0,260.729,1.0,6
2019-11-13,0,151.949,6.095,9.017,3.217,3.496,5.183,2.083,4.99,6.75,2.817,83.94,94.567,67.017,998.382,991.32,,5.75,9.2,3389.479,947.5,,0.0,0.55,2.033,,22.667,22.667,22.667,6.0,6.0,,26.0,26.0,6.0,106.0,,6.0,1.0,,6.0,226.435,1.0,6
2019-11-14,2,125.658,5.867,9.067,3.633,3.718,5.25,2.533,4.952,6.683,3.3,86.603,95.667,67.867,994.956,987.902,,4.392,8.0,3240.938,540.0,,0.0,0.433,2.617,,22.667,22.667,22.667,6.0,6.0,,26.0,26.0,6.0,106.0,,6.0,51.0,,6.0,133.559,1.0,6
2019-11-15,4,117.734,6.26,8.6,3.967,4.34,5.583,2.95,5.424,6.967,3.6,87.855,94.633,74.583,1002.841,995.733,,7.533,11.8,1299.271,470.0,21.25,0.0,0.0,0.0,,22.667,22.667,22.667,6.0,6.0,,26.0,26.0,6.0,31.0,,6.0,1.0,,6.0,14.056,1.0,6
2019-11-16,3,150.307,6.064,7.767,4.133,3.543,4.383,2.417,5.0,5.917,3.633,84.178,93.617,72.717,1006.047,998.921,,2.967,7.2,2157.917,515.0,12.0,0.0,0.117,0.683,,22.667,22.667,22.667,6.0,6.0,,26.0,26.0,6.0,106.0,,6.0,1.0,,6.0,63.815,1.0,6
2019-11-17,4,102.665,4.903,8.55,1.883,3.019,5.683,1.25,4.111,6.433,1.7,88.486,98.367,65.933,1011.14,1003.946,,1.804,3.8,1079.479,257.5,,0.0,0.333,1.25,,22.667,22.667,22.667,6.0,6.0,,26.0,26.0,6.0,106.0,,6.0,1.0,,6.0,271.563,1.0,6
2019-11-18,3,158.05,5.788,8.35,1.0,3.078,6.267,-0.267,4.651,6.733,0.533,83.111,95.167,67.833,1015.741,1008.543,,6.031,10.0,3011.979,277.5,,0.0,0.65,1.25,,22.667,22.667,22.667,6.0,6.0,,31.0,31.0,6.0,106.0,,6.0,1.0,,6.0,343.587,1.0,6
2019-11-19,4,76.641,2.717,6.867,-1.3,1.219,3.633,-1.833,2.113,5.317,-1.5,89.984,98.583,76.95,1016.904,1009.628,,2.639,4.8,1952.604,92.5,11.0,0.0,0.0,0.267,,22.667,22.667,22.667,6.0,6.0,,26.0,26.0,6.0,106.0,,6.0,1.0,,6.0,114.804,1.0,6
2019-11-20,3,191.672,4.928,7.483,2.75,1.317,2.883,-0.8,3.506,5.1,2.067,78.096,92.667,59.383,1012.208,1005.019,,6.175,10.2,3306.25,1400.0,17.333,0.0,0.133,1.517,,22.667,22.667,22.667,6.0,6.0,,26.0,26.0,6.0,39.333,,6.0,1.0,,6.0,123.086,1.0,6
2019-11-21,4,92.424,4.612,6.6,3.417,2.969,6.05,1.567,3.948,6.367,2.717,89.178,96.7,82.983,1003.379,996.243,,6.225,8.2,699.375,315.0,,0.0,0.0,0.033,,22.667,22.667,22.667,6.0,6.0,,26.0,26.0,6.0,106.0,,6.0,1.0,,6.0,104.894,0.0,6
2019-11-22,4,104.109,7.947,9.367,6.35,6.433,7.433,5.483,7.247,8.417,6.05,90.336,97.367,83.817,995.52,988.525,,6.65,9.8,2472.396,415.0,15.0,0.0,0.117,0.533,,22.667,22.667,22.667,6.0,6.0,,26.0,26.0,6.0,56.0,,6.0,1.0,,6.0,119.963,1.0,6
2019-11-23,3,117.402,9.29,10.883,7.417,7.718,9.417,5.733,8.542,10.117,6.817,90.056,95.5,82.783,993.73,986.775,,5.367,8.0,1308.021,307.5,,0.0,0.0,0.0,,22.667,22.667,22.667,6.0,6.0,,26.0,26.0,6.0,106.0,,6.0,1.0,,6.0,90.564,1.0,6
2019-11-24,1,75.015,9.341,11.067,6.983,8.335,9.733,6.317,8.855,10.25,6.683,93.689,98.633,86.417,1003.075,996.062,,3.827,8.4,1248.392,77.5,16.0,0.0,0.017,0.167,,22.667,22.667,22.667,6.0,6.0,,26.0,26.0,6.0,56.0,,6.0,1.0,,6.0,166.201,1.0,6
2019-11-25,0,79.891,10.46,11.433,8.967,9.497,10.65,7.367,9.973,10.95,8.267,93.76,97.067,88.917,1002.301,995.315,,5.6,8.4,1562.396,297.5,,0.0,0.0,0.017,,22.667,22.667,22.667,6.0,6.0,,26.0,26.0,6.0,106.0,,6.0,1.0,,6.0,149.744,1.0,6
2019-11-26,1,108.434,11.241,13.2,9.85,9.971,11.817,8.383,10.588,12.417,9.267,91.95,95.517,86.133,995.014,988.095,,6.517,9.8,1765.0,310.0,14.0,0.0,0.0,0.117,,22.667,22.667,22.667,6.0,6.0,,26.0,26.0,6.0,106.0,,6.0,1.0,,6.0,176.993,1.0,6
2019-11-27,1,89.528,10.181,11.95,9.017,9.053,10.283,7.85,9.619,11.05,8.467,92.864,97.617,84.95,984.025,977.166,,5.383,9.8,1883.75,280.0,,0.0,0.2,0.667,,22.667,22.667,22.667,6.0,6.0,,26.0,26.0,6.0,106.0,,6.0,1.0,,6.0,201.981,1.0,6
2019-11-28,0,132.968,8.639,9.717,6.917,6.778,7.917,4.233,7.774,8.55,5.8,88.248,95.183,80.333,995.493,988.502,,7.092,9.6,2096.458,540.0,,0.0,0.05,0.15,,22.667,22.667,22.667,6.0,6.0,,26.0,26.0,6.0,106.0,,6.0,1.0,,6.0,295.181,1.0,6
2019-11-29,3,130.233,4.837,7.733,1.45,2.504,4.933,0.417,3.876,5.767,1.117,85.264,95.017,70.25,1015.47,1008.245,,3.292,5.4,2058.438,637.5,14.0,0.0,0.95,2.983,,22.667,22.667,22.667,6.0,6.0,,26.0,26.0,6.0,106.0,,6.0,1.0,,6.0,86.056,1.0,6
2019-11-30,2,91.228,3.705,7.1,0.217,1.954,3.95,-0.117,2.99,5.583,0.1,88.667,99.133,75.317,1021.52,1014.244,,4.15,6.8,1789.167,65.0,,0.0,0.633,2.017,,22.667,22.667,22.667,6.0,6.0,,26.0,26.0,6.0,106.0,,6.0,1.0,,6.0,85.093,1.0,6
2019-12-01,1,131.006,4.497,7.267,1.983,2.117,3.517,-0.1,3.535,5.5,1.2,84.733,91.6,74.517,1023.428,1016.131,,6.15,9.8,3253.125,1450.0,18.333,0.0,0.217,0.8,,22.667,22.667,22.667,6.0,6.0,,26.0,26.0,6.0,39.333,,6.0,1.0,,6.0,21.822,1.0,6
2019-12-02,2,115.395,2.136,6.8,-0.983,-0.245,1.85,-2.5,1.228,4.567,-1.5,84.19,93.233,67.0,1031.067,1023.655,,3.633,5.8,1912.083,890.0,,0.0,0.917,3.217,,22.667,22.667,22.667,6.0,6.0,,26.0,26.0,6.0,106.0,,6.0,1.0,,6.0,296.292,1.0,6
2019-12-03,1,135.827,4.551,9.3,0.817,1.997,3.583,-0.033,3.498,6.65,0.483,84.142,94.833,63.783,1027.705,1020.391,,3.492,7.2,2719.792,1425.0,13.0,0.0,0.483,2.25,,22.667,22.667,22.667,6.0,6.0,,26.0,26.0,6.0,106.0,,6.0,1.0,,6.0,230.719,1.0,6
2019-12-04,3,91.12,3.457,8.817,-0.05,1.683,4.383,-0.617,2.721,6.517,-0.25,88.626,97.967,65.95,1021.071,1013.796,,2.126,4.4,1464.333,141.5,14.0,0.0,0.883,3.05,,22.667,22.667,22.667,6.0,6.0,,26.0,26.0,6.0,106.0,,6.0,1.0,,6.0,232.556,1.0,6
2019-12-05,6,83.594,4.805,10.0,-0.85,3.301,7.4,-1.05,4.129,8.75,-0.917,90.374,99.033,78.65,1018.812,1011.571,,6.575,13.4,1385.208,30.0,22.5,0.0,0.083,0.85,,22.667,22.667,22.667,6.0,6.0,,26.0,26.0,6.0,31.0,,6.0,1.0,,6.0,233.425,1.0,6
2019-12-06,3,168.659,10.914,12.917,8.15,8.84,10.983,5.617,9.89,11.7,7.0,87.159,94.633,74.983,1006.435,999.431,,11.9,15.6,2713.438,647.5,26.0,0.0,0.033,0.167,,22.667,22.667,22.667,6.0,6.0,,26.0,26.0,6.0,31.0,,6.0,1.0,,6.0,241.097,1.0,6
2019-12-07,0,242.046,9.294,10.783,6.817,5.894,7.95,4.767,7.73,9.433,5.983,79.408,87.817,71.033,1012.196,1005.106,,8.5,14.4,3485.417,2200.0,23.667,0.0,0.05,0.5,,22.667,22.667,22.667,6.0,6.0,,26.0,26.0,6.0,39.333,,6.0,1.0,,6.0,239.888,1.0,6
2019-12-08,3,272.318,9.202,11.617,6.567,5.244,10.183,2.117,7.444,10.783,4.833,76.677,93.317,60.617,999.611,992.606,,14.133,18.8,2523.958,472.5,32.6,0.0,0.267,1.083,,22.667,22.667,22.667,6.0,6.0,,26.0,26.0,6.0,26.0,,6.0,1.0,,6.0,238.799,1.0,6
2019-12-09,1,289.951,6.992,9.25,1.833,1.976,5.383,-0.767,4.944,6.933,1.05,71.213,88.583,53.367,1009.168,1002.045,,10.767,18.2,3441.354,892.5,31.0,0.0,0.667,2.483,,22.667,22.667,22.667,6.0,6.0,,26.0,26.0,6.0,26.0,,6.0,1.0,,6.0,297.263,1.0,6
2019-12-10,1,110.835,6.865,11.333,0.717,5.176,10.15,-0.783,6.108,10.717,0.15,88.972,95.283,81.9,1014.44,1007.289,,10.308,18.2,1592.083,335.0,30.6,0.0,0.0,0.05,,22.667,22.667,22.667,6.0,6.0,,26.0,26.0,6.0,26.0,,6.0,1.0,,6.0,201.667,1.0,6
2019-12-11,3,125.094,5.246,8.233,2.25,3.061,4.85,1.067,4.331,6.5,1.8,86.073,93.283,72.6,1005.082,997.948,,6.325,9.0,3035.417,1500.0,,0.0,0.433,1.517,,22.667,22.667,22.667,6.0,6.0,,26.0,26.0,6.0,106.0,,6.0,1.0,,6.0,225.338,1.0,6
2019-12-12,0,69.735,5.466,8.95,0.533,4.322,7.683,-0.283,4.971,8.333,0.2,92.358,96.9,87.1,989.343,982.327,,7.504,12.4,2090.417,470.0,21.333,0.0,0.0,0.15,,22.667,22.667,22.667,6.0,6.0,,26.0,26.0,6.0,39.333,,6.0,1.0,,6.0,191.424,1.0,6
2019-12-13,1,228.648,6.993,8.35,5.3,3.144,6.55,0.95,5.391,6.95,4.367,77.277,94.967,63.267,979.18,972.264,,11.233,15.8,2669.479,405.0,25.8,0.0,0.367,0.933,,22.667,22.667,22.667,6.0,6.0,,26.0,26.0,6.0,26.0,,6.0,1.0,,6.0,265.898,1.0,6
2019-12-14,0,227.954,6.302,8.833,4.333,2.235,6.117,-0.917,4.668,7.317,3.2,76.212,96.4,56.133,989.583,982.581,,10.958,20.8,2503.229,277.5,33.6,0.0,0.417,1.233,,22.667,22.667,22.667,6.0,6.0,,26.0,26.0,6.0,26.0,,6.0,1.0,,6.0,242.219,1.0,6
2019-12-15,0,235.275,7.332,9.767,4.9,3.508,5.95,0.967,5.706,7.067,3.483,77.135,92.417,63.15,995.254,988.241,,10.758,15.6,2746.562,292.5,25.6,0.0,0.667,2.3,,22.667,22.667,22.667,6.0,6.0,,26.0,26.0,6.0,26.0,,6.0,1.0,,6.0,225.757,1.0,6
2019-12-16,3,111.335,7.321,8.8,5.733,5.639,6.85,4.267,6.567,7.583,5.15,89.245,96.183,80.233,999.934,992.89,,4.508,8.8,3011.667,680.0,13.0,0.0,0.0,0.25,,22.667,22.667,22.667,6.0,6.0,,26.0,26.0,6.0,106.0,,6.0,1.0,,6.0,173.345,1.0,6
2019-12-17,1,58.674,6.597,7.633,5.267,5.714,6.483,4.35,6.197,6.95,4.867,94.084,96.633,89.2,1000.42,993.352,,3.633,6.0,1121.771,472.5,,0.0,0.0,0.033,,22.667,22.667,22.667,6.0,6.0,,26.0,26.0,6.0,106.0,,6.0,1.0,,6.0,293.167,2.0,6
2019-12-18,1,96.102,6.622,10.383,2.033,5.09,8.483,1.433,5.923,9.45,1.8,90.305,97.633,78.55,1007.806,1000.69,,6.433,11.8,2194.792,430.0,20.333,0.0,0.217,1.117,,22.667,22.667,22.667,6.0,6.0,,26.0,26.0,6.0,39.333,,6.0,1.0,,6.0,150.242,1.0,6
2019-12-19,0,198.312,11.5,13.083,9.75,9.095,10.033,7.467,10.291,11.1,8.833,85.475,94.417,74.633,996.503,989.579,,9.367,13.2,1852.188,555.0,21.667,0.0,0.067,0.2,,22.667,22.667,22.667,6.0,6.0,,26.0,26.0,6.0,39.333,,6.0,1.0,,6.0,164.788,1.0,6
2019-12-20,0,74.938,8.08,9.867,4.967,6.992,8.883,3.983,7.583,9.083,4.55,93.119,98.45,80.567,981.119,974.225,,6.25,12.0,2336.979,257.5,24.0,0.0,0.083,0.3,,22.667,22.667,22.667,6.0,6.0,,26.0,26.0,6.0,39.333,,6.0,1.0,,6.0,203.234,1.0,6
2019-12-21,0,102.985,8.161,9.967,5.867,6.69,8.117,5.017,7.471,8.817,5.533,90.581,96.367,83.433,979.231,972.356,,7.275,11.2,2184.792,522.5,21.5,0.0,0.333,0.8,,22.667,22.667,22.667,6.0,6.0,,26.0,26.0,6.0,56.0,,6.0,1.0,,6.0,169.324,2.0,6
2019-12-22,1,115.928,7.852,9.033,6.2,6.131,8.15,4.55,7.077,8.483,5.6,89.16,97.233,77.45,984.764,977.846,,7.608,12.2,2838.021,472.5,,0.0,0.367,1.3,,22.667,22.667,22.667,6.0,6.0,,26.0,26.0,6.0,106.0,,6.0,1.0,,6.0,251.919,2.0,6
2019-12-23,2,197.425,7.91,10.35,5.633,4.872,6.083,3.483,6.562,7.617,5.05,81.567,92.967,63.2,1007.103,1000.02,,7.8,12.6,2722.917,1400.0,21.0,0.0,0.7,2.083,,22.667,22.667,22.667,6.0,6.0,,26.0,26.0,6.0,56.0,,6.0,1.0,,6.0,240.463,2.0,6
2019-12-24,2,171.742,9.224,11.7,7.617,6.812,7.867,5.367,8.094,9.267,6.983,85.326,96.5,70.15,1008.577,1001.52,,8.75,13.8,1881.875,352.5,23.667,0.0,0.35,2.117,,22.667,22.667,22.667,6.0,6.0,,26.0,26.0,6.0,31.0,,6.0,1.0,,6.0,238.004,1.0,6
2019-12-25,3,159.568,5.235,8.833,1.35,2.369,4.617,0.583,4.043,6.95,1.05,82.209,95.0,67.967,1023.165,1015.9,,4.4,10.6,3759.375,1025.0,,0.0,0.817,2.917,,22.667,22.667,22.667,6.0,6.0,,26.0,26.0,6.0,106.0,,6.0,1.0,,6.0,286.799,1.0,6
2019-12-26,1,99.524,7.044,9.783,2.05,5.524,8.5,1.283,6.356,9.0,1.783,90.156,97.15,82.717,1016.629,1009.47,,8.325,16.6,2161.354,352.5,24.333,0.0,0.017,0.2,,22.667,22.667,22.667,6.0,6.0,,26.0,26.0,6.0,39.333,,6.0,1.0,,6.0,177.562,1.0,6
2019-12-27,3,120.201,7.175,8.617,5.633,5.358,6.433,4.317,6.363,7.317,5.083,88.267,96.033,81.033,1028.711,1021.461,,4.1,10.4,1834.375,345.0,,0.0,0.0,0.167,,22.667,22.667,22.667,6.0,6.0,,26.0,26.0,6.0,106.0,,6.0,1.0,,6.0,199.379,1.0,6
2019-12-28,1,125.308,7.948,9.117,6.783,6.128,6.917,5.167,7.117,7.883,6.4,88.376,96.567,80.35,1036.383,1029.086,,4.117,7.4,1548.438,230.0,,0.0,0.0,0.0,,22.667,22.667,22.667,6.0,6.0,,26.0,26.0,6.0,106.0,,6.0,1.0,,6.0,175.231,1.0,6
2019-12-29,1,146.161,7.046,9.4,4.583,4.785,5.567,3.8,6.044,7.617,4.267,85.574,96.85,76.267,1033.57,1026.277,,5.842,8.8,1670.729,257.5,,0.0,0.35,1.65,,22.667,22.667,22.667,6.0,6.0,,26.0,26.0,6.0,106.0,,6.0,1.0,,6.0,203.614,1.0,6
2019-12-30,1,67.918,6.397,10.667,2.5,5.262,6.867,2.2,5.884,8.783,2.4,92.952,99.483,75.5,1029.648,1022.38,,5.367,8.2,715.312,15.0,,0.0,0.583,2.65,,22.667,22.667,22.667,6.0,6.0,,26.0,26.0,6.0,106.0,,6.0,1.0,,6.0,236.884,1.0,6
2019-12-31,5,73.205,7.376,9.167,5.233,6.296,8.083,3.55,6.883,8.567,4.733,92.965,98.55,84.533,1031.572,1024.299,,4.783,8.2,573.167,71.5,,0.0,0.0,0.1,,22.667,22.667,22.667,6.0,6.0,,26.0,26.0,6.0,106.0,,6.0,1.0,,6.0,99.887,1.0,6
