Conventions,G,BADC-CSV,1
title,G,uk-daily-rain-obs
source,G,Met Office MIDAS database
creator,G,Met Office
activity,G,Met Office MIDAS Open: UK Land Surface Stations Data
feature_type,G,point series
collection_name,G,midas-open
collection_version_number,G,dataset-version-202507
history,G,Created 2025-06-24
last_revised_date,G,2025-06-24
observation_station,G,mitcham-london-road-cemetery
historic_county_name,G,greater-london
authority,G,Environment Agency
authority_comments,G,The authority is the latest organisation which owned the station
authority_comments,G,Closed stations without an authority listed have the authority set to NA
midas_station_id,G,06637
location,G,51.416,-0.163
height,G,19,m
date_valid,G,2021-01-01 00:00:00,2021-12-31 23:59:59
midas_qc_version_number,G,1
comments,G,The midas_qc_version_number indicates if the data are original received message (0) or current best version (1)
comments,G,This file contains station observations
comments,G,missing values are identified with the missing data flag
missing_value,G,NA
coordinate_variable,ob_date,t
long_name,ob_date,Date of observation,s
type,ob_date,char
comments,ob_date,Date and time (YYYY-MM-DD HH:MM:SS) of the observation
long_name,id,station identifier,1
type,id,char
comments,id,a station may have more than one id assigned to it designated by the id_type
long_name,id_type,identifier type,1
type,id_type,char
comments,id_type,a station may have more than one id assigned to it defined by id_type
long_name,version_num,midas qc version number,1
type,version_num,int
comments,version_num,The midas_qc_version_number indicates if the data are original received message (0) or current best version (1)
long_name,met_domain_name,message type,1
type,met_domain_name,char
comments,met_domain_name,message type (see MIDAS documentation)
long_name,ob_day_cnt,Observation day count,day
type,ob_day_cnt,int
long_name,ob_end_ctime,clock time at end of observation as HHMM,s
type,ob_end_ctime,char
long_name,src_id,unique source identifier or station site number,1
type,src_id,int
comments,src_id,unique source identifier or station site number
long_name,rec_st_ind,state indicator for the record,1
type,rec_st_ind,int
comments,rec_st_ind,state indicator for the current stage in the life of the record (see MIDAS documentation)
long_name,prcp_amt,Precipitation amount,mm
type,prcp_amt,float
long_name,ob_day_cnt_q,QC code: observation day count,1
type,ob_day_cnt_q,int
long_name,prcp_amt_q,QC code: precipitation amount,1
type,prcp_amt_q,int
long_name,prcp_amt_j,Descriptor: precipitation amount,1
type,prcp_amt_j,int
long_name,meto_stmp_time,Met Office receipt stamp time,s
type,meto_stmp_time,char
comments,meto_stmp_time,Met Office receipt stampe time in format (YYYY-MM-DD HH:MM:SS)
long_name,midas_stmp_etime,Elapsed time to storage in MIDAS ,minutes
type,midas_stmp_etime,int
data
ob_date,id,id_type,version_num,met_domain_name,ob_end_ctime,ob_day_cnt,src_id,rec_st_ind,prcp_amt,ob_day_cnt_q,prcp_amt_q,prcp_amt_j,meto_stmp_time,midas_stmp_etime
2021-01-01 00:00:00,287947,RAIN,1,WADRAIN,900,1,6637,1011,0.0,0,6,NA,2021-02-22 15:43:14,0.0
2021-01-02 00:00:00,287947,RAIN,1,WADRAIN,900,1,6637,1011,1.4,0,6,NA,2021-03-22 16:58:51,0.0
2021-01-03 00:00:00,287947,RAIN,1,WADRAIN,900,1,6637,1011,0.6,0,6,NA,2021-03-22 16:58:51,0.0
2021-01-04 00:00:00,287947,RAIN,1,WADRAIN,900,1,6637,1011,0.6,0,6,NA,2021-03-22 16:58:51,0.0
2021-01-05 00:00:00,287947,RAIN,1,WADRAIN,900,1,6637,1011,1.2,0,6,NA,2021-03-22 16:58:51,0.0
2021-01-06 00:00:00,287947,RAIN,1,WADRAIN,900,1,6637,1011,6.7,0,6,NA,2021-03-22 16:58:51,0.0
2021-01-07 00:00:00,287947,RAIN,1,WADRAIN,900,1,6637,1011,0.2,0,6,NA,2021-03-22 16:58:51,0.0
2021-01-08 00:00:00,287947,RAIN,1,WADRAIN,900,1,6637,1011,0.0,0,6,NA,2021-03-22 16:58:51,0.0
2021-01-09 00:00:00,287947,RAIN,1,WADRAIN,900,1,6637,1011,0.0,0,6,NA,2021-03-22 16:58:51,0.0
2021-01-10 00:00:00,287947,RAIN,1,WADRAIN,900,1,6637,1011,0.0,0,6,NA,2021-03-22 16:58:51,0.0
2021-01-11 00:00:00,287947,RAIN,1,WADRAIN,900,1,6637,1011,0.0,0,6,NA,2021-03-22 16:58:51,0.0
2021-01-12 00:00:00,287947,RAIN,1,WADRAIN,900,1,6637,1011,7.2,0,6,NA,2021-03-22 16:58:51,0.0
2021-01-13 00:00:00,287947,RAIN,1,WADRAIN,900,1,6637,1011,0.7,0,6,NA,2021-03-22 16:58:51,0.0
2021-01-14 00:00:00,287947,RAIN,1,WADRAIN,900,1,6637,1011,19.3,0,6,NA,2021-03-22 16:58:51,0.0
2021-01-15 00:00:00,287947,RAIN,1,WADRAIN,900,1,6637,1011,3.6,0,6,NA,2021-03-22 16:58:51,0.0
2021-01-16 00:00:00,287947,RAIN,1,WADRAIN,900,1,6637,1011,3.7,0,6,NA,2021-03-22 16:58:51,0.0
2021-01-17 00:00:00,287947,RAIN,1,WADRAIN,900,1,6637,1011,1.4,0,6,NA,2021-03-22 16:58:51,0.0
2021-01-18 00:00:00,287947,RAIN,1,WADRAIN,900,1,6637,1011,0.0,0,6,NA,2021-03-22 16:58:51,0.0
2021-01-19 00:00:00,287947,RAIN,1,WADRAIN,900,1,6637,1011,1.6,0,6,NA,2021-03-22 16:58:51,0.0
2021-01-20 00:00:00,287947,RAIN,1,WADRAIN,900,1,6637,1011,0.3,0,6,NA,2021-03-22 16:58:51,0.0
2021-01-21 00:00:00,287947,RAIN,1,WADRAIN,900,1,6637,1011,5.0,0,6,NA,2021-03-22 16:58:51,0.0
2021-01-22 00:00:00,287947,RAIN,1,WADRAIN,900,1,6637,1011,0.0,0,6,NA,2021-03-22 16:58:51,0.0
2021-01-23 00:00:00,287947,RAIN,1,WADRAIN,900,1,6637,1011,1.7,0,6,NA,2021-03-22 16:58:51,0.0
2021-01-24 00:00:00,287947,RAIN,1,WADRAIN,900,1,6637,1011,0.0,0,6,NA,2021-03-22 16:58:51,0.0
2021-01-25 00:00:00,287947,RAIN,1,WADRAIN,900,1,6637,1011,4.7,0,6,NA,2021-03-22 16:58:51,0.0
2021-01-26 00:00:00,287947,RAIN,1,WADRAIN,900,1,6637,1011,0.0,0,6,NA,2021-03-22 16:58:51,0.0
2021-01-27 00:00:00,287947,RAIN,1,WADRAIN,900,1,6637,1011,1.8,0,6,NA,2021-03-22 16:58:51,0.0
2021-01-28 00:00:00,287947,RAIN,1,WADRAIN,900,1,6637,1011,20.3,0,6,NA,2021-03-22 16:58:51,0.0
2021-01-29 00:00:00,287947,RAIN,1,WADRAIN,900,1,6637,1011,7.4,0,6,NA,2021-03-22 16:58:51,0.0
2021-01-30 00:00:00,287947,RAIN,1,WADRAIN,900,1,6637,1011,16.7,0,6,NA,2021-03-22 16:58:51,0.0
2021-01-31 00:00:00,287947,RAIN,1,WADRAIN,900,1,6637,1011,2.6,0,6,NA,2021-03-22 16:58:51,0.0
2021-02-01 00:00:00,287947,RAIN,1,WADRAIN,900,1,6637,1011,1.1,0,6,NA,2021-03-22 16:58:51,0.0
2021-02-02 00:00:00,287947,RAIN,1,WADRAIN,900,1,6637,1011,4.2,0,6,NA,2021-04-25 22:40:35,0.0
2021-02-03 00:00:00,287947,RAIN,1,WADRAIN,900,1,6637,1011,0.0,0,6,NA,2021-04-25 22:40:35,0.0
2021-02-04 00:00:00,287947,RAIN,1,WADRAIN,900,1,6637,1011,3.3,0,6,NA,2021-04-25 22:40:35,0.0
2021-02-05 00:00:00,287947,RAIN,1,WADRAIN,900,1,6637,1011,11.1,0,6,NA,2021-04-25 22:40:35,0.0
2021-02-06 00:00:00,287947,RAIN,1,WADRAIN,900,1,6637,1011,0.9,0,6,NA,2021-04-25 22:40:35,0.0
2021-02-07 00:00:00,287947,RAIN,1,WADRAIN,900,1,6637,1011,6.1,0,6,NA,2021-04-25 22:40:35,0.0
2021-02-08 00:00:00,287947,RAIN,1,WADRAIN,900,1,6637,1011,1.5,0,6,NA,2021-04-25 22:40:35,0.0
2021-02-09 00:00:00,287947,RAIN,1,WADRAIN,900,1,6637,1011,0.4,0,6,NA,2021-04-25 22:40:35,0.0
2021-02-10 00:00:00,287947,RAIN,1,WADRAIN,900,1,6637,1011,0.9,0,6,NA,2021-04-25 22:40:35,0.0
2021-02-11 00:00:00,287947,RAIN,1,WADRAIN,900,1,6637,1011,0.0,0,6,NA,2021-04-25 22:40:35,0.0
2021-02-12 00:00:00,287947,RAIN,1,WADRAIN,900,1,6637,1011,0.0,0,6,NA,2021-04-25 22:40:35,0.0
2021-02-13 00:00:00,287947,RAIN,1,WADRAIN,900,1,6637,1011,0.0,0,6,NA,2021-04-25 22:40:35,0.0
2021-02-14 00:00:00,287947,RAIN,1,WADRAIN,900,1,6637,1011,0.0,0,6,NA,2021-04-25 22:40:35,0.0
2021-02-15 00:00:00,287947,RAIN,1,WADRAIN,900,1,6637,1011,2.8,0,6,NA,2021-04-25 22:40:35,0.0
2021-02-16 00:00:00,287947,RAIN,1,WADRAIN,900,1,6637,1011,0.5,0,6,NA,2021-04-25 22:40:35,0.0
2021-02-17 00:00:00,287947,RAIN,1,WADRAIN,900,1,6637,1011,0.7,0,6,NA,2021-04-25 22:40:35,0.0
2021-02-18 00:00:00,287947,RAIN,1,WADRAIN,900,1,6637,1011,1.1,0,6,NA,2021-04-25 22:40:35,0.0
2021-02-19 00:00:00,287947,RAIN,1,WADRAIN,900,1,6637,1011,1.1,0,6,NA,2021-04-25 22:40:35,0.0
2021-02-20 00:00:00,287947,RAIN,1,WADRAIN,900,1,6637,1011,0.0,0,6,NA,2021-04-25 22:40:35,0.0
2021-02-21 00:00:00,287947,RAIN,1,WADRAIN,900,1,6637,1011,0.0,0,6,NA,2021-04-25 22:40:35,0.0
2021-02-22 00:00:00,287947,RAIN,1,WADRAIN,900,1,6637,1011,0.0,0,6,NA,2021-04-25 22:40:35,0.0
2021-02-23 00:00:00,287947,RAIN,1,WADRAIN,900,1,6637,1011,1.0,0,6,NA,2021-04-25 22:40:35,0.0
2021-02-24 00:00:00,287947,RAIN,1,WADRAIN,900,1,6637,1011,0.0,0,6,NA,2021-04-25 22:40:35,0.0
2021-02-25 00:00:00,287947,RAIN,1,WADRAIN,900,1,6637,1011,0.0,0,6,NA,2021-04-25 22:40:35,0.0
2021-02-26 00:00:00,287947,RAIN,1,WADRAIN,900,1,6637,1011,0.1,0,6,NA,2021-04-25 22:40:35,0.0
2021-02-27 00:00:00,287947,RAIN,1,WADRAIN,900,1,6637,1011,0.0,0,6,NA,2021-04-25 22:40:35,0.0
2021-02-28 00:00:00,287947,RAIN,1,WADRAIN,900,1,6637,1011,0.0,0,6,NA,2021-04-25 22:40:35,0.0
2021-03-01 00:00:00,287947,RAIN,1,WADRAIN,900,1,6637,1011,0.0,0,6,NA,2021-04-25 22:40:35,0.0
2021-03-02 00:00:00,287947,RAIN,1,WADRAIN,900,1,6637,1011,0.0,0,6,NA,2021-05-25 08:20:11,0.0
2021-03-03 00:00:00,287947,RAIN,1,WADRAIN,900,1,6637,1011,0.0,0,6,NA,2021-05-25 08:20:11,0.0
2021-03-04 00:00:00,287947,RAIN,1,WADRAIN,900,1,6637,1011,9.0,0,6,NA,2021-05-25 08:20:11,0.0
2021-03-05 00:00:00,287947,RAIN,1,WADRAIN,900,1,6637,1011,0.0,0,6,NA,2021-05-25 08:20:11,0.0
2021-03-06 00:00:00,287947,RAIN,1,WADRAIN,900,1,6637,1011,0.0,0,6,NA,2021-05-25 08:20:11,0.0
2021-03-07 00:00:00,287947,RAIN,1,WADRAIN,900,1,6637,1011,0.0,0,6,NA,2021-05-25 08:20:11,0.0
2021-03-08 00:00:00,287947,RAIN,1,WADRAIN,900,1,6637,1011,0.0,0,6,NA,2021-05-25 08:20:11,0.0
2021-03-09 00:00:00,287947,RAIN,1,WADRAIN,900,1,6637,1011,0.0,0,6,NA,2021-05-25 08:20:11,0.0
2021-03-10 00:00:00,287947,RAIN,1,WADRAIN,900,1,6637,1011,0.0,0,6,NA,2021-05-25 08:20:11,0.0
2021-03-11 00:00:00,287947,RAIN,1,WADRAIN,900,1,6637,1011,1.8,0,6,NA,2021-05-25 08:20:11,0.0
2021-03-12 00:00:00,287947,RAIN,1,WADRAIN,900,1,6637,1011,0.0,0,6,NA,2021-05-25 08:20:11,0.0
2021-03-13 00:00:00,287947,RAIN,1,WADRAIN,900,1,6637,1011,5.9,0,6,NA,2021-05-25 08:20:11,0.0
2021-03-14 00:00:00,287947,RAIN,1,WADRAIN,900,1,6637,1011,1.1,0,6,NA,2021-05-25 08:20:11,0.0
2021-03-15 00:00:00,287947,RAIN,1,WADRAIN,900,1,6637,1011,0.7,0,6,NA,2021-05-25 08:20:11,0.0
2021-03-16 00:00:00,287947,RAIN,1,WADRAIN,900,1,6637,1011,0.8,0,6,NA,2021-05-25 08:20:11,0.0
2021-03-17 00:00:00,287947,RAIN,1,WADRAIN,900,1,6637,1011,0.0,0,6,NA,2021-05-25 08:20:11,0.0
2021-03-18 00:00:00,287947,RAIN,1,WADRAIN,900,1,6637,1011,1.3,0,6,NA,2021-05-25 08:20:11,0.0
2021-03-19 00:00:00,287947,RAIN,1,WADRAIN,900,1,6637,1011,0.8,0,6,NA,2021-05-25 08:20:11,0.0
2021-03-20 00:00:00,287947,RAIN,1,WADRAIN,900,1,6637,1011,0.0,0,6,NA,2021-05-25 08:20:11,0.0
2021-03-21 00:00:00,287947,RAIN,1,WADRAIN,900,1,6637,1011,0.0,0,6,NA,2021-05-25 08:20:11,0.0
2021-03-22 00:00:00,287947,RAIN,1,WADRAIN,900,1,6637,1011,0.0,0,6,NA,2021-05-25 08:20:11,0.0
2021-03-23 00:00:00,287947,RAIN,1,WADRAIN,900,1,6637,1011,0.0,0,6,NA,2021-05-25 08:20:11,0.0
2021-03-24 00:00:00,287947,RAIN,1,WADRAIN,900,1,6637,1011,0.0,0,6,NA,2021-05-25 08:20:11,0.0
2021-03-25 00:00:00,287947,RAIN,1,WADRAIN,900,1,6637,1011,0.0,0,6,NA,2021-05-25 08:20:11,0.0
2021-03-26 00:00:00,287947,RAIN,1,WADRAIN,900,1,6637,1011,0.9,0,6,NA,2021-05-25 08:20:11,0.0
2021-03-27 00:00:00,287947,RAIN,1,WADRAIN,900,1,6637,1011,1.8,0,6,NA,2021-05-25 08:20:11,0.0
2021-03-28 00:00:00,287947,RAIN,1,WADRAIN,900,1,6637,1011,0.0,0,6,NA,2021-05-25 08:20:11,0.0
2021-03-29 00:00:00,287947,RAIN,1,WADRAIN,900,1,6637,1011,0.0,0,6,NA,2021-05-25 08:20:11,0.0
2021-03-30 00:00:00,287947,RAIN,1,WADRAIN,900,1,6637,1011,0.0,0,6,NA,2021-05-25 08:20:11,0.0
2021-03-31 00:00:00,287947,RAIN,1,WADRAIN,900,1,6637,1011,0.0,0,6,NA,2021-05-25 08:20:11,0.0
2021-04-01 00:00:00,287947,RAIN,1,WADRAIN,900,1,6637,1011,0.0,0,6,NA,2021-05-25 08:20:11,0.0
2021-04-02 00:00:00,287947,RAIN,1,WADRAIN,900,1,6637,1011,0.0,0,6,NA,2021-06-29 14:41:42,0.0
2021-04-03 00:00:00,287947,RAIN,1,WADRAIN,900,1,6637,1011,0.0,0,6,NA,2021-06-29 14:41:42,0.0
2021-04-04 00:00:00,287947,RAIN,1,WADRAIN,900,1,6637,1011,0.0,0,6,NA,2021-06-29 14:41:42,0.0
2021-04-05 00:00:00,287947,RAIN,1,WADRAIN,900,1,6637,1011,0.0,0,6,NA,2021-06-29 14:41:42,0.0
2021-04-06 00:00:00,287947,RAIN,1,WADRAIN,900,1,6637,1011,0.0,0,6,NA,2021-06-29 14:41:42,0.0
2021-04-07 00:00:00,287947,RAIN,1,WADRAIN,900,1,6637,1011,0.0,0,6,NA,2021-06-29 14:41:42,0.0
2021-04-08 00:00:00,287947,RAIN,1,WADRAIN,900,1,6637,1011,0.0,0,6,NA,2021-06-29 14:41:42,0.0
2021-04-09 00:00:00,287947,RAIN,1,WADRAIN,900,1,6637,1011,0.0,0,6,NA,2021-06-29 14:41:42,0.0
2021-04-10 00:00:00,287947,RAIN,1,WADRAIN,900,1,6637,1011,0.0,0,6,NA,2021-06-29 14:41:42,0.0
2021-04-11 00:00:00,287947,RAIN,1,WADRAIN,900,1,6637,1011,0.0,0,6,NA,2021-06-29 14:41:42,0.0
2021-04-12 00:00:00,287947,RAIN,1,WADRAIN,900,1,6637,1011,0.9,0,6,NA,2021-06-29 14:41:42,0.0
2021-04-13 00:00:00,287947,RAIN,1,WADRAIN,900,1,6637,1011,0.0,0,6,NA,2021-06-29 14:41:42,0.0
2021-04-14 00:00:00,287947,RAIN,1,WADRAIN,900,1,6637,1011,0.0,0,6,NA,2021-06-29 14:41:42,0.0
2021-04-15 00:00:00,287947,RAIN,1,WADRAIN,900,1,6637,1011,0.0,0,6,NA,2021-06-29 14:41:42,0.0
2021-04-16 00:00:00,287947,RAIN,1,WADRAIN,900,1,6637,1011,0.1,0,6,NA,2021-06-29 14:41:42,0.0
2021-04-17 00:00:00,287947,RAIN,1,WADRAIN,900,1,6637,1011,0.0,0,6,NA,2021-06-29 14:41:42,0.0
2021-04-18 00:00:00,287947,RAIN,1,WADRAIN,900,1,6637,1011,0.0,0,6,NA,2021-06-29 14:41:42,0.0
2021-04-19 00:00:00,287947,RAIN,1,WADRAIN,900,1,6637,1011,0.0,0,6,NA,2021-06-29 14:41:42,0.0
2021-04-20 00:00:00,287947,RAIN,1,WADRAIN,900,1,6637,1011,0.0,0,6,NA,2021-06-29 14:41:42,0.0
2021-04-21 00:00:00,287947,RAIN,1,WADRAIN,900,1,6637,1011,0.0,0,6,NA,2021-06-29 14:41:42,0.0
2021-04-22 00:00:00,287947,RAIN,1,WADRAIN,900,1,6637,1011,0.0,0,6,NA,2021-06-29 14:41:42,0.0
2021-04-23 00:00:00,287947,RAIN,1,WADRAIN,900,1,6637,1011,0.0,0,6,NA,2021-06-29 14:41:42,0.0
2021-04-24 00:00:00,287947,RAIN,1,WADRAIN,900,1,6637,1011,0.0,0,6,NA,2021-06-29 14:41:42,0.0
2021-04-25 00:00:00,287947,RAIN,1,WADRAIN,900,1,6637,1011,0.0,0,6,NA,2021-06-29 14:41:42,0.0
2021-04-26 00:00:00,287947,RAIN,1,WADRAIN,900,1,6637,1011,0.0,0,6,NA,2021-06-29 14:41:42,0.0
2021-04-27 00:00:00,287947,RAIN,1,WADRAIN,900,1,6637,1011,0.0,0,6,NA,2021-06-29 14:41:42,0.0
2021-04-28 00:00:00,287947,RAIN,1,WADRAIN,900,1,6637,1011,0.0,0,6,NA,2021-06-29 14:41:42,0.0
2021-04-29 00:00:00,287947,RAIN,1,WADRAIN,900,1,6637,1011,0.3,0,6,NA,2021-06-29 14:41:42,0.0
2021-04-30 00:00:00,287947,RAIN,1,WADRAIN,900,1,6637,1011,0.0,0,6,NA,2021-06-29 14:41:42,0.0
2021-05-01 00:00:00,287947,RAIN,1,WADRAIN,900,1,6637,1011,0.0,0,6,NA,2021-06-29 14:41:42,0.0
2021-05-02 00:00:00,287947,RAIN,1,WADRAIN,900,1,6637,1011,0.0,0,6,NA,2021-07-27 09:54:24,0.0
2021-05-03 00:00:00,287947,RAIN,1,WADRAIN,900,1,6637,1011,0.0,0,6,NA,2021-07-27 09:54:24,0.0
2021-05-04 00:00:00,287947,RAIN,1,WADRAIN,900,1,6637,1011,5.2,0,6,NA,2021-07-27 09:54:24,0.0
2021-05-05 00:00:00,287947,RAIN,1,WADRAIN,900,1,6637,1011,0.0,0,6,NA,2021-07-27 09:54:24,0.0
2021-05-06 00:00:00,287947,RAIN,1,WADRAIN,900,1,6637,1011,3.8,0,6,NA,2021-07-27 09:54:24,0.0
2021-05-07 00:00:00,287947,RAIN,1,WADRAIN,900,1,6637,1011,0.2,0,6,NA,2021-07-27 09:54:24,0.0
2021-05-08 00:00:00,287947,RAIN,1,WADRAIN,900,1,6637,1011,7.6,0,6,NA,2021-07-27 09:54:24,0.0
2021-05-09 00:00:00,287947,RAIN,1,WADRAIN,900,1,6637,1011,0.0,0,6,NA,2021-07-27 09:54:24,0.0
2021-05-10 00:00:00,287947,RAIN,1,WADRAIN,900,1,6637,1011,1.0,0,6,NA,2021-07-27 09:54:24,0.0
2021-05-11 00:00:00,287947,RAIN,1,WADRAIN,900,1,6637,1011,0.0,0,6,NA,2021-07-27 09:54:24,0.0
2021-05-12 00:00:00,287947,RAIN,1,WADRAIN,900,1,6637,1011,0.0,0,6,NA,2021-07-27 09:54:24,0.0
2021-05-13 00:00:00,287947,RAIN,1,WADRAIN,900,1,6637,1011,0.8,0,6,NA,2021-07-27 09:54:24,0.0
2021-05-14 00:00:00,287947,RAIN,1,WADRAIN,900,1,6637,1011,1.2,0,6,NA,2021-07-27 09:54:24,0.0
2021-05-15 00:00:00,287947,RAIN,1,WADRAIN,900,1,6637,1011,1.0,0,6,NA,2021-07-27 09:54:24,0.0
2021-05-16 00:00:00,287947,RAIN,1,WADRAIN,900,1,6637,1011,2.0,0,6,NA,2021-07-27 09:54:24,0.0
2021-05-17 00:00:00,287947,RAIN,1,WADRAIN,900,1,6637,1011,8.4,0,6,NA,2021-07-27 09:54:24,0.0
2021-05-18 00:00:00,287947,RAIN,1,WADRAIN,900,1,6637,1011,7.3,0,6,NA,2021-07-27 09:54:24,0.0
2021-05-19 00:00:00,287947,RAIN,1,WADRAIN,900,1,6637,1011,2.9,0,6,NA,2021-07-27 09:54:24,0.0
2021-05-20 00:00:00,287947,RAIN,1,WADRAIN,900,1,6637,1011,0.0,0,6,NA,2021-07-27 09:54:24,0.0
2021-05-21 00:00:00,287947,RAIN,1,WADRAIN,900,1,6637,1011,1.5,0,6,NA,2021-07-27 09:54:24,0.0
2021-05-22 00:00:00,287947,RAIN,1,WADRAIN,900,1,6637,1011,3.7,0,6,NA,2021-07-27 09:54:24,0.0
2021-05-23 00:00:00,287947,RAIN,1,WADRAIN,900,1,6637,1011,0.0,0,6,NA,2021-07-27 09:54:24,0.0
2021-05-24 00:00:00,287947,RAIN,1,WADRAIN,900,1,6637,1011,6.8,0,6,NA,2021-07-27 09:54:24,0.0
2021-05-25 00:00:00,287947,RAIN,1,WADRAIN,900,1,6637,1011,7.0,0,6,NA,2021-07-27 09:54:24,0.0
2021-05-26 00:00:00,287947,RAIN,1,WADRAIN,900,1,6637,1011,0.1,0,6,NA,2021-07-27 09:54:24,0.0
2021-05-27 00:00:00,287947,RAIN,1,WADRAIN,900,1,6637,1011,0.0,0,6,NA,2021-07-27 09:54:24,0.0
2021-05-28 00:00:00,287947,RAIN,1,WADRAIN,900,1,6637,1011,0.0,0,6,NA,2021-07-27 09:54:24,0.0
2021-05-29 00:00:00,287947,RAIN,1,WADRAIN,900,1,6637,1011,1.8,0,6,NA,2021-07-27 09:54:24,0.0
2021-05-30 00:00:00,287947,RAIN,1,WADRAIN,900,1,6637,1011,0.0,0,6,NA,2021-07-27 09:54:24,0.0
2021-05-31 00:00:00,287947,RAIN,1,WADRAIN,900,1,6637,1011,0.0,0,6,NA,2021-07-27 09:54:24,0.0
2021-06-01 00:00:00,287947,RAIN,1,WADRAIN,900,1,6637,1011,0.0,0,6,NA,2021-07-27 09:54:24,0.0
2021-06-02 00:00:00,287947,RAIN,1,WADRAIN,900,1,6637,1011,0.0,0,6,NA,2021-08-18 14:20:06,0.0
2021-06-03 00:00:00,287947,RAIN,1,WADRAIN,900,1,6637,1011,0.0,0,6,NA,2021-08-18 14:20:06,0.0
2021-06-04 00:00:00,287947,RAIN,1,WADRAIN,900,1,6637,1011,0.5,0,6,NA,2021-08-18 14:20:06,0.0
2021-06-05 00:00:00,287947,RAIN,1,WADRAIN,900,1,6637,1011,8.1,0,6,NA,2021-08-18 14:20:06,0.0
2021-06-06 00:00:00,287947,RAIN,1,WADRAIN,900,1,6637,1011,0.0,0,6,NA,2021-08-18 14:20:06,0.0
2021-06-07 00:00:00,287947,RAIN,1,WADRAIN,900,1,6637,1011,0.0,0,6,NA,2021-08-18 14:20:06,0.0
2021-06-08 00:00:00,287947,RAIN,1,WADRAIN,900,1,6637,1011,0.0,0,6,NA,2021-08-18 14:20:06,0.0
2021-06-09 00:00:00,287947,RAIN,1,WADRAIN,900,1,6637,1011,0.0,0,6,NA,2021-08-18 14:20:06,0.0
2021-06-10 00:00:00,287947,RAIN,1,WADRAIN,900,1,6637,1011,0.0,0,6,NA,2021-08-18 14:20:06,0.0
2021-06-11 00:00:00,287947,RAIN,1,WADRAIN,900,1,6637,1011,0.0,0,6,NA,2021-08-18 14:20:06,0.0
2021-06-12 00:00:00,287947,RAIN,1,WADRAIN,900,1,6637,1011,0.0,0,6,NA,2021-08-18 14:20:06,0.0
2021-06-13 00:00:00,287947,RAIN,1,WADRAIN,900,1,6637,1011,0.0,0,6,NA,2021-08-18 14:20:06,0.0
2021-06-14 00:00:00,287947,RAIN,1,WADRAIN,900,1,6637,1011,0.0,0,6,NA,2021-08-18 14:20:06,0.0
2021-06-15 00:00:00,287947,RAIN,1,WADRAIN,900,1,6637,1011,0.0,0,6,NA,2021-08-18 14:20:06,0.0
2021-06-16 00:00:00,287947,RAIN,1,WADRAIN,900,1,6637,1011,0.0,0,6,NA,2021-08-18 14:20:06,0.0
2021-06-17 00:00:00,287947,RAIN,1,WADRAIN,900,1,6637,1011,8.2,0,6,NA,2021-08-18 14:20:06,0.0
2021-06-18 00:00:00,287947,RAIN,1,WADRAIN,900,1,6637,1011,23.1,0,6,NA,2021-08-18 14:20:06,0.0
2021-06-19 00:00:00,287947,RAIN,1,WADRAIN,900,1,6637,1011,9.2,0,6,NA,2021-08-18 14:20:06,0.0
2021-06-20 00:00:00,287947,RAIN,1,WADRAIN,900,1,6637,1011,0.1,0,6,NA,2021-08-18 14:20:06,0.0
2021-06-21 00:00:00,287947,RAIN,1,WADRAIN,900,1,6637,1011,1.8,0,6,NA,2021-08-18 14:20:06,0.0
2021-06-22 00:00:00,287947,RAIN,1,WADRAIN,900,1,6637,1011,3.6,0,6,NA,2021-08-18 14:20:06,0.0
2021-06-23 00:00:00,287947,RAIN,1,WADRAIN,900,1,6637,1011,0.0,0,6,NA,2021-08-18 14:20:06,0.0
2021-06-24 00:00:00,287947,RAIN,1,WADRAIN,900,1,6637,1011,0.0,0,6,NA,2021-08-18 14:20:06,0.0
2021-06-25 00:00:00,287947,RAIN,1,WADRAIN,900,1,6637,1011,0.5,0,6,NA,2021-08-18 14:20:06,0.0
2021-06-26 00:00:00,287947,RAIN,1,WADRAIN,900,1,6637,1011,0.0,0,6,NA,2021-08-18 14:20:06,0.0
2021-06-27 00:00:00,287947,RAIN,1,WADRAIN,900,1,6637,1011,0.0,0,6,NA,2021-08-18 14:20:06,0.0
2021-06-28 00:00:00,287947,RAIN,1,WADRAIN,900,1,6637,1011,23.0,0,6,NA,2021-08-18 14:20:06,0.0
2021-06-29 00:00:00,287947,RAIN,1,WADRAIN,900,1,6637,1011,0.3,0,6,NA,2021-08-18 14:20:06,0.0
2021-06-30 00:00:00,287947,RAIN,1,WADRAIN,900,1,6637,1011,0.0,0,6,NA,2021-08-18 14:20:06,0.0
2021-07-01 00:00:00,287947,RAIN,1,WADRAIN,900,1,6637,1011,0.0,0,6,NA,2021-08-18 14:20:06,0.0
2021-07-02 00:00:00,287947,RAIN,1,WADRAIN,900,1,6637,1011,0.0,0,6,NA,2021-09-27 06:46:15,0.0
2021-07-03 00:00:00,287947,RAIN,1,WADRAIN,900,1,6637,1011,1.6,0,6,NA,2021-09-27 06:46:15,0.0
2021-07-04 00:00:00,287947,RAIN,1,WADRAIN,900,1,6637,1011,2.9,0,6,NA,2021-09-27 06:46:15,0.0
2021-07-05 00:00:00,287947,RAIN,1,WADRAIN,900,1,6637,1011,0.8,0,6,NA,2021-09-27 06:46:15,0.0
2021-07-06 00:00:00,287947,RAIN,1,WADRAIN,900,1,6637,1011,7.0,0,6,NA,2021-09-27 06:46:15,0.0
2021-07-07 00:00:00,287947,RAIN,1,WADRAIN,900,1,6637,1011,1.1,0,6,NA,2021-09-27 06:46:15,0.0
2021-07-08 00:00:00,287947,RAIN,1,WADRAIN,900,1,6637,1011,0.0,0,6,NA,2021-09-27 06:46:15,0.0
2021-07-09 00:00:00,287947,RAIN,1,WADRAIN,900,1,6637,1011,0.0,0,6,NA,2021-09-27 06:46:15,0.0
2021-07-10 00:00:00,287947,RAIN,1,WADRAIN,900,1,6637,1011,0.0,0,6,NA,2021-09-27 06:46:15,0.0
2021-07-11 00:00:00,287947,RAIN,1,WADRAIN,900,1,6637,1011,0.0,0,6,NA,2021-09-27 06:46:15,0.0
2021-07-12 00:00:00,287947,RAIN,1,WADRAIN,900,1,6637,1011,2.5,0,6,NA,2021-09-27 06:46:15,0.0
2021-07-13 00:00:00,287947,RAIN,1,WADRAIN,900,1,6637,1011,1.1,0,6,NA,2021-09-27 06:46:15,0.0
2021-07-14 00:00:00,287947,RAIN,1,WADRAIN,900,1,6637,1011,0.0,0,6,NA,2021-09-27 06:46:15,0.0
2021-07-15 00:00:00,287947,RAIN,1,WADRAIN,900,1,6637,1011,0.0,0,6,NA,2021-09-27 06:46:15,0.0
2021-07-16 00:00:00,287947,RAIN,1,WADRAIN,900,1,6637,1011,0.0,0,6,NA,2021-09-27 06:46:15,0.0
2021-07-17 00:00:00,287947,RAIN,1,WADRAIN,900,1,6637,1011,0.0,0,6,NA,2021-09-27 06:46:15,0.0
2021-07-18 00:00:00,287947,RAIN,1,WADRAIN,900,1,6637,1011,0.0,0,6,NA,2021-09-27 06:46:15,0.0
2021-07-19 00:00:00,287947,RAIN,1,WADRAIN,900,1,6637,1011,0.0,0,6,NA,2021-09-27 06:46:15,0.0
2021-07-20 00:00:00,287947,RAIN,1,WADRAIN,900,1,6637,1011,0.0,0,6,NA,2021-09-27 06:46:15,0.0
2021-07-21 00:00:00,287947,RAIN,1,WADRAIN,900,1,6637,1011,0.0,0,6,NA,2021-09-27 06:46:15,0.0
2021-07-22 00:00:00,287947,RAIN,1,WADRAIN,900,1,6637,1011,0.0,0,6,NA,2021-09-27 06:46:15,0.0
2021-07-23 00:00:00,287947,RAIN,1,WADRAIN,900,1,6637,1011,0.0,0,6,NA,2021-09-27 06:46:15,0.0
2021-07-24 00:00:00,287947,RAIN,1,WADRAIN,900,1,6637,1011,0.4,0,6,NA,2021-09-27 06:46:15,0.0
2021-07-25 00:00:00,287947,RAIN,1,WADRAIN,900,1,6637,1011,0.0,0,6,NA,2021-09-27 06:46:15,0.0
2021-07-26 00:00:00,287947,RAIN,1,WADRAIN,900,1,6637,1011,20.4,0,6,NA,2021-09-27 06:46:15,0.0
2021-07-27 00:00:00,287947,RAIN,1,WADRAIN,900,1,6637,1011,0.1,0,6,NA,2021-09-27 06:46:15,0.0
2021-07-28 00:00:00,287947,RAIN,1,WADRAIN,900,1,6637,1011,4.5,0,6,NA,2021-09-27 06:46:15,0.0
2021-07-29 00:00:00,287947,RAIN,1,WADRAIN,900,1,6637,1011,27.0,0,6,NA,2021-09-27 06:46:15,0.0
2021-07-30 00:00:00,287947,RAIN,1,WADRAIN,900,1,6637,1011,1.3,0,6,NA,2021-09-27 06:46:15,0.0
2021-07-31 00:00:00,287947,RAIN,1,WADRAIN,900,1,6637,1011,2.4,0,6,NA,2021-09-27 06:46:15,0.0
2021-08-01 00:00:00,287947,RAIN,1,WADRAIN,900,1,6637,1011,7.7,0,6,NA,2021-09-27 06:46:15,0.0
2021-08-02 00:00:00,287947,RAIN,1,WADRAIN,900,1,6637,1011,1.1,0,6,NA,2021-10-25 09:47:50,0.0
2021-08-03 00:00:00,287947,RAIN,1,WADRAIN,900,1,6637,1011,0.0,0,6,NA,2021-10-25 09:47:50,0.0
2021-08-04 00:00:00,287947,RAIN,1,WADRAIN,900,1,6637,1011,0.0,0,6,NA,2021-10-25 09:47:50,0.0
2021-08-05 00:00:00,287947,RAIN,1,WADRAIN,900,1,6637,1011,0.0,0,6,NA,2021-10-25 09:47:50,0.0
2021-08-06 00:00:00,287947,RAIN,1,WADRAIN,900,1,6637,1011,1.6,0,6,NA,2021-10-25 09:47:50,0.0
2021-08-07 00:00:00,287947,RAIN,1,WADRAIN,900,1,6637,1011,27.3,0,6,NA,2021-10-25 09:47:50,0.0
2021-08-08 00:00:00,287947,RAIN,1,WADRAIN,900,1,6637,1011,11.3,0,6,NA,2021-10-25 09:47:50,0.0
2021-08-09 00:00:00,287947,RAIN,1,WADRAIN,900,1,6637,1011,9.3,0,6,NA,2021-10-25 09:47:50,0.0
2021-08-10 00:00:00,287947,RAIN,1,WADRAIN,900,1,6637,1011,8.3,0,6,NA,2021-10-25 09:47:50,0.0
2021-08-11 00:00:00,287947,RAIN,1,WADRAIN,900,1,6637,1011,0.0,0,6,NA,2021-10-25 09:47:50,0.0
2021-08-12 00:00:00,287947,RAIN,1,WADRAIN,900,1,6637,1011,0.0,0,6,NA,2021-10-25 09:47:50,0.0
2021-08-13 00:00:00,287947,RAIN,1,WADRAIN,900,1,6637,1011,0.0,0,6,NA,2021-10-25 09:47:50,0.0
2021-08-14 00:00:00,287947,RAIN,1,WADRAIN,900,1,6637,1011,0.0,0,6,NA,2021-10-25 09:47:50,0.0
2021-08-15 00:00:00,287947,RAIN,1,WADRAIN,900,1,6637,1011,0.0,0,6,NA,2021-10-25 09:47:50,0.0
2021-08-16 00:00:00,287947,RAIN,1,WADRAIN,900,1,6637,1011,0.0,0,6,NA,2021-10-25 09:47:50,0.0
2021-08-17 00:00:00,287947,RAIN,1,WADRAIN,900,1,6637,1011,0.0,0,6,NA,2021-10-25 09:47:50,0.0
2021-08-18 00:00:00,287947,RAIN,1,WADRAIN,900,1,6637,1011,0.5,0,6,NA,2021-10-25 09:47:50,0.0
2021-08-19 00:00:00,287947,RAIN,1,WADRAIN,900,1,6637,1011,0.0,0,6,NA,2021-10-25 09:47:50,0.0
2021-08-20 00:00:00,287947,RAIN,1,WADRAIN,900,1,6637,1011,0.2,0,6,NA,2021-10-25 09:47:50,0.0
2021-08-21 00:00:00,287947,RAIN,1,WADRAIN,900,1,6637,1011,0.0,0,6,NA,2021-10-25 09:47:50,0.0
2021-08-22 00:00:00,287947,RAIN,1,WADRAIN,900,1,6637,1011,0.7,0,6,NA,2021-10-25 09:47:50,0.0
2021-08-23 00:00:00,287947,RAIN,1,WADRAIN,900,1,6637,1011,0.3,0,6,NA,2021-10-25 09:47:50,0.0
2021-08-24 00:00:00,287947,RAIN,1,WADRAIN,900,1,6637,1011,0.0,0,6,NA,2021-10-25 09:47:50,0.0
2021-08-25 00:00:00,287947,RAIN,1,WADRAIN,900,1,6637,1011,0.0,0,6,NA,2021-10-25 09:47:50,0.0
2021-08-26 00:00:00,287947,RAIN,1,WADRAIN,900,1,6637,1011,0.0,0,6,NA,2021-10-25 09:47:50,0.0
2021-08-27 00:00:00,287947,RAIN,1,WADRAIN,900,1,6637,1011,0.0,0,6,NA,2021-10-25 09:47:50,0.0
2021-08-28 00:00:00,287947,RAIN,1,WADRAIN,900,1,6637,1011,0.0,0,6,NA,2021-10-25 09:47:50,0.0
2021-08-29 00:00:00,287947,RAIN,1,WADRAIN,900,1,6637,1011,0.0,0,6,NA,2021-10-25 09:47:50,0.0
2021-08-30 00:00:00,287947,RAIN,1,WADRAIN,900,1,6637,1011,0.0,0,6,NA,2021-10-25 09:47:50,0.0
2021-08-31 00:00:00,287947,RAIN,1,WADRAIN,900,1,6637,1011,0.1,0,6,NA,2021-10-25 09:47:50,0.0
2021-09-01 00:00:00,287947,RAIN,1,WADRAIN,900,1,6637,1011,0.0,0,6,NA,2021-10-25 09:47:50,0.0
2021-09-02 00:00:00,287947,RAIN,1,WADRAIN,900,1,6637,1011,0.0,0,6,NA,2021-12-02 16:10:35,0.0
2021-09-03 00:00:00,287947,RAIN,1,WADRAIN,900,1,6637,1011,0.0,0,6,NA,2021-12-02 16:10:35,0.0
2021-09-04 00:00:00,287947,RAIN,1,WADRAIN,900,1,6637,1011,0.0,0,6,NA,2021-12-02 16:10:35,0.0
2021-09-05 00:00:00,287947,RAIN,1,WADRAIN,900,1,6637,1011,0.0,0,6,NA,2021-12-02 16:10:35,0.0
2021-09-06 00:00:00,287947,RAIN,1,WADRAIN,900,1,6637,1011,0.0,0,6,NA,2021-12-02 16:10:35,0.0
2021-09-07 00:00:00,287947,RAIN,1,WADRAIN,900,1,6637,1011,0.0,0,6,NA,2021-12-02 16:10:35,0.0
2021-09-08 00:00:00,287947,RAIN,1,WADRAIN,900,1,6637,1011,0.0,0,6,NA,2021-12-02 16:10:35,0.0
2021-09-09 00:00:00,287947,RAIN,1,WADRAIN,900,1,6637,1011,4.3,0,6,NA,2021-12-02 16:10:35,0.0
2021-09-10 00:00:00,287947,RAIN,1,WADRAIN,900,1,6637,1011,0.0,0,6,NA,2021-12-02 16:10:35,0.0
2021-09-11 00:00:00,287947,RAIN,1,WADRAIN,900,1,6637,1011,0.2,0,6,NA,2021-12-02 16:10:35,0.0
2021-09-12 00:00:00,287947,RAIN,1,WADRAIN,900,1,6637,1011,0.0,0,6,NA,2021-12-02 16:10:35,0.0
2021-09-13 00:00:00,287947,RAIN,1,WADRAIN,900,1,6637,1011,0.0,0,6,NA,2021-12-02 16:10:35,0.0
2021-09-14 00:00:00,287947,RAIN,1,WADRAIN,900,1,6637,1011,11.7,0,6,NA,2021-12-02 16:10:35,0.0
2021-09-15 00:00:00,287947,RAIN,1,WADRAIN,900,1,6637,1011,3.5,0,6,NA,2021-12-02 16:10:35,0.0
2021-09-16 00:00:00,287947,RAIN,1,WADRAIN,900,1,6637,1011,0.0,0,6,NA,2021-12-02 16:10:35,0.0
2021-09-17 00:00:00,287947,RAIN,1,WADRAIN,900,1,6637,1011,0.0,0,6,NA,2021-12-02 16:10:35,0.0
2021-09-18 00:00:00,287947,RAIN,1,WADRAIN,900,1,6637,1011,0.0,0,6,NA,2021-12-02 16:10:35,0.0
2021-09-19 00:00:00,287947,RAIN,1,WADRAIN,900,1,6637,1011,0.0,0,6,NA,2021-12-02 16:10:35,0.0
2021-09-20 00:00:00,287947,RAIN,1,WADRAIN,900,1,6637,1011,4.3,0,6,NA,2021-12-02 16:10:35,0.0
2021-09-21 00:00:00,287947,RAIN,1,WADRAIN,900,1,6637,1011,0.0,0,6,NA,2021-12-02 16:10:35,0.0
2021-09-22 00:00:00,287947,RAIN,1,WADRAIN,900,1,6637,1011,0.0,0,6,NA,2021-12-02 16:10:35,0.0
2021-09-23 00:00:00,287947,RAIN,1,WADRAIN,900,1,6637,1011,0.0,0,6,NA,2021-12-02 16:10:35,0.0
2021-09-24 00:00:00,287947,RAIN,1,WADRAIN,900,1,6637,1011,0.0,0,6,NA,2021-12-02 16:10:35,0.0
2021-09-25 00:00:00,287947,RAIN,1,WADRAIN,900,1,6637,1011,0.0,0,6,NA,2021-12-02 16:10:35,0.0
2021-09-26 00:00:00,287947,RAIN,1,WADRAIN,900,1,6637,1011,0.0,0,6,NA,2021-12-02 16:10:35,0.0
2021-09-27 00:00:00,287947,RAIN,1,WADRAIN,900,1,6637,1011,5.1,0,6,NA,2021-12-02 16:10:35,0.0
2021-09-28 00:00:00,287947,RAIN,1,WADRAIN,900,1,6637,1011,0.0,0,6,NA,2021-12-02 16:10:35,0.0
2021-09-29 00:00:00,287947,RAIN,1,WADRAIN,900,1,6637,1011,13.0,0,6,NA,2021-12-02 16:10:35,0.0
2021-09-30 00:00:00,287947,RAIN,1,WADRAIN,900,1,6637,1011,0.0,0,6,NA,2021-12-02 16:10:35,0.0
2021-10-01 00:00:00,287947,RAIN,1,WADRAIN,900,1,6637,1011,10.5,0,6,NA,2021-12-02 16:10:35,0.0
2021-10-02 00:00:00,287947,RAIN,1,WADRAIN,900,1,6637,1011,0.1,0,6,NA,2022-01-11 08:17:48,0.0
2021-10-03 00:00:00,287947,RAIN,1,WADRAIN,900,1,6637,1011,15.7,0,6,NA,2022-01-11 08:17:48,0.0
2021-10-04 00:00:00,287947,RAIN,1,WADRAIN,900,1,6637,1011,3.1,0,6,NA,2022-01-11 08:17:48,0.0
2021-10-05 00:00:00,287947,RAIN,1,WADRAIN,900,1,6637,1011,17.3,0,6,NA,2022-01-11 08:17:48,0.0
2021-10-06 00:00:00,287947,RAIN,1,WADRAIN,900,1,6637,1011,0.0,0,6,NA,2022-01-11 08:17:48,0.0
2021-10-07 00:00:00,287947,RAIN,1,WADRAIN,900,1,6637,1011,0.0,0,6,NA,2022-01-11 08:17:48,0.0
2021-10-08 00:00:00,287947,RAIN,1,WADRAIN,900,1,6637,1011,0.0,0,6,NA,2022-01-11 08:17:48,0.0
2021-10-09 00:00:00,287947,RAIN,1,WADRAIN,900,1,6637,1011,0.0,0,6,NA,2022-01-11 08:17:48,0.0
2021-10-10 00:00:00,287947,RAIN,1,WADRAIN,900,1,6637,1011,0.0,0,6,NA,2022-01-11 08:17:48,0.0
2021-10-11 00:00:00,287947,RAIN,1,WADRAIN,900,1,6637,1011,0.7,0,6,NA,2022-01-11 08:17:48,0.0
2021-10-12 00:00:00,287947,RAIN,1,WADRAIN,900,1,6637,1011,0.0,0,6,NA,2022-01-11 08:17:48,0.0
2021-10-13 00:00:00,287947,RAIN,1,WADRAIN,900,1,6637,1011,0.1,0,6,NA,2022-01-11 08:17:48,0.0
2021-10-14 00:00:00,287947,RAIN,1,WADRAIN,900,1,6637,1011,0.2,0,6,NA,2022-01-11 08:17:48,0.0
2021-10-15 00:00:00,287947,RAIN,1,WADRAIN,900,1,6637,1011,0.2,0,6,NA,2022-01-11 08:17:48,0.0
2021-10-16 00:00:00,287947,RAIN,1,WADRAIN,900,1,6637,1011,0.1,0,6,NA,2022-01-11 08:17:48,0.0
2021-10-17 00:00:00,287947,RAIN,1,WADRAIN,900,1,6637,1011,2.9,0,6,NA,2022-01-11 08:17:48,0.0
2021-10-18 00:00:00,287947,RAIN,1,WADRAIN,900,1,6637,1011,0.3,0,6,NA,2022-01-11 08:17:48,0.0
2021-10-19 00:00:00,287947,RAIN,1,WADRAIN,900,1,6637,1011,1.9,0,6,NA,2022-01-11 08:17:48,0.0
2021-10-20 00:00:00,287947,RAIN,1,WADRAIN,900,1,6637,1011,13.0,0,6,NA,2022-01-11 08:17:48,0.0
2021-10-21 00:00:00,287947,RAIN,1,WADRAIN,900,1,6637,1011,28.7,0,6,NA,2022-01-11 08:17:48,0.0
2021-10-22 00:00:00,287947,RAIN,1,WADRAIN,900,1,6637,1011,0.2,0,6,NA,2022-01-11 08:17:48,0.0
2021-10-23 00:00:00,287947,RAIN,1,WADRAIN,900,1,6637,1011,0.1,0,6,NA,2022-01-11 08:17:48,0.0
2021-10-24 00:00:00,287947,RAIN,1,WADRAIN,900,1,6637,1011,0.0,0,6,NA,2022-01-11 08:17:48,0.0
2021-10-25 00:00:00,287947,RAIN,1,WADRAIN,900,1,6637,1011,0.0,0,6,NA,2022-01-11 08:17:48,0.0
2021-10-26 00:00:00,287947,RAIN,1,WADRAIN,900,1,6637,1011,1.8,0,6,NA,2022-01-11 08:17:48,0.0
2021-10-27 00:00:00,287947,RAIN,1,WADRAIN,900,1,6637,1011,0.0,0,6,NA,2022-01-11 08:17:48,0.0
2021-10-28 00:00:00,287947,RAIN,1,WADRAIN,900,1,6637,1011,0.1,0,6,NA,2022-01-11 08:17:48,0.0
2021-10-29 00:00:00,287947,RAIN,1,WADRAIN,900,1,6637,1011,5.5,0,6,NA,2022-01-11 08:17:48,0.0
2021-10-30 00:00:00,287947,RAIN,1,WADRAIN,900,1,6637,1011,4.5,0,6,NA,2022-01-11 08:17:48,0.0
2021-10-31 00:00:00,287947,RAIN,1,WADRAIN,900,1,6637,1011,9.0,0,6,NA,2022-01-11 08:17:48,0.0
2021-11-01 00:00:00,287947,RAIN,1,WADRAIN,900,1,6637,1011,3.2,0,6,NA,2022-01-11 08:17:48,0.0
2021-11-02 00:00:00,287947,RAIN,1,WADRAIN,900,1,6637,1011,0.5,0,6,NA,2022-01-11 08:17:48,0.0
2021-11-03 00:00:00,287947,RAIN,1,WADRAIN,900,1,6637,1011,0.0,0,6,NA,2022-01-11 08:17:48,0.0
2021-11-04 00:00:00,287947,RAIN,1,WADRAIN,900,1,6637,1011,0.1,0,6,NA,2022-01-11 08:17:48,0.0
2021-11-05 00:00:00,287947,RAIN,1,WADRAIN,900,1,6637,1011,0.0,0,6,NA,2022-01-11 08:17:48,0.0
2021-11-06 00:00:00,287947,RAIN,1,WADRAIN,900,1,6637,1011,0.0,0,6,NA,2022-01-11 08:17:48,0.0
2021-11-07 00:00:00,287947,RAIN,1,WADRAIN,900,1,6637,1011,0.0,0,6,NA,2022-01-11 08:17:48,0.0
2021-11-08 00:00:00,287947,RAIN,1,WADRAIN,900,1,6637,1011,0.0,0,6,NA,2022-01-11 08:17:48,0.0
2021-11-09 00:00:00,287947,RAIN,1,WADRAIN,900,1,6637,1011,0.4,0,6,NA,2022-01-11 08:17:48,0.0
2021-11-10 00:00:00,287947,RAIN,1,WADRAIN,900,1,6637,1011,0.0,0,6,NA,2022-01-11 08:17:48,0.0
2021-11-11 00:00:00,287947,RAIN,1,WADRAIN,900,1,6637,1011,0.2,0,6,NA,2022-01-11 08:17:48,0.0
2021-11-12 00:00:00,287947,RAIN,1,WADRAIN,900,1,6637,1011,0.1,0,6,NA,2022-01-11 08:17:48,0.0
2021-11-13 00:00:00,287947,RAIN,1,WADRAIN,900,1,6637,1011,1.1,0,6,NA,2022-01-11 08:17:48,0.0
2021-11-14 00:00:00,287947,RAIN,1,WADRAIN,900,1,6637,1011,0.2,0,6,NA,2022-01-11 08:17:48,0.0
2021-11-15 00:00:00,287947,RAIN,1,WADRAIN,900,1,6637,1011,0.5,0,6,NA,2022-01-11 08:17:48,0.0
2021-11-16 00:00:00,287947,RAIN,1,WADRAIN,900,1,6637,1011,0.0,0,6,NA,2022-01-11 08:17:48,0.0
2021-11-17 00:00:00,287947,RAIN,1,WADRAIN,900,1,6637,1011,0.1,0,6,NA,2022-01-11 08:17:48,0.0
2021-11-18 00:00:00,287947,RAIN,1,WADRAIN,900,1,6637,1011,0.1,0,6,NA,2022-01-11 08:17:48,0.0
2021-11-19 00:00:00,287947,RAIN,1,WADRAIN,900,1,6637,1011,0.0,0,6,NA,2022-01-11 08:17:48,0.0
2021-11-20 00:00:00,287947,RAIN,1,WADRAIN,900,1,6637,1011,0.0,0,6,NA,2022-01-11 08:17:48,0.0
2021-11-21 00:00:00,287947,RAIN,1,WADRAIN,900,1,6637,1011,0.0,0,6,NA,2022-01-11 08:17:48,0.0
2021-11-22 00:00:00,287947,RAIN,1,WADRAIN,900,1,6637,1022,0.0,0,2576,NA,2022-01-25 12:12:10,0.0
2021-11-23 00:00:00,287947,RAIN,1,WADRAIN,900,1,6637,1011,0.1,0,6,NA,2022-01-11 08:17:48,0.0
2021-11-24 00:00:00,287947,RAIN,1,WADRAIN,900,1,6637,1022,0.0,0,2576,NA,2022-01-25 12:12:10,0.0
2021-11-25 00:00:00,287947,RAIN,1,WADRAIN,900,1,6637,1011,0.1,0,6,NA,2022-01-11 08:17:48,0.0
2021-11-26 00:00:00,287947,RAIN,1,WADRAIN,900,1,6637,1011,0.3,0,6,NA,2022-01-11 08:17:48,0.0
2021-11-27 00:00:00,287947,RAIN,1,WADRAIN,900,1,6637,1011,3.9,0,6,NA,2022-01-11 08:17:48,0.0
2021-11-28 00:00:00,287947,RAIN,1,WADRAIN,900,1,6637,1011,0.3,0,6,NA,2022-01-11 08:17:48,0.0
2021-11-29 00:00:00,287947,RAIN,1,WADRAIN,900,1,6637,1022,0.0,0,2576,NA,2022-01-25 12:12:10,0.0
2021-11-30 00:00:00,287947,RAIN,1,WADRAIN,900,1,6637,1011,0.1,0,6,NA,2022-01-11 08:17:48,0.0
2021-12-01 00:00:00,287947,RAIN,1,WADRAIN,900,1,6637,1011,0.5,0,6,NA,2022-01-11 08:17:48,0.0
2021-12-02 00:00:00,287947,RAIN,1,WADRAIN,900,1,6637,1011,0.7,0,6,NA,2022-01-11 08:17:48,0.0
2021-12-03 00:00:00,287947,RAIN,1,WADRAIN,900,1,6637,1011,0.7,0,6,NA,2022-01-11 08:17:48,0.0
2021-12-04 00:00:00,287947,RAIN,1,WADRAIN,900,1,6637,1011,3.1,0,6,NA,2022-01-11 08:17:48,0.0
2021-12-05 00:00:00,287947,RAIN,1,WADRAIN,900,1,6637,1011,1.6,0,6,NA,2022-01-11 08:17:48,0.0
2021-12-06 00:00:00,287947,RAIN,1,WADRAIN,900,1,6637,1011,0.4,0,6,NA,2022-01-11 08:17:48,0.0
2021-12-07 00:00:00,287947,RAIN,1,WADRAIN,900,1,6637,1011,1.4,0,6,NA,2022-01-11 08:17:48,0.0
2021-12-08 00:00:00,287947,RAIN,1,WADRAIN,900,1,6637,1011,8.3,0,6,NA,2022-01-11 08:17:48,0.0
2021-12-09 00:00:00,287947,RAIN,1,WADRAIN,900,1,6637,1011,0.3,0,6,NA,2022-01-11 08:17:48,0.0
2021-12-10 00:00:00,287947,RAIN,1,WADRAIN,900,1,6637,1011,7.7,0,6,NA,2022-01-11 08:17:48,0.0
2021-12-11 00:00:00,287947,RAIN,1,WADRAIN,900,1,6637,1011,0.2,0,6,NA,2022-01-11 08:17:48,0.0
2021-12-12 00:00:00,287947,RAIN,1,WADRAIN,900,1,6637,1011,2.4,0,6,NA,2022-01-11 08:17:48,0.0
2021-12-13 00:00:00,287947,RAIN,1,WADRAIN,900,1,6637,1011,0.2,0,6,NA,2022-01-11 08:17:48,0.0
2021-12-14 00:00:00,287947,RAIN,1,WADRAIN,900,1,6637,1011,0.2,0,6,NA,2022-01-11 08:17:48,0.0
2021-12-15 00:00:00,287947,RAIN,1,WADRAIN,900,1,6637,1011,0.0,0,6,NA,2022-01-11 08:17:48,0.0
2021-12-16 00:00:00,287947,RAIN,1,WADRAIN,900,1,6637,1011,0.0,0,6,NA,2022-01-11 08:17:48,0.0
2021-12-17 00:00:00,287947,RAIN,1,WADRAIN,900,1,6637,1011,0.0,0,6,NA,2022-01-11 08:17:48,0.0
2021-12-18 00:00:00,287947,RAIN,1,WADRAIN,900,1,6637,1011,0.0,0,6,NA,2022-01-11 08:17:48,0.0
2021-12-19 00:00:00,287947,RAIN,1,WADRAIN,900,1,6637,1011,0.0,0,6,NA,2022-01-11 08:17:48,0.0
2021-12-20 00:00:00,287947,RAIN,1,WADRAIN,900,1,6637,1011,0.0,0,6,NA,2022-01-11 08:17:48,0.0
2021-12-21 00:00:00,287947,RAIN,1,WADRAIN,900,1,6637,1011,0.0,0,6,NA,2022-01-11 08:17:48,0.0
2021-12-22 00:00:00,287947,RAIN,1,WADRAIN,900,1,6637,1011,0.0,0,6,NA,2022-01-11 08:17:48,0.0
2021-12-23 00:00:00,287947,RAIN,1,WADRAIN,900,1,6637,1011,0.0,0,6,NA,2022-01-11 08:17:48,0.0
2021-12-24 00:00:00,287947,RAIN,1,WADRAIN,900,1,6637,1011,0.0,0,6,NA,2022-01-11 08:17:48,0.0
2021-12-25 00:00:00,287947,RAIN,1,WADRAIN,900,1,6637,1011,10.9,0,6,NA,2022-01-11 08:17:48,0.0
2021-12-26 00:00:00,287947,RAIN,1,WADRAIN,900,1,6637,1011,13.1,0,6,NA,2022-01-11 08:17:48,0.0
2021-12-27 00:00:00,287947,RAIN,1,WADRAIN,900,1,6637,1011,1.0,0,6,NA,2022-01-11 08:17:48,0.0
2021-12-28 00:00:00,287947,RAIN,1,WADRAIN,900,1,6637,1011,2.2,0,6,NA,2022-01-11 08:17:48,0.0
2021-12-29 00:00:00,287947,RAIN,1,WADRAIN,900,1,6637,1011,1.2,0,6,NA,2022-01-11 08:17:48,0.0
2021-12-30 00:00:00,287947,RAIN,1,WADRAIN,900,1,6637,1011,0.9,0,6,NA,2022-01-11 08:17:48,0.0
2021-12-31 00:00:00,287947,RAIN,1,WADRAIN,900,1,6637,1011,0.5,0,6,NA,2022-01-11 08:17:48,0.0
end data
