id,id_type,src_id,met_day,VPD_mean,VPD_max,VPD_min,air_temperature_mean,air_temperature_max,air_temperature_min,dewpoint_mean,dewpoint_max,dewpoint_min,wetb_temp_mean,wetb_temp_max,wetb_temp_min,rltv_hum_mean,rltv_hum_max,rltv_hum_min,msl_pressure_mean,stn_pres_mean,alt_pres_mean,wind_speed_mean,wind_speed_max,visibility_mean,visibility_min,q10mnt_mxgst_spd_max,cs_hr_sun_dur_sum,wmo_hr_sun_dur_sum,drv_hr_sun_dur_sum,snow_depth_max,air_temperature_q_max,dewpoint_q_max,wetb_temp_q_max,msl_pressure_q_max,stn_pres_q_max,alt_pres_q_max,wind_direction_q_max,wind_speed_q_max,visibility_q_max,q10mnt_mxgst_spd_q_max,cs_hr_sun_dur_q_max,wmo_hr_sun_dur_q_max,drv_hr_sun_dur_q_max,snow_depth_q_max,ground_state_id_q_max,VPD_hourly_mean,VPD_hourly_max,VPD_hourly_min,wind_direction_circmean,ground_state_id_mode
5129.0,DCNN,710.0,2012-01-01,,,,10.7,10.7,10.7,,,,,,,,,,,,,,,1000.0,1000.0,,0.0,0.0,0.0,,6.0,,,,,,6.0,,6.0,,,,,,6.0,,,,230.0,1.0
5129.0,DCNN,710.0,2012-01-02,134.97787060429792,134.97787060429792,134.97787060429792,4.0,4.0,4.0,1.4,1.4,1.4,3.0,3.0,3.0,83.4,83.4,83.4,,,,10.0,10.0,2000.0,2000.0,,0.0,0.0,0.0,,6.0,6.0,6.0,,,,6.0,6.0,6.0,,,,,,6.0,134.97787060429792,134.97787060429792,134.97787060429792,250.0,1.0
5129.0,DCNN,710.0,2012-01-03,166.87720552256798,166.87720552256798,166.87720552256798,11.5,11.5,11.5,9.5,9.5,9.5,10.5,10.5,10.5,87.7,87.7,87.7,,,,22.0,22.0,400.0,400.0,,0.0,0.0,0.0,,6.0,6.0,6.0,,,,6.0,6.0,6.0,,,,,,6.0,166.87720552256798,166.87720552256798,166.87720552256798,230.0,1.0
5129.0,DCNN,710.0,2012-01-04,278.1451890036079,278.1451890036079,278.1451890036079,5.5,5.5,5.5,0.3,0.3,0.3,3.5,3.5,3.5,69.2,69.2,69.2,,,,10.0,10.0,1000.0,1000.0,,0.0,0.0,0.0,,6.0,6.0,6.0,,,,6.0,6.0,6.0,,,,,,6.0,278.1451890036079,278.1451890036079,278.1451890036079,270.0,1.0
5129.0,DCNN,710.0,2012-01-05,469.1833479600689,469.1833479600689,469.1833479600689,9.1,9.1,9.1,1.6,1.6,1.6,6.0,6.0,6.0,59.4,59.4,59.4,,,,18.0,18.0,1000.0,1000.0,,0.0,0.0,0.0,,6.0,6.0,6.0,,,,6.0,6.0,6.0,,,,,,6.0,469.1833479600689,469.1833479600689,469.1833479600689,320.0,2.0
5129.0,DCNN,710.0,2012-01-06,134.97787060429792,134.97787060429792,134.97787060429792,4.0,4.0,4.0,1.4,1.4,1.4,3.0,3.0,3.0,83.4,83.4,83.4,,,,6.0,6.0,1000.0,1000.0,,0.0,0.0,0.0,,6.0,6.0,6.0,,,,6.0,6.0,6.0,,,,,,6.0,134.97787060429792,134.97787060429792,134.97787060429792,320.0,0.0
5129.0,DCNN,710.0,2012-01-07,447.995901943903,447.995901943903,447.995901943903,8.6,8.6,8.6,1.3,1.3,1.3,5.6,5.6,5.6,59.9,59.9,59.9,,,,12.0,12.0,2000.0,2000.0,,0.0,0.0,0.0,,6.0,6.0,6.0,,,,6.0,6.0,6.0,,,,,,6.0,447.995901943903,447.995901943903,447.995901943903,320.0,0.0
5129.0,DCNN,710.0,2012-01-08,355.0212629734606,355.0212629734606,355.0212629734606,8.0,8.0,8.0,2.2,2.2,2.2,5.6,5.6,5.6,66.9,66.9,66.9,,,,6.0,6.0,2000.0,2000.0,,0.0,0.0,0.0,,6.0,6.0,6.0,,,,6.0,6.0,6.0,,,,,,6.0,355.0212629734606,355.0212629734606,355.0212629734606,290.0,0.0
5129.0,DCNN,710.0,2012-01-09,154.95932563768582,154.95932563768582,154.95932563768582,9.0,9.0,9.0,6.9,6.9,6.9,8.0,8.0,8.0,86.5,86.5,86.5,,,,7.0,7.0,1000.0,1000.0,,0.0,0.0,0.0,,6.0,6.0,6.0,,,,6.0,6.0,6.0,,,,,,6.0,154.95932563768582,154.95932563768582,154.95932563768582,290.0,1.0
5129.0,DCNN,710.0,2012-01-10,92.97559538261143,92.97559538261143,92.97559538261143,9.0,9.0,9.0,7.8,7.8,7.8,8.4,8.4,8.4,91.9,91.9,91.9,,,,7.0,7.0,1000.0,1000.0,,0.0,0.0,0.0,,6.0,6.0,6.0,,,,6.0,6.0,6.0,,,,,,6.0,92.97559538261143,92.97559538261143,92.97559538261143,270.0,1.0
5129.0,DCNN,710.0,2012-01-11,98.66211157456733,98.66211157456733,98.66211157456733,5.8,5.8,5.8,4.2,4.2,4.2,5.1,5.1,5.1,89.3,89.3,89.3,,,,6.0,6.0,1000.0,1000.0,,0.0,0.0,0.0,,6.0,6.0,6.0,,,,6.0,6.0,6.0,,,,,,6.0,98.66211157456733,98.66211157456733,98.66211157456733,230.0,0.0
5129.0,DCNN,710.0,2012-01-12,187.3150446337981,187.3150446337981,187.3150446337981,9.2,9.2,9.2,6.6,6.6,6.6,8.0,8.0,8.0,83.9,83.9,83.9,,,,12.0,12.0,1000.0,1000.0,,0.0,0.0,0.0,,6.0,6.0,6.0,,,,6.0,6.0,6.0,,,,,,6.0,187.3150446337981,187.3150446337981,187.3150446337981,270.0,0.0
5129.0,DCNN,710.0,2012-01-13,51.836207338600865,51.836207338600865,51.836207338600865,1.9,1.9,1.9,0.8,0.8,0.8,1.5,1.5,1.5,92.6,92.6,92.6,,,,4.0,4.0,400.0,400.0,,0.0,0.0,0.0,,6.0,6.0,6.0,,,,6.0,6.0,6.0,,,,,,6.0,51.836207338600865,51.836207338600865,51.836207338600865,20.0,4.0
5129.0,DCNN,710.0,2012-01-14,56.910283197571104,56.910283197571104,56.910283197571104,-2.5,-2.5,-2.5,-4.1,-4.1,-4.1,-2.9,-2.9,-2.9,88.8,88.8,88.8,,,,2.0,2.0,400.0,400.0,,0.0,0.0,0.0,,6.0,6.0,6.0,,,,6.0,6.0,6.0,,,,,,6.0,56.910283197571104,56.910283197571104,56.910283197571104,20.0,4.0
5129.0,DCNN,710.0,2012-01-15,129.11058075319218,129.11058075319218,129.11058075319218,2.0,2.0,2.0,-0.8,-0.8,-0.8,1.0,1.0,1.0,81.7,81.7,81.7,,,,8.0,8.0,1000.0,1000.0,,0.0,0.0,0.0,,6.0,6.0,6.0,,,,6.0,6.0,6.0,,,,,,6.0,129.11058075319218,129.11058075319218,129.11058075319218,110.0,4.0
5129.0,DCNN,710.0,2012-01-16,139.85832069223378,139.85832069223378,139.85832069223378,1.6,1.6,1.6,-1.5,-1.5,-1.5,0.5,0.5,0.5,79.6,79.6,79.6,,,,5.0,5.0,400.0,400.0,,0.0,0.0,0.0,,6.0,6.0,6.0,,,,6.0,6.0,6.0,,,,,,6.0,139.85832069223378,139.85832069223378,139.85832069223378,110.0,4.0
5129.0,DCNN,710.0,2012-01-17,56.910283197571104,56.910283197571104,56.910283197571104,-2.5,-2.5,-2.5,-4.1,-4.1,-4.1,-2.9,-2.9,-2.9,88.8,88.8,88.8,,,,2.0,2.0,400.0,400.0,,0.0,0.0,0.0,,6.0,6.0,6.0,,,,6.0,6.0,6.0,,,,,,6.0,56.910283197571104,56.910283197571104,56.910283197571104,140.0,4.0
5129.0,DCNN,710.0,2012-01-18,76.56569194445817,76.56569194445817,76.56569194445817,8.5,8.5,8.5,7.4,7.4,7.4,8.0,8.0,8.0,93.1,93.1,93.1,,,,10.0,10.0,200.0,200.0,,0.0,0.0,0.0,,6.0,6.0,6.0,,,,6.0,6.0,6.0,,,,,,6.0,76.56569194445817,76.56569194445817,76.56569194445817,230.0,2.0
5129.0,DCNN,710.0,2012-01-19,74.63453445699355,74.63453445699355,74.63453445699355,7.5,7.5,7.5,6.4,6.4,6.4,7.0,7.0,7.0,92.8,92.8,92.8,,,,10.0,10.0,200.0,200.0,,0.0,0.0,0.0,,6.0,6.0,6.0,,,,6.0,6.0,6.0,,,,,,6.0,74.63453445699355,74.63453445699355,74.63453445699355,320.0,2.0
5129.0,DCNN,710.0,2012-01-20,279.00086363104094,279.00086363104094,279.00086363104094,7.4,7.4,7.4,2.9,2.9,2.9,5.5,5.5,5.5,72.9,72.9,72.9,,,,12.0,12.0,1000.0,1000.0,,0.0,0.0,0.0,,6.0,6.0,6.0,,,,6.0,6.0,6.0,,,,,,6.0,279.00086363104094,279.00086363104094,279.00086363104094,270.0,0.0
5129.0,DCNN,710.0,2012-01-21,275.8600312005143,275.8600312005143,275.8600312005143,10.8,10.8,10.8,7.3,7.3,7.3,9.1,9.1,9.1,78.7,78.7,78.7,,,,10.0,10.0,1000.0,1000.0,,0.0,0.0,0.0,,6.0,6.0,6.0,,,,6.0,6.0,6.0,,,,,,6.0,275.8600312005143,275.8600312005143,275.8600312005143,270.0,0.0
5129.0,DCNN,710.0,2012-01-22,259.1896490049513,259.1896490049513,259.1896490049513,8.6,8.6,8.6,4.8,4.8,4.8,6.9,6.9,6.9,76.8,76.8,76.8,,,,16.0,16.0,2000.0,2000.0,,0.0,0.0,0.0,,6.0,6.0,6.0,,,,6.0,6.0,6.0,,,,,,6.0,259.1896490049513,259.1896490049513,259.1896490049513,270.0,0.0
5129.0,DCNN,710.0,2012-01-23,210.4150293436385,210.4150293436385,210.4150293436385,5.5,5.5,5.5,1.7,1.7,1.7,4.0,4.0,4.0,76.7,76.7,76.7,,,,7.0,7.0,1000.0,1000.0,,0.0,0.0,0.0,,6.0,6.0,6.0,,,,6.0,6.0,6.0,,,,,,6.0,210.4150293436385,210.4150293436385,210.4150293436385,250.0,0.0
5129.0,DCNN,710.0,2012-01-24,53.034553738240625,53.034553738240625,53.034553738240625,3.0,3.0,3.0,2.0,2.0,2.0,2.6,2.6,2.6,93.0,93.0,93.0,,,,5.0,5.0,200.0,200.0,,0.0,0.0,0.0,,6.0,6.0,6.0,,,,6.0,6.0,6.0,,,,,,6.0,53.034553738240625,53.034553738240625,53.034553738240625,180.0,2.0
5129.0,DCNN,710.0,2012-01-25,90.71147280750199,90.71147280750199,90.71147280750199,8.1,8.1,8.1,6.8,6.8,6.8,7.5,7.5,7.5,91.6,91.6,91.6,,,,8.0,8.0,400.0,400.0,,0.0,0.0,0.0,,6.0,6.0,6.0,,,,6.0,6.0,6.0,,,,,,6.0,90.71147280750199,90.71147280750199,90.71147280750199,230.0,1.0
5129.0,DCNN,710.0,2012-01-26,71.9905495080218,71.9905495080218,71.9905495080218,6.0,6.0,6.0,4.8,4.8,4.8,5.5,5.5,5.5,92.3,92.3,92.3,,,,10.0,10.0,1000.0,1000.0,,0.0,0.0,0.0,,6.0,6.0,6.0,,,,6.0,6.0,6.0,,,,,,6.0,71.9905495080218,71.9905495080218,71.9905495080218,230.0,1.0
5129.0,DCNN,710.0,2012-01-27,78.79443866907268,78.79443866907268,78.79443866907268,2.6,2.6,2.6,1.0,1.0,1.0,2.0,2.0,2.0,89.3,89.3,89.3,,,,10.0,10.0,1000.0,1000.0,,0.0,0.0,0.0,,6.0,6.0,6.0,,,,6.0,6.0,6.0,,,,,,6.0,78.79443866907268,78.79443866907268,78.79443866907268,250.0,4.0
5129.0,DCNN,710.0,2012-01-28,80.06444908571149,80.06444908571149,80.06444908571149,3.5,3.5,3.5,2.0,2.0,2.0,2.9,2.9,2.9,89.8,89.8,89.8,,,,7.0,7.0,400.0,400.0,,0.0,0.0,0.0,,6.0,6.0,6.0,,,,6.0,6.0,6.0,,,,,,6.0,80.06444908571149,80.06444908571149,80.06444908571149,360.0,1.0
5129.0,DCNN,710.0,2012-01-29,12.932785475602472,12.932785475602472,12.932785475602472,1.5,1.5,1.5,1.2,1.2,1.2,1.4,1.4,1.4,98.1,98.1,98.1,,,,0.0,0.0,40.0,40.0,,0.0,0.0,0.0,,6.0,6.0,6.0,,,,6.0,6.0,6.0,,,,,,6.0,12.932785475602472,12.932785475602472,12.932785475602472,0.0,0.0
5129.0,DCNN,710.0,2012-01-30,63.03359635406679,63.03359635406679,63.03359635406679,1.0,1.0,1.0,-0.4,-0.4,-0.4,0.5,0.5,0.5,90.4,90.4,90.4,,,,8.0,8.0,200.0,200.0,,0.0,0.0,0.0,,6.0,6.0,6.0,,,,6.0,6.0,6.0,,,,,,6.0,63.03359635406679,63.03359635406679,63.03359635406679,50.0,0.0
5129.0,DCNN,710.0,2012-01-31,61.06999999999999,61.06999999999999,61.06999999999999,0.0,0.0,0.0,-1.4,-1.4,-1.4,-0.5,-0.5,-0.5,90.0,90.0,90.0,,,,6.0,6.0,200.0,200.0,,0.0,0.0,0.0,,6.0,6.0,6.0,,,,6.0,6.0,6.0,,,,,,6.0,61.06999999999999,61.06999999999999,61.06999999999999,90.0,0.0
5129.0,DCNN,710.0,2012-02-01,133.96785645875795,133.96785645875795,133.96785645875795,-1.0,-1.0,-1.0,-4.6,-4.6,-4.6,-2.1,-2.1,-2.1,76.4,76.4,76.4,,,,10.0,10.0,400.0,400.0,,0.0,0.0,0.0,,6.0,6.0,6.0,,,,6.0,6.0,6.0,,,,,,6.0,133.96785645875795,133.96785645875795,133.96785645875795,70.0,4.0
5129.0,DCNN,710.0,2012-02-02,,,,-2.5,-2.5,-2.5,,,,,,,,,,,,,5.0,5.0,1000.0,1000.0,,0.0,0.0,0.0,,6.0,,,,,,6.0,6.0,6.0,,,,,,6.0,,,,90.0,4.0
5129.0,DCNN,710.0,2012-02-03,,,,-3.5,-3.5,-3.5,,,,,,,,,,,,,4.0,4.0,1000.0,1000.0,,0.0,0.0,0.0,,6.0,,,,,,6.0,6.0,6.0,,,,,,6.0,,,,50.0,4.0
5129.0,DCNN,710.0,2012-02-04,56.910283197571104,56.910283197571104,56.910283197571104,-2.5,-2.5,-2.5,-4.1,-4.1,-4.1,-2.9,-2.9,-2.9,88.8,88.8,88.8,,,,7.0,7.0,400.0,400.0,,0.0,0.0,0.0,,6.0,6.0,6.0,,,,6.0,6.0,6.0,,,,,,6.0,56.910283197571104,56.910283197571104,56.910283197571104,160.0,4.0
5129.0,DCNN,710.0,2012-02-05,13.131999240430597,13.131999240430597,13.131999240430597,1.0,1.0,1.0,0.7,0.7,0.7,0.9,0.9,0.9,98.0,98.0,98.0,,,,6.0,6.0,400.0,400.0,,0.0,0.0,0.0,,6.0,6.0,6.0,,,,6.0,6.0,6.0,,,,,,6.0,13.131999240430597,13.131999240430597,13.131999240430597,160.0,13.0
5129.0,DCNN,710.0,2012-02-06,13.02602006447276,13.02602006447276,13.02602006447276,1.6,1.6,1.6,1.3,1.3,1.3,1.5,1.5,1.5,98.1,98.1,98.1,,,,4.0,4.0,20.0,20.0,,0.0,0.0,0.0,,6.0,6.0,6.0,,,,6.0,6.0,6.0,,,,,,6.0,13.02602006447276,13.02602006447276,13.02602006447276,140.0,13.0
5129.0,DCNN,710.0,2012-02-07,63.23203890016014,63.23203890016014,63.23203890016014,0.9,0.9,0.9,-0.5,-0.5,-0.5,0.4,0.4,0.4,90.3,90.3,90.3,,,,4.0,4.0,400.0,400.0,,0.0,0.0,0.0,,6.0,6.0,6.0,,,,6.0,6.0,6.0,,,,,,6.0,63.23203890016014,63.23203890016014,63.23203890016014,70.0,13.0
5129.0,DCNN,710.0,2012-02-08,122.04698787556337,122.04698787556337,122.04698787556337,-1.0,-1.0,-1.0,-4.3,-4.3,-4.3,-2.0,-2.0,-2.0,78.5,78.5,78.5,,,,12.0,12.0,1000.0,1000.0,,0.0,0.0,0.0,,6.0,6.0,6.0,,,,6.0,6.0,6.0,,,,,,6.0,122.04698787556337,122.04698787556337,122.04698787556337,50.0,12.0
5129.0,DCNN,710.0,2012-02-09,,,,-1.9,-1.9,-1.9,,,,,,,,,,,,,2.0,2.0,400.0,400.0,,0.0,0.0,0.0,,6.0,,,,,,6.0,6.0,6.0,,,,,,6.0,,,,160.0,12.0
5129.0,DCNN,710.0,2012-02-10,,,,0.0,0.0,0.0,,,,,,,,,,,,,7.0,7.0,200.0,200.0,,0.0,0.0,0.0,,6.0,,,,,,6.0,6.0,6.0,,,,,,6.0,,,,110.0,14.0
5129.0,DCNN,710.0,2012-02-11,,,,-7.5,-7.5,-7.5,,,,,,,,,,,,,4.0,4.0,200.0,200.0,,0.0,0.0,0.0,,6.0,,,,,,6.0,6.0,6.0,,,,,,6.0,,,,50.0,14.0
5129.0,DCNN,710.0,2012-02-12,,,,-1.8,-1.8,-1.8,,,,,,,,,,,,,6.0,6.0,200.0,200.0,,0.0,0.0,0.0,,6.0,,,,,,6.0,6.0,6.0,,,,,,6.0,,,,340.0,14.0
5129.0,DCNN,710.0,2012-02-13,53.03344331390527,53.03344331390527,53.03344331390527,2.8,2.8,2.8,1.8,1.8,1.8,2.4,2.4,2.4,92.9,92.9,92.9,,,,7.0,7.0,200.0,200.0,,0.0,0.0,0.0,,6.0,6.0,6.0,,,,6.0,6.0,6.0,,,,,,6.0,53.03344331390527,53.03344331390527,53.03344331390527,320.0,12.0
5129.0,DCNN,710.0,2012-02-14,201.65368620401142,201.65368620401142,201.65368620401142,4.0,4.0,4.0,0.0,0.0,0.0,2.5,2.5,2.5,75.2,75.2,75.2,,,,8.0,8.0,1000.0,1000.0,,0.0,0.0,0.0,,6.0,6.0,6.0,,,,6.0,6.0,6.0,,,,,,6.0,201.65368620401142,201.65368620401142,201.65368620401142,340.0,1.0
5129.0,DCNN,710.0,2012-02-15,288.48293058102826,288.48293058102826,288.48293058102826,7.0,7.0,7.0,2.1,2.1,2.1,5.0,5.0,5.0,71.2,71.2,71.2,,,,14.0,14.0,1000.0,1000.0,,0.0,0.0,0.0,,6.0,6.0,6.0,,,,6.0,6.0,6.0,,,,,,6.0,288.48293058102826,288.48293058102826,288.48293058102826,360.0,1.0
5129.0,DCNN,710.0,2012-02-16,335.8554050564707,335.8554050564707,335.8554050564707,7.5,7.5,7.5,1.9,1.9,1.9,5.2,5.2,5.2,67.6,67.6,67.6,,,,7.0,7.0,1000.0,1000.0,,0.0,0.0,0.0,,6.0,6.0,6.0,,,,6.0,6.0,6.0,,,,,,6.0,335.8554050564707,335.8554050564707,335.8554050564707,320.0,0.0
5129.0,DCNN,710.0,2012-02-17,74.63453445699355,74.63453445699355,74.63453445699355,7.5,7.5,7.5,6.4,6.4,6.4,7.0,7.0,7.0,92.8,92.8,92.8,,,,6.0,6.0,1000.0,1000.0,,0.0,0.0,0.0,,6.0,6.0,6.0,,,,6.0,6.0,6.0,,,,,,6.0,74.63453445699355,74.63453445699355,74.63453445699355,270.0,0.0
5129.0,DCNN,710.0,2012-02-18,286.5573315803518,286.5573315803518,286.5573315803518,8.4,8.4,8.4,4.0,4.0,4.0,6.5,6.5,6.5,74.0,74.0,74.0,,,,18.0,18.0,4000.0,4000.0,,0.0,0.0,0.0,,6.0,6.0,6.0,,,,6.0,6.0,6.0,,,,,,6.0,286.5573315803518,286.5573315803518,286.5573315803518,230.0,0.0
5129.0,DCNN,710.0,2012-02-19,263.7417146352849,263.7417146352849,263.7417146352849,3.5,3.5,3.5,-2.2,-2.2,-2.2,1.5,1.5,1.5,66.4,66.4,66.4,,,,10.0,10.0,2000.0,2000.0,,0.0,0.0,0.0,,6.0,6.0,6.0,,,,6.0,6.0,6.0,,,,,,6.0,263.7417146352849,263.7417146352849,263.7417146352849,320.0,0.0
5129.0,DCNN,710.0,2012-02-20,120.91859999999998,120.91859999999998,120.91859999999998,0.0,0.0,0.0,-3.0,-3.0,-3.0,-1.0,-1.0,-1.0,80.2,80.2,80.2,,,,4.0,4.0,400.0,400.0,,0.0,0.0,0.0,,6.0,6.0,6.0,,,,6.0,6.0,6.0,,,,,,6.0,120.91859999999998,120.91859999999998,120.91859999999998,160.0,4.0
5129.0,DCNN,710.0,2012-02-21,204.34207582822847,204.34207582822847,204.34207582822847,7.0,7.0,7.0,3.7,3.7,3.7,5.6,5.6,5.6,79.6,79.6,79.6,,,,10.0,10.0,1000.0,1000.0,,0.0,0.0,0.0,,6.0,6.0,6.0,,,,6.0,6.0,6.0,,,,,,6.0,204.34207582822847,204.34207582822847,204.34207582822847,230.0,0.0
5129.0,DCNN,710.0,2012-02-22,239.18350949571516,239.18350949571516,239.18350949571516,8.0,8.0,8.0,4.4,4.4,4.4,6.4,6.4,6.4,77.7,77.7,77.7,,,,18.0,18.0,1000.0,1000.0,,0.0,0.0,0.0,,6.0,6.0,6.0,,,,6.0,6.0,6.0,,,,,,6.0,239.18350949571516,239.18350949571516,239.18350949571516,219.99999999999997,0.0
5129.0,DCNN,710.0,2012-02-23,226.13397258682477,226.13397258682477,226.13397258682477,12.8,12.8,12.8,10.3,10.3,10.3,11.5,11.5,11.5,84.7,84.7,84.7,,,,10.0,10.0,1000.0,1000.0,,0.0,0.0,0.0,,6.0,6.0,6.0,,,,6.0,6.0,6.0,,,,,,6.0,226.13397258682477,226.13397258682477,226.13397258682477,250.0,1.0
5129.0,DCNN,710.0,2012-02-24,159.60505653091778,159.60505653091778,159.60505653091778,10.0,10.0,10.0,7.9,7.9,7.9,9.0,9.0,9.0,87.0,87.0,87.0,,,,12.0,12.0,2000.0,2000.0,,0.0,0.0,0.0,,6.0,6.0,6.0,,,,6.0,6.0,6.0,,,,,,6.0,159.60505653091778,159.60505653091778,159.60505653091778,270.0,0.0
5129.0,DCNN,710.0,2012-02-25,354.7412005553644,354.7412005553644,354.7412005553644,7.9,7.9,7.9,2.1,2.1,2.1,5.5,5.5,5.5,66.7,66.7,66.7,,,,8.0,8.0,1000.0,1000.0,,0.0,0.0,0.0,,6.0,6.0,6.0,,,,6.0,6.0,6.0,,,,,,6.0,354.7412005553644,354.7412005553644,354.7412005553644,320.0,0.0
5129.0,DCNN,710.0,2012-02-26,210.4150293436385,210.4150293436385,210.4150293436385,5.5,5.5,5.5,1.7,1.7,1.7,4.0,4.0,4.0,76.7,76.7,76.7,,,,2.0,2.0,1000.0,1000.0,,0.0,0.0,0.0,,6.0,6.0,6.0,,,,6.0,6.0,6.0,,,,,,6.0,210.4150293436385,210.4150293436385,210.4150293436385,20.0,0.0
5129.0,DCNN,710.0,2012-02-27,151.23262259594537,151.23262259594537,151.23262259594537,8.0,8.0,8.0,5.8,5.8,5.8,7.0,7.0,7.0,85.9,85.9,85.9,,,,10.0,10.0,1000.0,1000.0,,0.0,0.0,0.0,,6.0,6.0,6.0,,,,6.0,6.0,6.0,,,,,,6.0,151.23262259594537,151.23262259594537,151.23262259594537,230.0,0.0
5129.0,DCNN,710.0,2012-02-28,143.644550877826,143.644550877826,143.644550877826,10.0,10.0,10.0,8.2,8.2,8.2,9.1,9.1,9.1,88.3,88.3,88.3,,,,8.0,8.0,400.0,400.0,,0.0,0.0,0.0,,6.0,6.0,6.0,,,,6.0,6.0,6.0,,,,,,6.0,143.644550877826,143.644550877826,143.644550877826,250.0,0.0
5129.0,DCNN,710.0,2012-02-29,110.52751080876288,110.52751080876288,110.52751080876288,9.2,9.2,9.2,7.7,7.7,7.7,8.5,8.5,8.5,90.5,90.5,90.5,,,,4.0,4.0,200.0,200.0,,0.0,0.0,0.0,,6.0,6.0,6.0,,,,6.0,6.0,6.0,,,,,,6.0,110.52751080876288,110.52751080876288,110.52751080876288,199.99999999999997,0.0
5129.0,DCNN,710.0,2012-03-01,57.56634056335368,57.56634056335368,57.56634056335368,5.9,5.9,5.9,5.0,5.0,5.0,5.5,5.5,5.5,93.8,93.8,93.8,,,,2.0,2.0,20.0,20.0,,0.0,0.0,0.0,,6.0,6.0,6.0,,,,6.0,6.0,6.0,,,,,,6.0,57.56634056335368,57.56634056335368,57.56634056335368,50.0,0.0
5129.0,DCNN,710.0,2012-03-02,14.449100727460069,14.449100727460069,14.449100727460069,5.5,5.5,5.5,5.3,5.3,5.3,5.4,5.4,5.4,98.4,98.4,98.4,,,,5.0,5.0,10.0,10.0,,0.0,0.0,0.0,,6.0,6.0,6.0,,,,6.0,6.0,6.0,,,,,,6.0,14.449100727460069,14.449100727460069,14.449100727460069,70.0,0.0
5129.0,DCNN,710.0,2012-03-03,157.89735709687068,157.89735709687068,157.89735709687068,9.5,9.5,9.5,7.4,7.4,7.4,8.5,8.5,8.5,86.7,86.7,86.7,,,,12.0,12.0,200.0,200.0,,0.0,0.0,0.0,,6.0,6.0,6.0,,,,6.0,6.0,6.0,,,,,,6.0,157.89735709687068,157.89735709687068,157.89735709687068,180.0,0.0
5129.0,DCNN,710.0,2012-03-04,30.267320696151053,30.267320696151053,30.267320696151053,7.6,7.6,7.6,7.2,7.2,7.2,7.4,7.4,7.4,97.1,97.1,97.1,,,,12.0,12.0,400.0,400.0,,0.0,0.0,0.0,,6.0,6.0,6.0,,,,6.0,6.0,6.0,,,,,,6.0,30.267320696151053,30.267320696151053,30.267320696151053,180.0,2.0
5129.0,DCNN,710.0,2012-03-05,223.3057722930524,223.3057722930524,223.3057722930524,5.4,5.4,5.4,1.4,1.4,1.4,3.8,3.8,3.8,75.1,75.1,75.1,,,,20.0,20.0,2000.0,2000.0,,0.0,0.0,0.0,,6.0,6.0,6.0,,,,6.0,6.0,6.0,,,,,,6.0,223.3057722930524,223.3057722930524,223.3057722930524,340.0,0.0
5129.0,DCNN,710.0,2012-03-06,134.22569405545747,134.22569405545747,134.22569405545747,3.5,3.5,3.5,0.9,0.9,0.9,2.5,2.5,2.5,82.9,82.9,82.9,,,,6.0,6.0,1000.0,1000.0,,0.0,0.0,0.0,,6.0,6.0,6.0,,,,6.0,6.0,6.0,,,,,,6.0,134.22569405545747,134.22569405545747,134.22569405545747,360.0,0.0
5129.0,DCNN,710.0,2012-03-07,90.18339580220054,90.18339580220054,90.18339580220054,7.5,7.5,7.5,6.2,6.2,6.2,6.9,6.9,6.9,91.3,91.3,91.3,,,,14.0,14.0,200.0,200.0,,0.0,0.0,0.0,,6.0,6.0,6.0,,,,6.0,6.0,6.0,,,,,,6.0,90.18339580220054,90.18339580220054,90.18339580220054,180.0,1.0
5129.0,DCNN,710.0,2012-03-08,208.9568070051453,208.9568070051453,208.9568070051453,5.4,5.4,5.4,1.6,1.6,1.6,3.9,3.9,3.9,76.7,76.7,76.7,,,,10.0,10.0,1000.0,1000.0,,0.0,0.0,0.0,,6.0,6.0,6.0,,,,6.0,6.0,6.0,,,,,,6.0,208.9568070051453,208.9568070051453,208.9568070051453,290.0,0.0
5129.0,DCNN,710.0,2012-03-09,273.7132069233322,273.7132069233322,273.7132069233322,8.6,8.6,8.6,4.5,4.5,4.5,6.8,6.8,6.8,75.5,75.5,75.5,,,,8.0,8.0,1000.0,1000.0,,0.0,0.0,0.0,,6.0,6.0,6.0,,,,6.0,6.0,6.0,,,,,,6.0,273.7132069233322,273.7132069233322,273.7132069233322,250.0,0.0
5129.0,DCNN,710.0,2012-03-10,78.05358624713057,78.05358624713057,78.05358624713057,9.0,9.0,9.0,8.0,8.0,8.0,8.5,8.5,8.5,93.2,93.2,93.2,,,,10.0,10.0,400.0,400.0,,0.0,0.0,0.0,,6.0,6.0,6.0,,,,6.0,6.0,6.0,,,,,,6.0,78.05358624713057,78.05358624713057,78.05358624713057,250.0,0.0
5129.0,DCNN,710.0,2012-03-11,,,,10.5,10.5,10.5,,,,,,,,,,,,,,,1000.0,1000.0,,0.0,0.0,0.0,,6.0,,,,,,6.0,,6.0,,,,,,6.0,,,,360.0,0.0
5129.0,DCNN,710.0,2012-03-12,14.317098245498174,14.317098245498174,14.317098245498174,4.5,4.5,4.5,4.3,4.3,4.3,4.4,4.4,4.4,98.3,98.3,98.3,,,,2.0,2.0,40.0,40.0,,0.0,0.0,0.0,,6.0,6.0,6.0,,,,6.0,6.0,6.0,,,,,,6.0,14.317098245498174,14.317098245498174,14.317098245498174,360.0,0.0
5129.0,DCNN,710.0,2012-03-13,70.43936604636822,70.43936604636822,70.43936604636822,5.5,5.5,5.5,4.3,4.3,4.3,5.0,5.0,5.0,92.2,92.2,92.2,,,,5.0,5.0,400.0,400.0,,0.0,0.0,0.0,,6.0,6.0,6.0,,,,6.0,6.0,6.0,,,,,,6.0,70.43936604636822,70.43936604636822,70.43936604636822,90.0,0.0
5129.0,DCNN,710.0,2012-03-14,157.07028983568372,157.07028983568372,157.07028983568372,6.0,6.0,6.0,3.4,3.4,3.4,4.9,4.9,4.9,83.2,83.2,83.2,,,,5.0,5.0,400.0,400.0,,0.0,0.0,0.0,,6.0,6.0,6.0,,,,6.0,6.0,6.0,,,,,,6.0,157.07028983568372,157.07028983568372,157.07028983568372,140.0,0.0
5129.0,DCNN,710.0,2012-03-15,0.0,0.0,0.0,3.4,3.4,3.4,3.4,3.4,3.4,3.4,3.4,3.4,100.0,100.0,100.0,,,,4.0,4.0,10.0,10.0,,0.0,0.0,0.0,,6.0,6.0,2006.0,,,,6.0,6.0,6.0,,,,,,6.0,0.0,0.0,0.0,160.0,0.0
5129.0,DCNN,710.0,2012-03-16,298.17495802604856,298.17495802604856,298.17495802604856,8.0,8.0,8.0,3.3,3.3,3.3,6.0,6.0,6.0,72.2,72.2,72.2,,,,10.0,10.0,400.0,400.0,,0.0,0.0,0.0,,6.0,6.0,6.0,,,,6.0,6.0,6.0,,,,,,6.0,298.17495802604856,298.17495802604856,298.17495802604856,230.0,0.0
5129.0,DCNN,710.0,2012-03-17,140.23424195616138,140.23424195616138,140.23424195616138,8.9,8.9,8.9,7.0,7.0,7.0,8.0,8.0,8.0,87.7,87.7,87.7,,,,10.0,10.0,200.0,200.0,,0.0,0.0,0.0,,6.0,6.0,6.0,,,,6.0,6.0,6.0,,,,,,6.0,140.23424195616138,140.23424195616138,140.23424195616138,180.0,1.0
5129.0,DCNN,710.0,2012-03-18,201.30299561697714,201.30299561697714,201.30299561697714,6.5,6.5,6.5,3.2,3.2,3.2,5.1,5.1,5.1,79.2,79.2,79.2,,,,10.0,10.0,1000.0,1000.0,,0.0,0.0,0.0,,6.0,6.0,6.0,,,,6.0,6.0,6.0,,,,,,6.0,201.30299561697714,201.30299561697714,201.30299561697714,320.0,1.0
5129.0,DCNN,710.0,2012-03-19,318.70987966467175,318.70987966467175,318.70987966467175,7.1,7.1,7.1,1.7,1.7,1.7,4.9,4.9,4.9,68.4,68.4,68.4,,,,2.0,2.0,1000.0,1000.0,,0.0,0.0,0.0,,6.0,6.0,6.0,,,,6.0,6.0,6.0,,,,,,6.0,318.70987966467175,318.70987966467175,318.70987966467175,199.99999999999997,0.0
5129.0,DCNN,710.0,2012-03-20,390.4185228987065,390.4185228987065,390.4185228987065,10.0,10.0,10.0,4.4,4.4,4.4,7.5,7.5,7.5,68.2,68.2,68.2,,,,10.0,10.0,1000.0,1000.0,,0.0,0.0,0.0,,6.0,6.0,6.0,,,,6.0,6.0,6.0,,,,,,6.0,390.4185228987065,390.4185228987065,390.4185228987065,250.0,0.0
5129.0,DCNN,710.0,2012-03-21,307.39598659452776,307.39598659452776,307.39598659452776,9.1,9.1,9.1,4.6,4.6,4.6,7.1,7.1,7.1,73.4,73.4,73.4,,,,6.0,6.0,1000.0,1000.0,,0.0,0.0,0.0,,6.0,6.0,6.0,,,,6.0,6.0,6.0,,,,,,6.0,307.39598659452776,307.39598659452776,307.39598659452776,20.0,0.0
5129.0,DCNN,710.0,2012-03-22,,,,10.0,10.0,10.0,,,,,,,,,,,,,10.0,10.0,200.0,200.0,,0.0,0.0,0.0,,6.0,,,,,,6.0,6.0,6.0,,,,,,6.0,,,,90.0,0.0
5129.0,DCNN,710.0,2012-03-23,76.56569194445817,76.56569194445817,76.56569194445817,8.5,8.5,8.5,7.4,7.4,7.4,8.0,8.0,8.0,93.1,93.1,93.1,,,,2.0,2.0,200.0,200.0,,0.0,0.0,0.0,,6.0,6.0,6.0,,,,6.0,6.0,6.0,,,,,,6.0,76.56569194445817,76.56569194445817,76.56569194445817,90.0,0.0
5129.0,DCNN,710.0,2012-03-24,151.23262259594537,151.23262259594537,151.23262259594537,8.0,8.0,8.0,5.8,5.8,5.8,7.0,7.0,7.0,85.9,85.9,85.9,,,,4.0,4.0,200.0,200.0,,0.0,0.0,0.0,,6.0,6.0,6.0,,,,6.0,6.0,6.0,,,,,,6.0,151.23262259594537,151.23262259594537,151.23262259594537,70.0,0.0
5129.0,DCNN,710.0,2012-03-25,283.15895294560005,283.15895294560005,283.15895294560005,8.0,8.0,8.0,3.6,3.6,3.6,6.1,6.1,6.1,73.6,73.6,73.6,,,,7.0,7.0,400.0,400.0,,0.0,0.0,0.0,,6.0,6.0,6.0,,,,6.0,6.0,6.0,,,,,,6.0,283.15895294560005,283.15895294560005,283.15895294560005,20.0,0.0
5129.0,DCNN,710.0,2012-03-26,219.36722846265704,219.36722846265704,219.36722846265704,7.0,7.0,7.0,3.5,3.5,3.5,5.5,5.5,5.5,78.1,78.1,78.1,,,,10.0,10.0,400.0,400.0,,0.0,0.0,0.0,,6.0,6.0,6.0,,,,6.0,6.0,6.0,,,,,,6.0,219.36722846265704,219.36722846265704,219.36722846265704,20.0,0.0
5129.0,DCNN,710.0,2012-03-27,524.5660134549809,524.5660134549809,524.5660134549809,9.0,9.0,9.0,0.3,0.3,0.3,5.5,5.5,5.5,54.3,54.3,54.3,,,,7.0,7.0,1000.0,1000.0,,0.0,0.0,0.0,,6.0,6.0,6.0,,,,6.0,6.0,6.0,,,,,,6.0,524.5660134549809,524.5660134549809,524.5660134549809,50.0,0.0
5129.0,DCNN,710.0,2012-03-28,563.950424545209,563.950424545209,563.950424545209,8.8,8.8,8.8,-1.0,-1.0,-1.0,5.0,5.0,5.0,50.2,50.2,50.2,,,,5.0,5.0,1000.0,1000.0,,0.0,0.0,0.0,,6.0,6.0,6.0,,,,6.0,6.0,6.0,,,,,,6.0,563.950424545209,563.950424545209,563.950424545209,70.0,0.0
5129.0,DCNN,710.0,2012-03-29,547.1442006054427,547.1442006054427,547.1442006054427,10.5,10.5,10.5,2.3,2.3,2.3,7.0,7.0,7.0,56.9,56.9,56.9,,,,6.0,6.0,400.0,400.0,,0.0,0.0,0.0,,6.0,6.0,6.0,,,,6.0,6.0,6.0,,,,,,6.0,547.1442006054427,547.1442006054427,547.1442006054427,360.0,0.0
5129.0,DCNN,710.0,2012-03-30,245.63922730714648,245.63922730714648,245.63922730714648,9.0,9.0,9.0,5.5,5.5,5.5,7.4,7.4,7.4,78.6,78.6,78.6,,,,8.0,8.0,200.0,200.0,,0.0,0.0,0.0,,6.0,6.0,6.0,,,,6.0,6.0,6.0,,,,,,6.0,245.63922730714648,245.63922730714648,245.63922730714648,50.0,0.0
5129.0,DCNN,710.0,2012-03-31,181.42294561500375,181.42294561500375,181.42294561500375,8.1,8.1,8.1,5.4,5.4,5.4,6.9,6.9,6.9,83.2,83.2,83.2,,,,6.0,6.0,1000.0,1000.0,,0.0,0.0,0.0,,6.0,6.0,6.0,,,,6.0,6.0,6.0,,,,,,6.0,181.42294561500375,181.42294561500375,181.42294561500375,50.0,0.0
5129.0,DCNN,710.0,2012-04-01,161.8108207846705,161.8108207846705,161.8108207846705,4.0,4.0,4.0,0.9,0.9,0.9,2.8,2.8,2.8,80.1,80.1,80.1,,,,9.0,9.0,1000.0,1000.0,,0.0,0.0,0.0,,6.0,6.0,6.0,,,,6.0,6.0,6.0,,,,,,6.0,161.8108207846705,161.8108207846705,161.8108207846705,50.0,0.0
5129.0,DCNN,710.0,2012-04-02,214.85223570658138,214.85223570658138,214.85223570658138,6.5,6.5,6.5,2.9,2.9,2.9,5.0,5.0,5.0,77.8,77.8,77.8,,,,0.0,0.0,400.0,400.0,,0.0,0.0,0.0,,6.0,6.0,6.0,,,,6.0,6.0,6.0,,,,,,6.0,214.85223570658138,214.85223570658138,214.85223570658138,0.0,0.0
5129.0,DCNN,710.0,2012-04-03,321.39711984112614,321.39711984112614,321.39711984112614,9.0,9.0,9.0,4.2,4.2,4.2,6.9,6.9,6.9,72.0,72.0,72.0,,,,7.0,7.0,400.0,400.0,,0.0,0.0,0.0,,6.0,6.0,6.0,,,,6.0,6.0,6.0,,,,,,6.0,321.39711984112614,321.39711984112614,321.39711984112614,290.0,0.0
5129.0,DCNN,710.0,2012-04-04,72.58521476573692,72.58521476573692,72.58521476573692,6.5,6.5,6.5,5.4,5.4,5.4,6.0,6.0,6.0,92.5,92.5,92.5,,,,6.0,6.0,1000.0,1000.0,,0.0,0.0,0.0,,6.0,6.0,6.0,,,,6.0,6.0,6.0,,,,,,6.0,72.58521476573692,72.58521476573692,72.58521476573692,140.0,1.0
5129.0,DCNN,710.0,2012-04-05,171.09442285672694,171.09442285672694,171.09442285672694,6.0,6.0,6.0,3.1,3.1,3.1,4.8,4.8,4.8,81.7,81.7,81.7,,,,12.0,12.0,400.0,400.0,,0.0,0.0,0.0,,6.0,6.0,6.0,,,,6.0,6.0,6.0,,,,,,6.0,171.09442285672694,171.09442285672694,171.09442285672694,70.0,0.0
5129.0,DCNN,710.0,2012-04-06,263.7417146352849,263.7417146352849,263.7417146352849,3.5,3.5,3.5,-2.2,-2.2,-2.2,1.5,1.5,1.5,66.4,66.4,66.4,,,,6.0,6.0,1000.0,1000.0,,0.0,0.0,0.0,,6.0,6.0,6.0,,,,6.0,6.0,6.0,,,,,,6.0,263.7417146352849,263.7417146352849,263.7417146352849,320.0,0.0
5129.0,DCNN,710.0,2012-04-07,166.30436681375355,166.30436681375355,166.30436681375355,8.1,8.1,8.1,5.7,5.7,5.7,7.0,7.0,7.0,84.6,84.6,84.6,,,,10.0,10.0,1000.0,1000.0,,0.0,0.0,0.0,,6.0,6.0,6.0,,,,6.0,6.0,6.0,,,,,,6.0,166.30436681375355,166.30436681375355,166.30436681375355,20.0,0.0
5129.0,DCNN,710.0,2012-04-08,76.56569194445817,76.56569194445817,76.56569194445817,8.5,8.5,8.5,7.4,7.4,7.4,8.0,8.0,8.0,93.1,93.1,93.1,,,,6.0,6.0,200.0,200.0,,0.0,0.0,0.0,,6.0,6.0,6.0,,,,6.0,6.0,6.0,,,,,,6.0,76.56569194445817,76.56569194445817,76.56569194445817,270.0,1.0
5129.0,DCNN,710.0,2012-04-09,76.56569194445817,76.56569194445817,76.56569194445817,8.5,8.5,8.5,7.4,7.4,7.4,8.0,8.0,8.0,93.1,93.1,93.1,,,,15.0,15.0,400.0,400.0,,0.0,0.0,0.0,,6.0,6.0,6.0,,,,6.0,6.0,6.0,,,,,,6.0,76.56569194445817,76.56569194445817,76.56569194445817,230.0,1.0
5129.0,DCNN,710.0,2012-04-10,370.0372680539091,370.0372680539091,370.0372680539091,8.0,8.0,8.0,1.9,1.9,1.9,5.5,5.5,5.5,65.5,65.5,65.5,,,,10.0,10.0,2000.0,2000.0,,0.0,0.0,0.0,,6.0,6.0,6.0,,,,6.0,6.0,6.0,,,,,,6.0,370.0372680539091,370.0372680539091,370.0372680539091,250.0,1.0
5129.0,DCNN,710.0,2012-04-11,212.23187971845368,212.23187971845368,212.23187971845368,6.0,6.0,6.0,2.3,2.3,2.3,4.5,4.5,4.5,77.3,77.3,77.3,,,,4.0,4.0,1000.0,1000.0,,0.0,0.0,0.0,,6.0,6.0,6.0,,,,6.0,6.0,6.0,,,,,,6.0,212.23187971845368,212.23187971845368,212.23187971845368,230.0,0.0
5129.0,DCNN,710.0,2012-04-12,221.83042185828626,221.83042185828626,221.83042185828626,7.5,7.5,7.5,4.0,4.0,4.0,6.0,6.0,6.0,78.6,78.6,78.6,,,,4.0,4.0,1000.0,1000.0,,0.0,0.0,0.0,,6.0,6.0,6.0,,,,6.0,6.0,6.0,,,,,,6.0,221.83042185828626,221.83042185828626,221.83042185828626,230.0,0.0
5129.0,DCNN,710.0,2012-04-13,84.8884667738285,84.8884667738285,84.8884667738285,5.5,5.5,5.5,4.1,4.1,4.1,4.9,4.9,4.9,90.6,90.6,90.6,,,,2.0,2.0,400.0,400.0,,0.0,0.0,0.0,,6.0,6.0,6.0,,,,6.0,6.0,6.0,,,,,,6.0,84.8884667738285,84.8884667738285,84.8884667738285,360.0,1.0
5129.0,DCNN,710.0,2012-04-14,367.7650881464006,367.7650881464006,367.7650881464006,6.5,6.5,6.5,-0.3,-0.3,-0.3,3.9,3.9,3.9,62.0,62.0,62.0,,,,7.0,7.0,1000.0,1000.0,,0.0,0.0,0.0,,6.0,6.0,6.0,,,,6.0,6.0,6.0,,,,,,6.0,367.7650881464006,367.7650881464006,367.7650881464006,70.0,0.0
5129.0,DCNN,710.0,2012-04-15,344.97227986811123,344.97227986811123,344.97227986811123,5.5,5.5,5.5,-1.2,-1.2,-1.2,3.0,3.0,3.0,61.8,61.8,61.8,,,,12.0,12.0,2000.0,2000.0,,0.0,0.0,0.0,,6.0,6.0,6.0,,,,6.0,6.0,6.0,,,,,,6.0,344.97227986811123,344.97227986811123,344.97227986811123,20.0,0.0
5129.0,DCNN,710.0,2012-04-16,196.42299736068728,196.42299736068728,196.42299736068728,5.6,5.6,5.6,2.1,2.1,2.1,4.2,4.2,4.2,78.4,78.4,78.4,,,,2.0,2.0,2000.0,2000.0,,0.0,0.0,0.0,,6.0,6.0,6.0,,,,6.0,6.0,6.0,,,,,,6.0,196.42299736068728,196.42299736068728,196.42299736068728,360.0,0.0
5129.0,DCNN,710.0,2012-04-17,101.76440806668825,101.76440806668825,101.76440806668825,6.8,6.8,6.8,5.2,5.2,5.2,6.1,6.1,6.1,89.7,89.7,89.7,,,,18.0,18.0,400.0,400.0,,0.0,0.0,0.0,,6.0,6.0,6.0,,,,6.0,6.0,6.0,,,,,,6.0,101.76440806668825,101.76440806668825,101.76440806668825,199.99999999999997,2.0
5129.0,DCNN,710.0,2012-04-18,88.14756212198085,88.14756212198085,88.14756212198085,7.0,7.0,7.0,5.7,5.7,5.7,6.4,6.4,6.4,91.2,91.2,91.2,,,,14.0,14.0,400.0,400.0,,0.0,0.0,0.0,,6.0,6.0,6.0,,,,6.0,6.0,6.0,,,,,,6.0,88.14756212198085,88.14756212198085,88.14756212198085,180.0,2.0
5129.0,DCNN,710.0,2012-04-19,117.38872597219542,117.38872597219542,117.38872597219542,6.9,6.9,6.9,5.1,5.1,5.1,6.1,6.1,6.1,88.2,88.2,88.2,,,,4.0,4.0,1000.0,1000.0,,0.0,0.0,0.0,,6.0,6.0,6.0,,,,6.0,6.0,6.0,,,,,,6.0,117.38872597219542,117.38872597219542,117.38872597219542,320.0,1.0
5129.0,DCNN,710.0,2012-04-20,227.47778041469428,227.47778041469428,227.47778041469428,8.5,8.5,8.5,5.2,5.2,5.2,7.0,7.0,7.0,79.5,79.5,79.5,,,,10.0,10.0,1000.0,1000.0,,0.0,0.0,0.0,,6.0,6.0,6.0,,,,6.0,6.0,6.0,,,,,,6.0,227.47778041469428,227.47778041469428,227.47778041469428,250.0,0.0
5129.0,DCNN,710.0,2012-04-21,230.33708152327193,230.33708152327193,230.33708152327193,6.5,6.5,6.5,2.6,2.6,2.6,4.9,4.9,4.9,76.2,76.2,76.2,,,,7.0,7.0,4000.0,4000.0,,0.0,0.0,0.0,,6.0,6.0,6.0,,,,6.0,6.0,6.0,,,,,,6.0,230.33708152327193,230.33708152327193,230.33708152327193,230.0,1.0
5129.0,DCNN,710.0,2012-04-22,287.39875671905287,287.39875671905287,287.39875671905287,8.5,8.5,8.5,4.2,4.2,4.2,6.6,6.6,6.6,74.1,74.1,74.1,,,,12.0,12.0,2000.0,2000.0,,0.0,0.0,0.0,,6.0,6.0,6.0,,,,6.0,6.0,6.0,,,,,,6.0,287.39875671905287,287.39875671905287,287.39875671905287,270.0,0.0
5129.0,DCNN,710.0,2012-04-23,221.83042185828626,221.83042185828626,221.83042185828626,7.5,7.5,7.5,4.0,4.0,4.0,6.0,6.0,6.0,78.6,78.6,78.6,,,,10.0,10.0,1000.0,1000.0,,0.0,0.0,0.0,,6.0,6.0,6.0,,,,6.0,6.0,6.0,,,,,,6.0,221.83042185828626,221.83042185828626,221.83042185828626,180.0,1.0
5129.0,DCNN,710.0,2012-04-24,,,,7.0,7.0,7.0,,,,,,,,,,,,,,,,,,0.0,0.0,0.0,,6.0,,,,,,6.0,,,,,,,,6.0,,,,360.0,2.0
5129.0,DCNN,710.0,2012-04-25,71.9905495080218,71.9905495080218,71.9905495080218,6.0,6.0,6.0,4.8,4.8,4.8,5.5,5.5,5.5,92.3,92.3,92.3,,,,15.0,15.0,400.0,400.0,,0.0,0.0,0.0,,6.0,6.0,6.0,,,,6.0,6.0,6.0,,,,,,6.0,71.9905495080218,71.9905495080218,71.9905495080218,140.0,2.0
5129.0,DCNN,710.0,2012-04-26,157.89735709687068,157.89735709687068,157.89735709687068,9.5,9.5,9.5,7.4,7.4,7.4,8.5,8.5,8.5,86.7,86.7,86.7,,,,12.0,12.0,1000.0,1000.0,,0.0,0.0,0.0,,6.0,6.0,6.0,,,,6.0,6.0,6.0,,,,,,6.0,157.89735709687068,157.89735709687068,157.89735709687068,199.99999999999997,1.0
5129.0,DCNN,710.0,2012-04-27,242.46993576714505,242.46993576714505,242.46993576714505,10.5,10.5,10.5,7.4,7.4,7.4,9.0,9.0,9.0,80.9,80.9,80.9,,,,14.0,14.0,1000.0,1000.0,,0.0,0.0,0.0,,6.0,6.0,6.0,,,,6.0,6.0,6.0,,,,,,6.0,242.46993576714505,242.46993576714505,242.46993576714505,230.0,1.0
5129.0,DCNN,710.0,2012-04-28,61.13659211325461,61.13659211325461,61.13659211325461,8.0,8.0,8.0,7.1,7.1,7.1,7.6,7.6,7.6,94.3,94.3,94.3,,,,7.0,7.0,400.0,400.0,,0.0,0.0,0.0,,6.0,6.0,6.0,,,,6.0,6.0,6.0,,,,,,6.0,61.13659211325461,61.13659211325461,61.13659211325461,50.0,2.0
5129.0,DCNN,710.0,2012-04-29,58.63018096988211,58.63018096988211,58.63018096988211,6.4,6.4,6.4,5.5,5.5,5.5,6.0,6.0,6.0,93.9,93.9,93.9,,,,16.0,16.0,1000.0,1000.0,,0.0,0.0,0.0,,6.0,6.0,6.0,,,,6.0,6.0,6.0,,,,,,6.0,58.63018096988211,58.63018096988211,58.63018096988211,70.0,2.0
5129.0,DCNN,710.0,2012-04-30,599.5439189460525,599.5439189460525,599.5439189460525,12.6,12.6,12.6,4.8,4.8,4.8,9.0,9.0,9.0,58.9,58.9,58.9,,,,16.0,16.0,2000.0,2000.0,,0.0,0.0,0.0,,6.0,6.0,6.0,,,,6.0,6.0,6.0,,,,,,6.0,599.5439189460525,599.5439189460525,599.5439189460525,140.0,0.0
5129.0,DCNN,710.0,2012-05-01,82.68520988269485,82.68520988269485,82.68520988269485,11.0,11.0,11.0,10.0,10.0,10.0,10.5,10.5,10.5,93.7,93.7,93.7,,,,6.0,6.0,200.0,200.0,,0.0,0.0,0.0,,6.0,6.0,6.0,,,,6.0,6.0,6.0,,,,,,6.0,82.68520988269485,82.68520988269485,82.68520988269485,90.0,2.0
5129.0,DCNN,710.0,2012-05-02,141.50811927900315,141.50811927900315,141.50811927900315,9.4,9.4,9.4,7.5,7.5,7.5,8.5,8.5,8.5,88.0,88.0,88.0,,,,8.0,8.0,400.0,400.0,,0.0,0.0,0.0,,6.0,6.0,6.0,,,,6.0,6.0,6.0,,,,,,6.0,141.50811927900315,141.50811927900315,141.50811927900315,360.0,0.0
5129.0,DCNN,710.0,2012-05-03,136.3569779912512,136.3569779912512,136.3569779912512,7.9,7.9,7.9,5.9,5.9,5.9,7.0,7.0,7.0,87.2,87.2,87.2,,,,12.0,12.0,400.0,400.0,,0.0,0.0,0.0,,6.0,6.0,6.0,,,,6.0,6.0,6.0,,,,,,6.0,136.3569779912512,136.3569779912512,136.3569779912512,360.0,1.0
5129.0,DCNN,710.0,2012-05-04,118.197867390838,118.197867390838,118.197867390838,7.0,7.0,7.0,5.2,5.2,5.2,6.2,6.2,6.2,88.2,88.2,88.2,,,,6.0,6.0,1000.0,1000.0,,0.0,0.0,0.0,,6.0,6.0,6.0,,,,6.0,6.0,6.0,,,,,,6.0,118.197867390838,118.197867390838,118.197867390838,50.0,1.0
5129.0,DCNN,710.0,2012-05-05,278.1451890036079,278.1451890036079,278.1451890036079,5.5,5.5,5.5,0.3,0.3,0.3,3.5,3.5,3.5,69.2,69.2,69.2,,,,10.0,10.0,1000.0,1000.0,,0.0,0.0,0.0,,6.0,6.0,6.0,,,,6.0,6.0,6.0,,,,,,6.0,278.1451890036079,278.1451890036079,278.1451890036079,50.0,0.0
5129.0,DCNN,710.0,2012-05-06,241.0072390067924,241.0072390067924,241.0072390067924,6.1,6.1,6.1,1.9,1.9,1.9,4.4,4.4,4.4,74.4,74.4,74.4,,,,10.0,10.0,1000.0,1000.0,,0.0,0.0,0.0,,6.0,6.0,6.0,,,,6.0,6.0,6.0,,,,,,6.0,241.0072390067924,241.0072390067924,241.0072390067924,50.0,0.0
5129.0,DCNN,710.0,2012-05-07,,,,10.0,10.0,10.0,,,,,,,,,,,,,,,,,,0.0,0.0,0.0,,6.0,,,,,,6.0,,,,,,,,6.0,,,,140.0,0.0
5129.0,DCNN,710.0,2012-05-08,,,,11.0,11.0,11.0,,,,,,,,,,,,,,,,,,0.0,0.0,0.0,,6.0,,,,,,6.0,,,,,,,,6.0,,,,180.0,1.0
5129.0,DCNN,710.0,2012-05-09,48.88776986248777,48.88776986248777,48.88776986248777,10.7,10.7,10.7,10.1,10.1,10.1,10.4,10.4,10.4,96.2,96.2,96.2,,,,,,,,,0.0,0.0,0.0,,6.0,6.0,6.0,,,,6.0,,,,,,,,6.0,48.88776986248777,48.88776986248777,48.88776986248777,90.0,1.0
5129.0,DCNN,710.0,2012-05-10,170.34505473090277,170.34505473090277,170.34505473090277,15.3,15.3,15.3,13.7,13.7,13.7,14.4,14.4,14.4,90.2,90.2,90.2,,,,,,,,,0.0,0.0,0.0,,6.0,6.0,6.0,,,,6.0,,,,,,,,6.0,170.34505473090277,170.34505473090277,170.34505473090277,199.99999999999997,1.0
5129.0,DCNN,710.0,2012-05-11,533.3053971688289,533.3053971688289,533.3053971688289,12.5,12.5,12.5,5.7,5.7,5.7,9.3,9.3,9.3,63.2,63.2,63.2,,,,,,,,,0.0,0.0,0.0,,6.0,6.0,6.0,,,,6.0,,,,,,,,6.0,533.3053971688289,533.3053971688289,533.3053971688289,230.0,1.0
5129.0,DCNN,710.0,2012-05-12,473.69207129061203,473.69207129061203,473.69207129061203,9.5,9.5,9.5,2.2,2.2,2.2,6.4,6.4,6.4,60.1,60.1,60.1,,,,12.0,12.0,2000.0,2000.0,,0.0,0.0,0.0,,6.0,6.0,6.0,,,,6.0,6.0,6.0,,,,,,6.0,473.69207129061203,473.69207129061203,473.69207129061203,20.0,0.0
5129.0,DCNN,710.0,2012-05-13,721.7013255165131,721.7013255165131,721.7013255165131,12.5,12.5,12.5,2.4,2.4,2.4,8.1,8.1,8.1,50.2,50.2,50.2,,,,6.0,6.0,2000.0,2000.0,,0.0,0.0,0.0,,6.0,6.0,6.0,,,,6.0,6.0,6.0,,,,,,6.0,721.7013255165131,721.7013255165131,721.7013255165131,180.0,0.0
5129.0,DCNN,710.0,2012-05-14,149.26906891398698,149.26906891398698,149.26906891398698,7.5,7.5,7.5,5.3,5.3,5.3,6.5,6.5,6.5,85.6,85.6,85.6,,,,12.0,12.0,400.0,400.0,,0.0,0.0,0.0,,6.0,6.0,6.0,,,,6.0,6.0,6.0,,,,,,6.0,149.26906891398698,149.26906891398698,149.26906891398698,199.99999999999997,1.0
5129.0,DCNN,710.0,2012-05-15,142.11121461323773,142.11121461323773,142.11121461323773,6.0,6.0,6.0,3.6,3.6,3.6,5.0,5.0,5.0,84.8,84.8,84.8,,,,10.0,10.0,2000.0,2000.0,,0.0,0.0,0.0,,6.0,6.0,6.0,,,,6.0,6.0,6.0,,,,,,6.0,142.11121461323773,142.11121461323773,142.11121461323773,320.0,2.0
5129.0,DCNN,710.0,2012-05-16,453.3995083473029,453.3995083473029,453.3995083473029,9.0,9.0,9.0,1.8,1.8,1.8,6.0,6.0,6.0,60.5,60.5,60.5,,,,8.0,8.0,2000.0,2000.0,,0.0,0.0,0.0,,6.0,6.0,6.0,,,,6.0,6.0,6.0,,,,,,6.0,453.3995083473029,453.3995083473029,453.3995083473029,320.0,0.0
5129.0,DCNN,710.0,2012-05-17,390.4185228987065,390.4185228987065,390.4185228987065,10.0,10.0,10.0,4.4,4.4,4.4,7.5,7.5,7.5,68.2,68.2,68.2,,,,8.0,8.0,2000.0,2000.0,,0.0,0.0,0.0,,6.0,6.0,6.0,,,,6.0,6.0,6.0,,,,,,6.0,390.4185228987065,390.4185228987065,390.4185228987065,160.0,0.0
5129.0,DCNN,710.0,2012-05-18,474.4379424860832,474.4379424860832,474.4379424860832,12.8,12.8,12.8,7.0,7.0,7.0,10.0,10.0,10.0,67.9,67.9,67.9,,,,12.0,12.0,400.0,400.0,,0.0,0.0,0.0,,6.0,6.0,6.0,,,,6.0,6.0,6.0,,,,,,6.0,474.4379424860832,474.4379424860832,474.4379424860832,90.0,0.0
5129.0,DCNN,710.0,2012-05-19,220.20430960044197,220.20430960044197,220.20430960044197,12.1,12.1,12.1,9.6,9.6,9.6,10.8,10.8,10.8,84.4,84.4,84.4,,,,8.0,8.0,200.0,200.0,,0.0,0.0,0.0,,6.0,6.0,6.0,,,,6.0,6.0,6.0,,,,,,6.0,220.20430960044197,220.20430960044197,220.20430960044197,250.0,1.0
5129.0,DCNN,710.0,2012-05-20,215.79520903618462,215.79520903618462,215.79520903618462,9.0,9.0,9.0,6.0,6.0,6.0,7.6,7.6,7.6,81.2,81.2,81.2,,,,7.0,7.0,1000.0,1000.0,,0.0,0.0,0.0,,6.0,6.0,6.0,,,,6.0,6.0,6.0,,,,,,6.0,215.79520903618462,215.79520903618462,215.79520903618462,70.0,0.0
5129.0,DCNN,710.0,2012-05-21,207.48657349019317,207.48657349019317,207.48657349019317,10.0,10.0,10.0,7.3,7.3,7.3,8.7,8.7,8.7,83.1,83.1,83.1,,,,10.0,10.0,400.0,400.0,,0.0,0.0,0.0,,6.0,6.0,6.0,,,,6.0,6.0,6.0,,,,,,6.0,207.48657349019317,207.48657349019317,207.48657349019317,360.0,0.0
5129.0,DCNN,710.0,2012-05-22,204.60859775281762,204.60859775281762,204.60859775281762,12.2,12.2,12.2,9.9,9.9,9.9,11.0,11.0,11.0,85.6,85.6,85.6,,,,6.0,6.0,200.0,200.0,,0.0,0.0,0.0,,6.0,6.0,6.0,,,,6.0,6.0,6.0,,,,,,6.0,204.60859775281762,204.60859775281762,204.60859775281762,360.0,0.0
5129.0,DCNN,710.0,2012-05-23,406.08496618375364,406.08496618375364,406.08496618375364,16.6,16.6,16.6,12.9,12.9,12.9,14.5,14.5,14.5,78.5,78.5,78.5,,,,10.0,10.0,400.0,400.0,,0.0,0.0,0.0,,6.0,6.0,6.0,,,,6.0,6.0,6.0,,,,,,6.0,406.08496618375364,406.08496618375364,406.08496618375364,360.0,0.0
5129.0,DCNN,710.0,2012-05-24,330.3157182303066,330.3157182303066,330.3157182303066,16.5,16.5,16.5,13.5,13.5,13.5,14.8,14.8,14.8,82.4,82.4,82.4,,,,7.0,7.0,200.0,200.0,,0.0,0.0,0.0,,6.0,6.0,6.0,,,,6.0,6.0,6.0,,,,,,6.0,330.3157182303066,330.3157182303066,330.3157182303066,50.0,0.0
5129.0,DCNN,710.0,2012-05-25,824.9709378210731,824.9709378210731,824.9709378210731,19.5,19.5,19.5,12.4,12.4,12.4,15.5,15.5,15.5,63.6,63.6,63.6,,,,10.0,10.0,1000.0,1000.0,,0.0,0.0,0.0,,6.0,6.0,6.0,,,,6.0,6.0,6.0,,,,,,6.0,824.9709378210731,824.9709378210731,824.9709378210731,90.0,0.0
5129.0,DCNN,710.0,2012-05-26,810.6686183719866,810.6686183719866,810.6686183719866,19.0,19.0,19.0,11.8,11.8,11.8,15.0,15.0,15.0,63.1,63.1,63.1,,,,12.0,12.0,1000.0,1000.0,,0.0,0.0,0.0,,6.0,6.0,6.0,,,,6.0,6.0,6.0,,,,,,6.0,810.6686183719866,810.6686183719866,810.6686183719866,70.0,0.0
5129.0,DCNN,710.0,2012-05-27,693.3569235987824,693.3569235987824,693.3569235987824,18.0,18.0,18.0,11.7,11.7,11.7,14.5,14.5,14.5,66.4,66.4,66.4,,,,5.0,5.0,1000.0,1000.0,,0.0,0.0,0.0,,6.0,6.0,6.0,,,,6.0,6.0,6.0,,,,,,6.0,693.3569235987824,693.3569235987824,693.3569235987824,90.0,0.0
5129.0,DCNN,710.0,2012-05-28,824.9709378210731,824.9709378210731,824.9709378210731,19.5,19.5,19.5,12.4,12.4,12.4,15.5,15.5,15.5,63.6,63.6,63.6,,,,2.0,2.0,400.0,400.0,,0.0,0.0,0.0,,6.0,6.0,6.0,,,,6.0,6.0,6.0,,,,,,6.0,824.9709378210731,824.9709378210731,824.9709378210731,110.0,0.0
5129.0,DCNN,710.0,2012-05-29,426.08178599695594,426.08178599695594,426.08178599695594,15.5,15.5,15.5,11.2,11.2,11.2,13.2,13.2,13.2,75.8,75.8,75.8,,,,10.0,10.0,400.0,400.0,,0.0,0.0,0.0,,6.0,6.0,6.0,,,,6.0,6.0,6.0,,,,,,6.0,426.08178599695594,426.08178599695594,426.08178599695594,20.0,0.0
5129.0,DCNN,710.0,2012-05-30,264.10028057662566,264.10028057662566,264.10028057662566,15.5,15.5,15.5,13.0,13.0,13.0,14.1,14.1,14.1,85.0,85.0,85.0,,,,6.0,6.0,400.0,400.0,,0.0,0.0,0.0,,6.0,6.0,6.0,,,,6.0,6.0,6.0,,,,,,6.0,264.10028057662566,264.10028057662566,264.10028057662566,230.0,0.0
5129.0,DCNN,710.0,2012-05-31,444.35016782063815,444.35016782063815,444.35016782063815,15.4,15.4,15.4,10.9,10.9,10.9,13.0,13.0,13.0,74.6,74.6,74.6,,,,12.0,12.0,1000.0,1000.0,,0.0,0.0,0.0,,6.0,6.0,6.0,,,,6.0,6.0,6.0,,,,,,6.0,444.35016782063815,444.35016782063815,444.35016782063815,270.0,0.0
5129.0,DCNN,710.0,2012-06-01,391.34123985553066,391.34123985553066,391.34123985553066,17.0,17.0,17.0,13.5,13.5,13.5,15.0,15.0,15.0,79.8,79.8,79.8,,,,6.0,6.0,1000.0,1000.0,,0.0,0.0,0.0,,6.0,6.0,6.0,,,,6.0,6.0,6.0,,,,,,6.0,391.34123985553066,391.34123985553066,391.34123985553066,320.0,0.0
5129.0,DCNN,710.0,2012-06-02,85.53986988837333,85.53986988837333,85.53986988837333,12.0,12.0,12.0,11.1,11.1,11.1,11.5,11.5,11.5,93.9,93.9,93.9,,,,8.0,8.0,200.0,200.0,,0.0,0.0,0.0,,6.0,6.0,6.0,,,,6.0,6.0,6.0,,,,,,6.0,85.53986988837333,85.53986988837333,85.53986988837333,110.0,1.0
5129.0,DCNN,710.0,2012-06-03,82.68520988269485,82.68520988269485,82.68520988269485,11.0,11.0,11.0,10.0,10.0,10.0,10.5,10.5,10.5,93.7,93.7,93.7,,,,10.0,10.0,200.0,200.0,,0.0,0.0,0.0,,6.0,6.0,6.0,,,,6.0,6.0,6.0,,,,,,6.0,82.68520988269485,82.68520988269485,82.68520988269485,90.0,2.0
5129.0,DCNN,710.0,2012-06-04,233.48839681035514,233.48839681035514,233.48839681035514,9.4,9.4,9.4,6.2,6.2,6.2,7.9,7.9,7.9,80.2,80.2,80.2,,,,12.0,12.0,4000.0,4000.0,,0.0,0.0,0.0,,6.0,6.0,6.0,,,,6.0,6.0,6.0,,,,,,6.0,233.48839681035514,233.48839681035514,233.48839681035514,50.0,1.0
5129.0,DCNN,710.0,2012-06-05,421.71703960904665,421.71703960904665,421.71703960904665,12.5,12.5,12.5,7.4,7.4,7.4,10.0,10.0,10.0,70.9,70.9,70.9,,,,10.0,10.0,2000.0,2000.0,,0.0,0.0,0.0,,6.0,6.0,6.0,,,,6.0,6.0,6.0,,,,,,6.0,421.71703960904665,421.71703960904665,421.71703960904665,180.0,0.0
5129.0,DCNN,710.0,2012-06-06,268.51249484089385,268.51249484089385,268.51249484089385,14.0,14.0,14.0,11.2,11.2,11.2,12.5,12.5,12.5,83.2,83.2,83.2,,,,10.0,10.0,1000.0,1000.0,,0.0,0.0,0.0,,6.0,6.0,6.0,,,,6.0,6.0,6.0,,,,,,6.0,268.51249484089385,268.51249484089385,268.51249484089385,230.0,1.0
5129.0,DCNN,710.0,2012-06-07,259.1910878894371,259.1910878894371,259.1910878894371,14.9,14.9,14.9,12.4,12.4,12.4,13.5,13.5,13.5,84.7,84.7,84.7,,,,14.0,14.0,1000.0,1000.0,,0.0,0.0,0.0,,6.0,6.0,6.0,,,,6.0,6.0,6.0,,,,,,6.0,259.1910878894371,259.1910878894371,259.1910878894371,180.0,1.0
5129.0,DCNN,710.0,2012-06-08,155.48862096708473,155.48862096708473,155.48862096708473,12.4,12.4,12.4,10.7,10.7,10.7,11.5,11.5,11.5,89.2,89.2,89.2,,,,18.0,18.0,400.0,400.0,,0.0,0.0,0.0,,6.0,6.0,6.0,,,,6.0,6.0,6.0,,,,,,6.0,155.48862096708473,155.48862096708473,155.48862096708473,230.0,2.0
5129.0,DCNN,710.0,2012-06-09,478.18189560549723,478.18189560549723,478.18189560549723,12.0,12.0,12.0,5.8,5.8,5.8,9.1,9.1,9.1,65.9,65.9,65.9,,,,10.0,10.0,2000.0,2000.0,,0.0,0.0,0.0,,6.0,6.0,6.0,,,,6.0,6.0,6.0,,,,,,6.0,478.18189560549723,478.18189560549723,478.18189560549723,270.0,0.0
5129.0,DCNN,710.0,2012-06-10,534.8885722383332,534.8885722383332,534.8885722383332,14.5,14.5,14.5,8.6,8.6,8.6,11.5,11.5,11.5,67.6,67.6,67.6,,,,5.0,5.0,1000.0,1000.0,,0.0,0.0,0.0,,6.0,6.0,6.0,,,,6.0,6.0,6.0,,,,,,6.0,534.8885722383332,534.8885722383332,534.8885722383332,90.0,0.0
5129.0,DCNN,710.0,2012-06-11,32.811591223291664,32.811591223291664,32.811591223291664,11.0,11.0,11.0,10.6,10.6,10.6,10.8,10.8,10.8,97.5,97.5,97.5,,,,10.0,10.0,400.0,400.0,,0.0,0.0,0.0,,6.0,6.0,6.0,,,,6.0,6.0,6.0,,,,,,6.0,32.811591223291664,32.811591223291664,32.811591223291664,20.0,2.0
5129.0,DCNN,710.0,2012-06-12,159.60505653091778,159.60505653091778,159.60505653091778,10.0,10.0,10.0,7.9,7.9,7.9,9.0,9.0,9.0,87.0,87.0,87.0,,,,12.0,12.0,1000.0,1000.0,,0.0,0.0,0.0,,6.0,6.0,6.0,,,,6.0,6.0,6.0,,,,,,6.0,159.60505653091778,159.60505653091778,159.60505653091778,20.0,1.0
5129.0,DCNN,710.0,2012-06-13,658.4949278240971,658.4949278240971,658.4949278240971,14.0,14.0,14.0,6.1,6.1,6.1,10.2,10.2,10.2,58.8,58.8,58.8,,,,4.0,4.0,2000.0,2000.0,,0.0,0.0,0.0,,6.0,6.0,6.0,,,,6.0,6.0,6.0,,,,,,6.0,658.4949278240971,658.4949278240971,658.4949278240971,160.0,0.0
5129.0,DCNN,710.0,2012-06-14,654.9686958300315,654.9686958300315,654.9686958300315,15.5,15.5,15.5,8.5,8.5,8.5,11.9,11.9,11.9,62.8,62.8,62.8,,,,10.0,10.0,1000.0,1000.0,,0.0,0.0,0.0,,6.0,6.0,6.0,,,,6.0,6.0,6.0,,,,,,6.0,654.9686958300315,654.9686958300315,654.9686958300315,110.0,0.0
5129.0,DCNN,710.0,2012-06-15,463.0558252776836,463.0558252776836,463.0558252776836,15.5,15.5,15.5,10.8,10.8,10.8,13.0,13.0,13.0,73.7,73.7,73.7,,,,12.0,12.0,1000.0,1000.0,,0.0,0.0,0.0,,6.0,6.0,6.0,,,,6.0,6.0,6.0,,,,,,6.0,463.0558252776836,463.0558252776836,463.0558252776836,199.99999999999997,1.0
5129.0,DCNN,710.0,2012-06-16,,,,15.0,15.0,15.0,,,,,,,,,,,,,,,,,,0.0,0.0,0.0,,6.0,,,,,,6.0,,,,,,,,6.0,,,,199.99999999999997,0.0
5129.0,DCNN,710.0,2012-06-17,,,,17.0,17.0,17.0,,,,,,,,,,,,,,,,,,0.0,0.0,0.0,,6.0,,,,,,6.0,,,,,,,,6.0,,,,230.0,0.0
5129.0,DCNN,710.0,2012-06-18,,,,14.0,14.0,14.0,,,,,,,,,,,,,,,,,,0.0,0.0,0.0,,6.0,,,,,,6.0,,,,,,,,6.0,,,,270.0,1.0
5129.0,DCNN,710.0,2012-06-19,,,,15.0,15.0,15.0,,,,,,,,,,,,,,,,,,0.0,0.0,0.0,,6.0,,,,,,6.0,,,,,,,,6.0,,,,140.0,0.0
5129.0,DCNN,710.0,2012-06-20,,,,19.0,19.0,19.0,,,,,,,,,,,,,,,,,,0.0,0.0,0.0,,6.0,,,,,,6.0,,,,,,,,6.0,,,,140.0,0.0
5129.0,DCNN,710.0,2012-06-21,,,,16.0,16.0,16.0,,,,,,,,,,,,,,,,,,0.0,0.0,0.0,,6.0,,,,,,6.0,,,,,,,,6.0,,,,199.99999999999997,2.0
5129.0,DCNN,710.0,2012-06-22,,,,13.0,13.0,13.0,,,,,,,,,,,,,,,,,,0.0,0.0,0.0,,6.0,,,,,,6.0,,,,,,,,6.0,,,,270.0,1.0
5129.0,DCNN,710.0,2012-06-23,,,,14.5,14.5,14.5,,,,,,,,,,,,,10.0,10.0,1000.0,1000.0,,0.0,0.0,0.0,,6.0,,,,,,6.0,6.0,6.0,,,,,,6.0,,,,270.0,0.0
5129.0,DCNN,710.0,2012-06-24,183.24886271128074,183.24886271128074,183.24886271128074,14.5,14.5,14.5,12.7,12.7,12.7,13.5,13.5,13.5,88.9,88.9,88.9,,,,16.0,16.0,4000.0,4000.0,,0.0,0.0,0.0,,6.0,6.0,6.0,,,,6.0,6.0,6.0,,,,,,6.0,183.24886271128074,183.24886271128074,183.24886271128074,270.0,2.0
5129.0,DCNN,710.0,2012-06-25,587.4364761709431,587.4364761709431,587.4364761709431,16.5,16.5,16.5,10.7,10.7,10.7,13.4,13.4,13.4,68.7,68.7,68.7,,,,8.0,8.0,1000.0,1000.0,,0.0,0.0,0.0,,6.0,6.0,6.0,,,,6.0,6.0,6.0,,,,,,6.0,587.4364761709431,587.4364761709431,587.4364761709431,340.0,0.0
5129.0,DCNN,710.0,2012-06-26,865.9877931456542,865.9877931456542,865.9877931456542,17.0,17.0,17.0,8.0,8.0,8.0,12.4,12.4,12.4,55.3,55.3,55.3,,,,8.0,8.0,2000.0,2000.0,,0.0,0.0,0.0,,6.0,6.0,6.0,,,,6.0,6.0,6.0,,,,,,6.0,865.9877931456542,865.9877931456542,865.9877931456542,199.99999999999997,0.0
5129.0,DCNN,710.0,2012-06-27,307.4707786196982,307.4707786196982,307.4707786196982,18.0,18.0,18.0,15.5,15.5,15.5,16.5,16.5,16.5,85.1,85.1,85.1,,,,8.0,8.0,1000.0,1000.0,,0.0,0.0,0.0,,6.0,6.0,6.0,,,,6.0,6.0,6.0,,,,,,6.0,307.4707786196982,307.4707786196982,307.4707786196982,230.0,0.0
5129.0,DCNN,710.0,2012-06-28,754.6834217983597,754.6834217983597,754.6834217983597,20.5,20.5,20.5,14.6,14.6,14.6,17.0,17.0,17.0,68.7,68.7,68.7,,,,10.0,10.0,1000.0,1000.0,,0.0,0.0,0.0,,6.0,6.0,6.0,,,,6.0,6.0,6.0,,,,,,6.0,754.6834217983597,754.6834217983597,754.6834217983597,140.0,1.0
5129.0,DCNN,710.0,2012-06-29,379.9450157906837,379.9450157906837,379.9450157906837,16.0,16.0,16.0,12.4,12.4,12.4,14.0,14.0,14.0,79.1,79.1,79.1,,,,16.0,16.0,1000.0,1000.0,,0.0,0.0,0.0,,6.0,6.0,6.0,,,,6.0,6.0,6.0,,,,,,6.0,379.9450157906837,379.9450157906837,379.9450157906837,199.99999999999997,0.0
5129.0,DCNN,710.0,2012-06-30,379.9450157906837,379.9450157906837,379.9450157906837,16.0,16.0,16.0,12.4,12.4,12.4,14.0,14.0,14.0,79.1,79.1,79.1,,,,14.0,14.0,2000.0,2000.0,,0.0,0.0,0.0,,6.0,6.0,6.0,,,,6.0,6.0,6.0,,,,,,6.0,379.9450157906837,379.9450157906837,379.9450157906837,230.0,1.0
5129.0,DCNN,710.0,2012-07-01,600.3316580391114,600.3316580391114,600.3316580391114,14.4,14.4,14.4,7.6,7.6,7.6,11.0,11.0,11.0,63.4,63.4,63.4,,,,14.0,14.0,2000.0,2000.0,,0.0,0.0,0.0,,6.0,6.0,6.0,,,,6.0,6.0,6.0,,,,,,6.0,600.3316580391114,600.3316580391114,600.3316580391114,250.0,0.0
5129.0,DCNN,710.0,2012-07-02,180.6066185536965,180.6066185536965,180.6066185536965,14.0,14.0,14.0,12.2,12.2,12.2,13.0,13.0,13.0,88.7,88.7,88.7,,,,12.0,12.0,400.0,400.0,,0.0,0.0,0.0,,6.0,6.0,6.0,,,,6.0,6.0,6.0,,,,,,6.0,180.6066185536965,180.6066185536965,180.6066185536965,199.99999999999997,2.0
5129.0,DCNN,710.0,2012-07-03,136.25410035301732,136.25410035301732,136.25410035301732,16.2,16.2,16.2,15.0,15.0,15.0,15.5,15.5,15.5,92.6,92.6,92.6,,,,10.0,10.0,1000.0,1000.0,,0.0,0.0,0.0,,6.0,6.0,6.0,,,,6.0,6.0,6.0,,,,,,6.0,136.25410035301732,136.25410035301732,136.25410035301732,199.99999999999997,2.0
5129.0,DCNN,710.0,2012-07-04,119.35558366660023,119.35558366660023,119.35558366660023,16.9,16.9,16.9,15.9,15.9,15.9,16.3,16.3,16.3,93.8,93.8,93.8,,,,12.0,12.0,1000.0,1000.0,,0.0,0.0,0.0,,6.0,6.0,6.0,,,,6.0,6.0,6.0,,,,,,6.0,119.35558366660023,119.35558366660023,119.35558366660023,199.99999999999997,1.0
5129.0,DCNN,710.0,2012-07-05,559.918970638902,559.918970638902,559.918970638902,16.0,16.0,16.0,10.4,10.4,10.4,13.0,13.0,13.0,69.2,69.2,69.2,,,,8.0,8.0,2000.0,2000.0,,0.0,0.0,0.0,,6.0,6.0,6.0,,,,6.0,6.0,6.0,,,,,,6.0,559.918970638902,559.918970638902,559.918970638902,20.0,0.0
5129.0,DCNN,710.0,2012-07-06,111.32662183290832,111.32662183290832,111.32662183290832,14.6,14.6,14.6,13.5,13.5,13.5,14.0,14.0,14.0,93.3,93.3,93.3,,,,7.0,7.0,200.0,200.0,,0.0,0.0,0.0,,6.0,6.0,6.0,,,,6.0,6.0,6.0,,,,,,6.0,111.32662183290832,111.32662183290832,111.32662183290832,199.99999999999997,2.0
5129.0,DCNN,710.0,2012-07-07,458.76219613628865,458.76219613628865,458.76219613628865,16.4,16.4,16.4,12.0,12.0,12.0,14.0,14.0,14.0,75.4,75.4,75.4,,,,12.0,12.0,1000.0,1000.0,,0.0,0.0,0.0,,6.0,6.0,6.0,,,,6.0,6.0,6.0,,,,,,6.0,458.76219613628865,458.76219613628865,458.76219613628865,160.0,0.0
5129.0,DCNN,710.0,2012-07-08,150.04044133464114,150.04044133464114,150.04044133464114,15.0,15.0,15.0,13.6,13.6,13.6,14.2,14.2,14.2,91.2,91.2,91.2,,,,10.0,10.0,1000.0,1000.0,,0.0,0.0,0.0,,6.0,6.0,6.0,,,,6.0,6.0,6.0,,,,,,6.0,150.04044133464114,150.04044133464114,150.04044133464114,360.0,1.0
5129.0,DCNN,710.0,2012-07-09,91.10245360673196,91.10245360673196,91.10245360673196,14.0,14.0,14.0,13.1,13.1,13.1,13.5,13.5,13.5,94.3,94.3,94.3,,,,7.0,7.0,1000.0,1000.0,,0.0,0.0,0.0,,6.0,6.0,6.0,,,,6.0,6.0,6.0,,,,,,6.0,91.10245360673196,91.10245360673196,91.10245360673196,290.0,2.0
5129.0,DCNN,710.0,2012-07-10,285.830380130471,285.830380130471,285.830380130471,13.9,13.9,13.9,10.9,10.9,10.9,12.3,12.3,12.3,82.0,82.0,82.0,,,,7.0,7.0,2000.0,2000.0,,0.0,0.0,0.0,,6.0,6.0,6.0,,,,6.0,6.0,6.0,,,,,,6.0,285.830380130471,285.830380130471,285.830380130471,230.0,1.0
5129.0,DCNN,710.0,2012-07-11,455.2363390494227,455.2363390494227,455.2363390494227,15.0,15.0,15.0,10.3,10.3,10.3,12.5,12.5,12.5,73.3,73.3,73.3,,,,14.0,14.0,2000.0,2000.0,,0.0,0.0,0.0,,6.0,6.0,6.0,,,,6.0,6.0,6.0,,,,,,6.0,455.2363390494227,455.2363390494227,455.2363390494227,270.0,0.0
5129.0,DCNN,710.0,2012-07-12,425.14478349808195,425.14478349808195,425.14478349808195,14.0,14.0,14.0,9.3,9.3,9.3,11.6,11.6,11.6,73.4,73.4,73.4,,,,5.0,5.0,4000.0,4000.0,,0.0,0.0,0.0,,6.0,6.0,6.0,,,,6.0,6.0,6.0,,,,,,6.0,425.14478349808195,425.14478349808195,425.14478349808195,270.0,1.0
5129.0,DCNN,710.0,2012-07-13,425.1066566158073,425.1066566158073,425.1066566158073,15.4,15.4,15.4,11.1,11.1,11.1,13.1,13.1,13.1,75.7,75.7,75.7,,,,15.0,15.0,2000.0,2000.0,,0.0,0.0,0.0,,6.0,6.0,6.0,,,,6.0,6.0,6.0,,,,,,6.0,425.1066566158073,425.1066566158073,425.1066566158073,250.0,1.0
5129.0,DCNN,710.0,2012-07-14,145.4442680388175,145.4442680388175,145.4442680388175,14.0,14.0,14.0,12.5,12.5,12.5,13.2,13.2,13.2,90.9,90.9,90.9,,,,7.0,7.0,1000.0,1000.0,,0.0,0.0,0.0,,6.0,6.0,6.0,,,,6.0,6.0,6.0,,,,,,6.0,145.4442680388175,145.4442680388175,145.4442680388175,360.0,2.0
5129.0,DCNN,710.0,2012-07-15,543.7371564694427,543.7371564694427,543.7371564694427,14.1,14.1,14.1,7.9,7.9,7.9,11.0,11.0,11.0,66.2,66.2,66.2,,,,7.0,7.0,4000.0,4000.0,,0.0,0.0,0.0,,6.0,6.0,6.0,,,,6.0,6.0,6.0,,,,,,6.0,543.7371564694427,543.7371564694427,543.7371564694427,290.0,0.0
5129.0,DCNN,710.0,2012-07-16,187.55055166830147,187.55055166830147,187.55055166830147,15.0,15.0,15.0,13.2,13.2,13.2,14.0,14.0,14.0,89.0,89.0,89.0,,,,15.0,15.0,1000.0,1000.0,,0.0,0.0,0.0,,6.0,6.0,6.0,,,,6.0,6.0,6.0,,,,,,6.0,187.55055166830147,187.55055166830147,187.55055166830147,230.0,1.0
5129.0,DCNN,710.0,2012-07-17,406.08496618375364,406.08496618375364,406.08496618375364,16.6,16.6,16.6,12.9,12.9,12.9,14.5,14.5,14.5,78.5,78.5,78.5,,,,7.0,7.0,1000.0,1000.0,,0.0,0.0,0.0,,6.0,6.0,6.0,,,,6.0,6.0,6.0,,,,,,6.0,406.08496618375364,406.08496618375364,406.08496618375364,270.0,0.0
5129.0,DCNN,710.0,2012-07-18,244.91741533421,244.91741533421,244.91741533421,15.4,15.4,15.4,13.1,13.1,13.1,14.1,14.1,14.1,86.0,86.0,86.0,,,,10.0,10.0,2000.0,2000.0,,0.0,0.0,0.0,,6.0,6.0,6.0,,,,6.0,6.0,6.0,,,,,,6.0,244.91741533421,244.91741533421,244.91741533421,230.0,1.0
5129.0,DCNN,710.0,2012-07-19,516.1183097348543,516.1183097348543,516.1183097348543,16.5,16.5,16.5,11.6,11.6,11.6,13.8,13.8,13.8,72.5,72.5,72.5,,,,12.0,12.0,2000.0,2000.0,,0.0,0.0,0.0,,6.0,6.0,6.0,,,,6.0,6.0,6.0,,,,,,6.0,516.1183097348543,516.1183097348543,516.1183097348543,270.0,0.0
5129.0,DCNN,710.0,2012-07-20,434.7527861256247,434.7527861256247,434.7527861256247,13.5,13.5,13.5,8.5,8.5,8.5,11.0,11.0,11.0,71.9,71.9,71.9,,,,5.0,5.0,2000.0,2000.0,,0.0,0.0,0.0,,6.0,6.0,6.0,,,,6.0,6.0,6.0,,,,,,6.0,434.7527861256247,434.7527861256247,434.7527861256247,320.0,0.0
5129.0,DCNN,710.0,2012-07-21,612.0968004447296,612.0968004447296,612.0968004447296,15.0,15.0,15.0,8.3,8.3,8.3,11.6,11.6,11.6,64.1,64.1,64.1,,,,7.0,7.0,2000.0,2000.0,,0.0,0.0,0.0,,6.0,6.0,6.0,,,,6.0,6.0,6.0,,,,,,6.0,612.0968004447296,612.0968004447296,612.0968004447296,50.0,0.0
5129.0,DCNN,710.0,2012-07-22,759.4344852641979,759.4344852641979,759.4344852641979,17.0,17.0,17.0,9.4,9.4,9.4,13.0,13.0,13.0,60.8,60.8,60.8,,,,12.0,12.0,2000.0,2000.0,,0.0,0.0,0.0,,6.0,6.0,6.0,,,,6.0,6.0,6.0,,,,,,6.0,759.4344852641979,759.4344852641979,759.4344852641979,199.99999999999997,0.0
5129.0,DCNN,710.0,2012-07-23,798.5003993654707,798.5003993654707,798.5003993654707,18.5,18.5,18.5,11.2,11.2,11.2,14.5,14.5,14.5,62.5,62.5,62.5,,,,10.0,10.0,1000.0,1000.0,,0.0,0.0,0.0,,6.0,6.0,6.0,,,,6.0,6.0,6.0,,,,,,6.0,798.5003993654707,798.5003993654707,798.5003993654707,230.0,0.0
5129.0,DCNN,710.0,2012-07-24,1086.5893761803666,1086.5893761803666,1086.5893761803666,21.0,21.0,21.0,12.0,12.0,12.0,15.9,15.9,15.9,56.3,56.3,56.3,,,,6.0,6.0,1000.0,1000.0,,0.0,0.0,0.0,,6.0,6.0,6.0,,,,6.0,6.0,6.0,,,,,,6.0,1086.5893761803666,1086.5893761803666,1086.5893761803666,199.99999999999997,0.0
5129.0,DCNN,710.0,2012-07-25,1104.9249457811827,1104.9249457811827,1104.9249457811827,22.0,22.0,22.0,13.4,13.4,13.4,17.0,17.0,17.0,58.2,58.2,58.2,,,,2.0,2.0,1000.0,1000.0,,0.0,0.0,0.0,,6.0,6.0,6.0,,,,6.0,6.0,6.0,,,,,,6.0,1104.9249457811827,1104.9249457811827,1104.9249457811827,50.0,0.0
5129.0,DCNN,710.0,2012-07-26,937.4526955575101,937.4526955575101,937.4526955575101,20.0,20.0,20.0,12.0,12.0,12.0,15.5,15.5,15.5,59.9,59.9,59.9,,,,8.0,8.0,1000.0,1000.0,,0.0,0.0,0.0,,6.0,6.0,6.0,,,,6.0,6.0,6.0,,,,,,6.0,937.4526955575101,937.4526955575101,937.4526955575101,90.0,0.0
5129.0,DCNN,710.0,2012-07-27,619.5353668859085,619.5353668859085,619.5353668859085,19.0,19.0,19.0,13.8,13.8,13.8,16.0,16.0,16.0,71.8,71.8,71.8,,,,6.0,6.0,400.0,400.0,,0.0,0.0,0.0,,6.0,6.0,6.0,,,,6.0,6.0,6.0,,,,,,6.0,619.5353668859085,619.5353668859085,619.5353668859085,340.0,0.0
5129.0,DCNN,710.0,2012-07-28,658.7546426070321,658.7546426070321,658.7546426070321,16.5,16.5,16.5,9.9,9.9,9.9,13.0,13.0,13.0,64.9,64.9,64.9,,,,7.0,7.0,1000.0,1000.0,,0.0,0.0,0.0,,6.0,6.0,6.0,,,,6.0,6.0,6.0,,,,,,6.0,658.7546426070321,658.7546426070321,658.7546426070321,50.0,0.0
5129.0,DCNN,710.0,2012-07-29,637.3620104582565,637.3620104582565,637.3620104582565,15.5,15.5,15.5,8.7,8.7,8.7,12.0,12.0,12.0,63.8,63.8,63.8,,,,12.0,12.0,2000.0,2000.0,,0.0,0.0,0.0,,6.0,6.0,6.0,,,,6.0,6.0,6.0,,,,,,6.0,637.3620104582565,637.3620104582565,637.3620104582565,230.0,0.0
5129.0,DCNN,710.0,2012-07-30,534.8885722383332,534.8885722383332,534.8885722383332,14.5,14.5,14.5,8.6,8.6,8.6,11.5,11.5,11.5,67.6,67.6,67.6,,,,10.0,10.0,4000.0,4000.0,,0.0,0.0,0.0,,6.0,6.0,6.0,,,,6.0,6.0,6.0,,,,,,6.0,534.8885722383332,534.8885722383332,534.8885722383332,270.0,0.0
5129.0,DCNN,710.0,2012-07-31,89.7354505170328,89.7354505170328,89.7354505170328,13.5,13.5,13.5,12.6,12.6,12.6,13.0,13.0,13.0,94.2,94.2,94.2,,,,8.0,8.0,1000.0,1000.0,,0.0,0.0,0.0,,6.0,6.0,6.0,,,,6.0,6.0,6.0,,,,,,6.0,89.7354505170328,89.7354505170328,89.7354505170328,180.0,1.0
5129.0,DCNN,710.0,2012-08-01,410.96153887342876,410.96153887342876,410.96153887342876,18.5,18.5,18.5,15.1,15.1,15.1,16.5,16.5,16.5,80.7,80.7,80.7,,,,10.0,10.0,1000.0,1000.0,,0.0,0.0,0.0,,6.0,6.0,6.0,,,,6.0,6.0,6.0,,,,,,6.0,410.96153887342876,410.96153887342876,410.96153887342876,199.99999999999997,0.0
5129.0,DCNN,710.0,2012-08-02,448.5459837793198,448.5459837793198,448.5459837793198,16.9,16.9,16.9,12.8,12.8,12.8,14.6,14.6,14.6,76.7,76.7,76.7,,,,10.0,10.0,1000.0,1000.0,,0.0,0.0,0.0,,6.0,6.0,6.0,,,,6.0,6.0,6.0,,,,,,6.0,448.5459837793198,448.5459837793198,448.5459837793198,230.0,0.0
5129.0,DCNN,710.0,2012-08-03,349.0836567661195,349.0836567661195,349.0836567661195,16.5,16.5,16.5,13.3,13.3,13.3,14.7,14.7,14.7,81.4,81.4,81.4,,,,14.0,14.0,1000.0,1000.0,,0.0,0.0,0.0,,6.0,6.0,6.0,,,,6.0,6.0,6.0,,,,,,6.0,349.0836567661195,349.0836567661195,349.0836567661195,199.99999999999997,0.0
5129.0,DCNN,710.0,2012-08-04,296.41192919750586,296.41192919750586,296.41192919750586,17.0,17.0,17.0,14.4,14.4,14.4,15.5,15.5,15.5,84.7,84.7,84.7,,,,10.0,10.0,1000.0,1000.0,,0.0,0.0,0.0,,6.0,6.0,6.0,,,,6.0,6.0,6.0,,,,,,6.0,296.41192919750586,296.41192919750586,296.41192919750586,230.0,1.0
5129.0,DCNN,710.0,2012-08-05,281.7069659484007,281.7069659484007,281.7069659484007,15.5,15.5,15.5,12.8,12.8,12.8,14.0,14.0,14.0,84.0,84.0,84.0,,,,6.0,6.0,400.0,400.0,,0.0,0.0,0.0,,6.0,6.0,6.0,,,,6.0,6.0,6.0,,,,,,6.0,281.7069659484007,281.7069659484007,281.7069659484007,180.0,0.0
5129.0,DCNN,710.0,2012-08-06,486.270550513555,486.270550513555,486.270550513555,17.0,17.0,17.0,12.5,12.5,12.5,14.5,14.5,14.5,74.9,74.9,74.9,,,,8.0,8.0,1000.0,1000.0,,0.0,0.0,0.0,,6.0,6.0,6.0,,,,6.0,6.0,6.0,,,,,,6.0,486.270550513555,486.270550513555,486.270550513555,270.0,0.0
5129.0,DCNN,710.0,2012-08-07,230.52727805237762,230.52727805237762,230.52727805237762,13.5,13.5,13.5,11.1,11.1,11.1,12.2,12.2,12.2,85.1,85.1,85.1,,,,10.0,10.0,2000.0,2000.0,,0.0,0.0,0.0,,6.0,6.0,6.0,,,,6.0,6.0,6.0,,,,,,6.0,230.52727805237762,230.52727805237762,230.52727805237762,230.0,1.0
5129.0,DCNN,710.0,2012-08-08,202.67285387590147,202.67285387590147,202.67285387590147,17.4,17.4,17.4,15.7,15.7,15.7,16.4,16.4,16.4,89.8,89.8,89.8,,,,6.0,6.0,1000.0,1000.0,,0.0,0.0,0.0,,6.0,6.0,6.0,,,,6.0,6.0,6.0,,,,,,6.0,202.67285387590147,202.67285387590147,202.67285387590147,270.0,1.0
5129.0,DCNN,710.0,2012-08-09,619.5353668859085,619.5353668859085,619.5353668859085,19.0,19.0,19.0,13.8,13.8,13.8,16.0,16.0,16.0,71.8,71.8,71.8,,,,5.0,5.0,1000.0,1000.0,,0.0,0.0,0.0,,6.0,6.0,6.0,,,,6.0,6.0,6.0,,,,,,6.0,619.5353668859085,619.5353668859085,619.5353668859085,50.0,0.0
5129.0,DCNN,710.0,2012-08-10,522.0812549717023,522.0812549717023,522.0812549717023,18.0,18.0,18.0,13.4,13.4,13.4,15.4,15.4,15.4,74.7,74.7,74.7,,,,2.0,2.0,400.0,400.0,,0.0,0.0,0.0,,6.0,6.0,6.0,,,,6.0,6.0,6.0,,,,,,6.0,522.0812549717023,522.0812549717023,522.0812549717023,340.0,0.0
5129.0,DCNN,710.0,2012-08-11,619.5353668859085,619.5353668859085,619.5353668859085,19.0,19.0,19.0,13.8,13.8,13.8,16.0,16.0,16.0,71.8,71.8,71.8,,,,10.0,10.0,1000.0,1000.0,,0.0,0.0,0.0,,6.0,6.0,6.0,,,,6.0,6.0,6.0,,,,,,6.0,619.5353668859085,619.5353668859085,619.5353668859085,110.0,0.0
5129.0,DCNN,710.0,2012-08-12,410.96153887342876,410.96153887342876,410.96153887342876,18.5,18.5,18.5,15.1,15.1,15.1,16.5,16.5,16.5,80.7,80.7,80.7,,,,10.0,10.0,400.0,400.0,,0.0,0.0,0.0,,6.0,6.0,6.0,,,,6.0,6.0,6.0,,,,,,6.0,410.96153887342876,410.96153887342876,410.96153887342876,90.0,0.0
5129.0,DCNN,710.0,2012-08-13,511.0402555939012,511.0402555939012,511.0402555939012,18.5,18.5,18.5,14.2,14.2,14.2,16.0,16.0,16.0,76.0,76.0,76.0,,,,10.0,10.0,1000.0,1000.0,,0.0,0.0,0.0,,6.0,6.0,6.0,,,,6.0,6.0,6.0,,,,,,6.0,511.0402555939012,511.0402555939012,511.0402555939012,160.0,0.0
5129.0,DCNN,710.0,2012-08-14,477.3278627560563,477.3278627560563,477.3278627560563,18.8,18.8,18.8,14.9,14.9,14.9,16.5,16.5,16.5,78.0,78.0,78.0,,,,8.0,8.0,1000.0,1000.0,,0.0,0.0,0.0,,6.0,6.0,6.0,,,,6.0,6.0,6.0,,,,,,6.0,477.3278627560563,477.3278627560563,477.3278627560563,199.99999999999997,0.0
5129.0,DCNN,710.0,2012-08-15,524.7901262322293,524.7901262322293,524.7901262322293,20.4,20.4,20.4,16.5,16.5,16.5,18.0,18.0,18.0,78.1,78.1,78.1,,,,10.0,10.0,1000.0,1000.0,,0.0,0.0,0.0,,6.0,6.0,6.0,,,,6.0,6.0,6.0,,,,,,6.0,524.7901262322293,524.7901262322293,524.7901262322293,110.0,0.0
5129.0,DCNN,710.0,2012-08-16,619.5353668859085,619.5353668859085,619.5353668859085,19.0,19.0,19.0,13.8,13.8,13.8,16.0,16.0,16.0,71.8,71.8,71.8,,,,12.0,12.0,1000.0,1000.0,,0.0,0.0,0.0,,6.0,6.0,6.0,,,,6.0,6.0,6.0,,,,,,6.0,619.5353668859085,619.5353668859085,619.5353668859085,199.99999999999997,0.0
5129.0,DCNN,710.0,2012-08-17,399.8419743731751,399.8419743731751,399.8419743731751,19.0,19.0,19.0,15.8,15.8,15.8,17.1,17.1,17.1,81.8,81.8,81.8,,,,15.0,15.0,1000.0,1000.0,,0.0,0.0,0.0,,6.0,6.0,6.0,,,,6.0,6.0,6.0,,,,,,6.0,399.8419743731751,399.8419743731751,399.8419743731751,199.99999999999997,0.0
5129.0,DCNN,710.0,2012-08-18,1166.1565616214916,1166.1565616214916,1166.1565616214916,21.0,21.0,21.0,11.1,11.1,11.1,15.5,15.5,15.5,53.1,53.1,53.1,,,,10.0,10.0,4000.0,4000.0,,0.0,0.0,0.0,,6.0,6.0,6.0,,,,6.0,6.0,6.0,,,,,,6.0,1166.1565616214916,1166.1565616214916,1166.1565616214916,230.0,0.0
5129.0,DCNN,710.0,2012-08-19,701.8459503088898,701.8459503088898,701.8459503088898,22.6,22.6,22.6,17.8,17.8,17.8,19.6,19.6,19.6,74.4,74.4,74.4,,,,6.0,6.0,1000.0,1000.0,,0.0,0.0,0.0,,6.0,6.0,6.0,,,,6.0,6.0,6.0,,,,,,6.0,701.8459503088898,701.8459503088898,701.8459503088898,110.0,0.0
5129.0,DCNN,710.0,2012-08-20,307.4707786196982,307.4707786196982,307.4707786196982,18.0,18.0,18.0,15.5,15.5,15.5,16.5,16.5,16.5,85.1,85.1,85.1,,,,7.0,7.0,400.0,400.0,,0.0,0.0,0.0,,6.0,6.0,6.0,,,,6.0,6.0,6.0,,,,,,6.0,307.4707786196982,307.4707786196982,307.4707786196982,230.0,0.0
5129.0,DCNN,710.0,2012-08-21,413.3244908303708,413.3244908303708,413.3244908303708,17.1,17.1,17.1,13.4,13.4,13.4,15.0,15.0,15.0,78.8,78.8,78.8,,,,4.0,4.0,1000.0,1000.0,,0.0,0.0,0.0,,6.0,6.0,6.0,,,,6.0,6.0,6.0,,,,,,6.0,413.3244908303708,413.3244908303708,413.3244908303708,199.99999999999997,0.0
5129.0,DCNN,710.0,2012-08-22,183.24886271128074,183.24886271128074,183.24886271128074,14.5,14.5,14.5,12.7,12.7,12.7,13.5,13.5,13.5,88.9,88.9,88.9,,,,8.0,8.0,1000.0,1000.0,,0.0,0.0,0.0,,6.0,6.0,6.0,,,,6.0,6.0,6.0,,,,,,6.0,183.24886271128074,183.24886271128074,183.24886271128074,270.0,1.0
5129.0,DCNN,710.0,2012-08-23,353.38084212507454,353.38084212507454,353.38084212507454,15.4,15.4,15.4,11.9,11.9,11.9,13.5,13.5,13.5,79.8,79.8,79.8,,,,6.0,6.0,1000.0,1000.0,,0.0,0.0,0.0,,6.0,6.0,6.0,,,,6.0,6.0,6.0,,,,,,6.0,353.38084212507454,353.38084212507454,353.38084212507454,230.0,0.0
5129.0,DCNN,710.0,2012-08-24,355.65504450985594,355.65504450985594,355.65504450985594,15.5,15.5,15.5,12.0,12.0,12.0,13.6,13.6,13.6,79.8,79.8,79.8,,,,7.0,7.0,1000.0,1000.0,,0.0,0.0,0.0,,6.0,6.0,6.0,,,,6.0,6.0,6.0,,,,,,6.0,355.65504450985594,355.65504450985594,355.65504450985594,180.0,0.0
5129.0,DCNN,710.0,2012-08-25,197.06335462603522,197.06335462603522,197.06335462603522,16.5,16.5,16.5,14.8,14.8,14.8,15.5,15.5,15.5,89.5,89.5,89.5,,,,8.0,8.0,400.0,400.0,,0.0,0.0,0.0,,6.0,6.0,6.0,,,,6.0,6.0,6.0,,,,,,6.0,197.06335462603522,197.06335462603522,197.06335462603522,230.0,1.0
5129.0,DCNN,710.0,2012-08-26,501.4732915661825,501.4732915661825,501.4732915661825,15.6,15.6,15.6,10.5,10.5,10.5,12.9,12.9,12.9,71.7,71.7,71.7,,,,10.0,10.0,4000.0,4000.0,,0.0,0.0,0.0,,6.0,6.0,6.0,,,,6.0,6.0,6.0,,,,,,6.0,501.4732915661825,501.4732915661825,501.4732915661825,290.0,0.0
5129.0,DCNN,710.0,2012-08-27,386.6195338377453,386.6195338377453,386.6195338377453,16.5,16.5,16.5,12.9,12.9,12.9,14.5,14.5,14.5,79.4,79.4,79.4,,,,10.0,10.0,1000.0,1000.0,,0.0,0.0,0.0,,6.0,6.0,6.0,,,,6.0,6.0,6.0,,,,,,6.0,386.6195338377453,386.6195338377453,386.6195338377453,199.99999999999997,0.0
5129.0,DCNN,710.0,2012-08-28,305.4103476212192,305.4103476212192,305.4103476212192,16.0,16.0,16.0,13.2,13.2,13.2,14.4,14.4,14.4,83.2,83.2,83.2,,,,10.0,10.0,1000.0,1000.0,,0.0,0.0,0.0,,6.0,6.0,6.0,,,,6.0,6.0,6.0,,,,,,6.0,305.4103476212192,305.4103476212192,305.4103476212192,250.0,1.0
5129.0,DCNN,710.0,2012-08-29,296.41192919750586,296.41192919750586,296.41192919750586,17.0,17.0,17.0,14.4,14.4,14.4,15.5,15.5,15.5,84.7,84.7,84.7,,,,12.0,12.0,1000.0,1000.0,,0.0,0.0,0.0,,6.0,6.0,6.0,,,,6.0,6.0,6.0,,,,,,6.0,296.41192919750586,296.41192919750586,296.41192919750586,230.0,0.0
5129.0,DCNN,710.0,2012-08-30,183.24886271128074,183.24886271128074,183.24886271128074,14.5,14.5,14.5,12.7,12.7,12.7,13.5,13.5,13.5,88.9,88.9,88.9,,,,10.0,10.0,400.0,400.0,,0.0,0.0,0.0,,6.0,6.0,6.0,,,,6.0,6.0,6.0,,,,,,6.0,183.24886271128074,183.24886271128074,183.24886271128074,250.0,1.0
5129.0,DCNN,710.0,2012-08-31,428.12102367220376,428.12102367220376,428.12102367220376,10.6,10.6,10.6,4.6,4.6,4.6,7.9,7.9,7.9,66.5,66.5,66.5,,,,8.0,8.0,2000.0,2000.0,,0.0,0.0,0.0,,6.0,6.0,6.0,,,,6.0,6.0,6.0,,,,,,6.0,428.12102367220376,428.12102367220376,428.12102367220376,360.0,0.0
5129.0,DCNN,710.0,2012-09-01,286.3467865430792,286.3467865430792,286.3467865430792,14.1,14.1,14.1,11.1,11.1,11.1,12.5,12.5,12.5,82.2,82.2,82.2,,,,7.0,7.0,400.0,400.0,,0.0,0.0,0.0,,6.0,6.0,6.0,,,,6.0,6.0,6.0,,,,,,6.0,286.3467865430792,286.3467865430792,286.3467865430792,230.0,0.0
5129.0,DCNN,710.0,2012-09-02,124.40887223238737,124.40887223238737,124.40887223238737,13.2,13.2,13.2,11.9,11.9,11.9,12.5,12.5,12.5,91.8,91.8,91.8,,,,5.0,5.0,400.0,400.0,,0.0,0.0,0.0,,6.0,6.0,6.0,,,,6.0,6.0,6.0,,,,,,6.0,124.40887223238737,124.40887223238737,124.40887223238737,230.0,0.0
5129.0,DCNN,710.0,2012-09-03,262.5165308647546,262.5165308647546,262.5165308647546,15.2,15.2,15.2,12.7,12.7,12.7,13.8,13.8,13.8,84.8,84.8,84.8,,,,,,,,,0.0,0.0,0.0,,6.0,6.0,6.0,,,,6.0,,,,,,,,6.0,262.5165308647546,262.5165308647546,262.5165308647546,290.0,0.0
5129.0,DCNN,710.0,2012-09-04,267.42904778774226,267.42904778774226,267.42904778774226,15.8,15.8,15.8,13.3,13.3,13.3,14.4,14.4,14.4,85.1,85.1,85.1,,,,,,,,,0.0,0.0,0.0,,6.0,6.0,6.0,,,,6.0,,,,,,,,6.0,267.42904778774226,267.42904778774226,267.42904778774226,230.0,0.0
5129.0,DCNN,710.0,2012-09-05,642.5120412264248,642.5120412264248,642.5120412264248,14.0,14.0,14.0,6.3,6.3,6.3,10.3,10.3,10.3,59.8,59.8,59.8,,,,,,,,,0.0,0.0,0.0,,6.0,6.0,6.0,,,,6.0,,,,,,,,6.0,642.5120412264248,642.5120412264248,642.5120412264248,340.0,0.0
5129.0,DCNN,710.0,2012-09-06,,,,15.0,15.0,15.0,,,,,,,,,,,,,,,,,,0.0,0.0,0.0,,6.0,,,,,,6.0,,,,,,,,6.0,,,,199.99999999999997,0.0
5129.0,DCNN,710.0,2012-09-07,446.5415882497457,446.5415882497457,446.5415882497457,15.6,15.6,15.6,11.2,11.2,11.2,13.2,13.2,13.2,74.8,74.8,74.8,,,,,,,,,0.0,0.0,0.0,,6.0,6.0,6.0,,,,6.0,,,,,,,,6.0,446.5415882497457,446.5415882497457,446.5415882497457,230.0,0.0
5129.0,DCNN,710.0,2012-09-08,463.0558252776836,463.0558252776836,463.0558252776836,15.5,15.5,15.5,10.8,10.8,10.8,13.0,13.0,13.0,73.7,73.7,73.7,,,,2.0,2.0,1000.0,1000.0,,0.0,0.0,0.0,,6.0,6.0,6.0,,,,6.0,6.0,6.0,,,,,,6.0,463.0558252776836,463.0558252776836,463.0558252776836,250.0,0.0
5129.0,DCNN,710.0,2012-09-09,765.7318922611654,765.7318922611654,765.7318922611654,16.5,16.5,16.5,8.5,8.5,8.5,12.4,12.4,12.4,59.2,59.2,59.2,,,,6.0,6.0,400.0,400.0,,0.0,0.0,0.0,,6.0,6.0,6.0,,,,6.0,6.0,6.0,,,,,,6.0,765.7318922611654,765.7318922611654,765.7318922611654,199.99999999999997,0.0
5129.0,DCNN,710.0,2012-09-10,406.52176770523863,406.52176770523863,406.52176770523863,18.0,18.0,18.0,14.6,14.6,14.6,16.0,16.0,16.0,80.3,80.3,80.3,,,,10.0,10.0,2000.0,2000.0,,0.0,0.0,0.0,,6.0,6.0,6.0,,,,6.0,6.0,6.0,,,,,,6.0,406.52176770523863,406.52176770523863,406.52176770523863,250.0,0.0
5129.0,DCNN,710.0,2012-09-11,600.9241984405963,600.9241984405963,600.9241984405963,14.5,14.5,14.5,7.7,7.7,7.7,11.1,11.1,11.1,63.6,63.6,63.6,,,,14.0,14.0,4000.0,4000.0,,0.0,0.0,0.0,,6.0,6.0,6.0,,,,6.0,6.0,6.0,,,,,,6.0,600.9241984405963,600.9241984405963,600.9241984405963,270.0,0.0
5129.0,DCNN,710.0,2012-09-12,323.33377697728304,323.33377697728304,323.33377697728304,10.9,10.9,10.9,6.7,6.7,6.7,8.9,8.9,8.9,75.2,75.2,75.2,,,,10.0,10.0,1000.0,1000.0,,0.0,0.0,0.0,,6.0,6.0,6.0,,,,6.0,6.0,6.0,,,,,,6.0,323.33377697728304,323.33377697728304,323.33377697728304,230.0,0.0
5129.0,DCNN,710.0,2012-09-13,387.1767764348413,387.1767764348413,387.1767764348413,11.0,11.0,11.0,5.9,5.9,5.9,8.6,8.6,8.6,70.5,70.5,70.5,,,,7.0,7.0,1000.0,1000.0,,0.0,0.0,0.0,,6.0,6.0,6.0,,,,6.0,6.0,6.0,,,,,,6.0,387.1767764348413,387.1767764348413,387.1767764348413,340.0,0.0
5129.0,DCNN,710.0,2012-09-14,299.3136513201758,299.3136513201758,299.3136513201758,15.5,15.5,15.5,12.6,12.6,12.6,13.9,13.9,13.9,83.0,83.0,83.0,,,,15.0,15.0,1000.0,1000.0,,0.0,0.0,0.0,,6.0,6.0,6.0,,,,6.0,6.0,6.0,,,,,,6.0,299.3136513201758,299.3136513201758,299.3136513201758,270.0,0.0
5129.0,DCNN,710.0,2012-09-15,509.2358957854862,509.2358957854862,509.2358957854862,11.0,11.0,11.0,3.8,3.8,3.8,7.8,7.8,7.8,61.2,61.2,61.2,,,,7.0,7.0,1000.0,1000.0,,0.0,0.0,0.0,,6.0,6.0,6.0,,,,6.0,6.0,6.0,,,,,,6.0,509.2358957854862,509.2358957854862,509.2358957854862,230.0,0.0
5129.0,DCNN,710.0,2012-09-16,361.54505345739193,361.54505345739193,361.54505345739193,14.5,14.5,14.5,10.7,10.7,10.7,12.5,12.5,12.5,78.1,78.1,78.1,,,,10.0,10.0,2000.0,2000.0,,0.0,0.0,0.0,,6.0,6.0,6.0,,,,6.0,6.0,6.0,,,,,,6.0,361.54505345739193,361.54505345739193,361.54505345739193,230.0,0.0
5129.0,DCNN,710.0,2012-09-17,231.91649278626412,231.91649278626412,231.91649278626412,13.8,13.8,13.8,11.4,11.4,11.4,12.5,12.5,12.5,85.3,85.3,85.3,,,,10.0,10.0,1000.0,1000.0,,0.0,0.0,0.0,,6.0,6.0,6.0,,,,6.0,6.0,6.0,,,,,,6.0,231.91649278626412,231.91649278626412,231.91649278626412,250.0,0.0
5129.0,DCNN,710.0,2012-09-18,269.24024620602785,269.24024620602785,269.24024620602785,12.0,12.0,12.0,8.8,8.8,8.8,10.4,10.4,10.4,80.8,80.8,80.8,,,,10.0,10.0,2000.0,2000.0,,0.0,0.0,0.0,,6.0,6.0,6.0,,,,6.0,6.0,6.0,,,,,,6.0,269.24024620602785,269.24024620602785,269.24024620602785,270.0,0.0
5129.0,DCNN,710.0,2012-09-19,315.5269194495836,315.5269194495836,315.5269194495836,10.0,10.0,10.0,5.7,5.7,5.7,8.0,8.0,8.0,74.3,74.3,74.3,,,,7.0,7.0,2000.0,2000.0,,0.0,0.0,0.0,,6.0,6.0,6.0,,,,6.0,6.0,6.0,,,,,,6.0,315.5269194495836,315.5269194495836,315.5269194495836,270.0,0.0
5129.0,DCNN,710.0,2012-09-20,222.21934793920084,222.21934793920084,222.21934793920084,10.0,10.0,10.0,7.1,7.1,7.1,8.6,8.6,8.6,81.9,81.9,81.9,,,,8.0,8.0,2000.0,2000.0,,0.0,0.0,0.0,,6.0,6.0,6.0,,,,6.0,6.0,6.0,,,,,,6.0,222.21934793920084,222.21934793920084,222.21934793920084,180.0,0.0
5129.0,DCNN,710.0,2012-09-21,248.28072041162545,248.28072041162545,248.28072041162545,11.5,11.5,11.5,8.5,8.5,8.5,10.0,10.0,10.0,81.7,81.7,81.7,,,,2.0,2.0,1000.0,1000.0,,0.0,0.0,0.0,,6.0,6.0,6.0,,,,6.0,6.0,6.0,,,,,,6.0,248.28072041162545,248.28072041162545,248.28072041162545,230.0,0.0
5129.0,DCNN,710.0,2012-09-22,72.58521476573692,72.58521476573692,72.58521476573692,6.5,6.5,6.5,5.4,5.4,5.4,6.0,6.0,6.0,92.5,92.5,92.5,,,,0.0,0.0,1000.0,1000.0,,0.0,0.0,0.0,,6.0,6.0,6.0,,,,6.0,6.0,6.0,,,,,,6.0,72.58521476573692,72.58521476573692,72.58521476573692,0.0,0.0
5129.0,DCNN,710.0,2012-09-23,238.17985359229274,238.17985359229274,238.17985359229274,10.0,10.0,10.0,6.8,6.8,6.8,8.5,8.5,8.5,80.6,80.6,80.6,,,,7.0,7.0,1000.0,1000.0,,0.0,0.0,0.0,,6.0,6.0,6.0,,,,6.0,6.0,6.0,,,,,,6.0,238.17985359229274,238.17985359229274,238.17985359229274,110.0,0.0
5129.0,DCNN,710.0,2012-09-24,18.277505077044466,18.277505077044466,18.277505077044466,14.6,14.6,14.6,14.4,14.4,14.4,14.5,14.5,14.5,98.9,98.9,98.9,,,,7.0,7.0,200.0,200.0,,0.0,0.0,0.0,,6.0,6.0,6.0,,,,6.0,6.0,6.0,,,,,,6.0,18.277505077044466,18.277505077044466,18.277505077044466,140.0,2.0
5129.0,DCNN,710.0,2012-09-25,367.4007526353088,367.4007526353088,367.4007526353088,12.0,12.0,12.0,7.5,7.5,7.5,9.8,9.8,9.8,73.8,73.8,73.8,,,,12.0,12.0,2000.0,2000.0,,0.0,0.0,0.0,,6.0,6.0,6.0,,,,6.0,6.0,6.0,,,,,,6.0,367.4007526353088,367.4007526353088,367.4007526353088,199.99999999999997,0.0
5129.0,DCNN,710.0,2012-09-26,82.68520988269485,82.68520988269485,82.68520988269485,11.0,11.0,11.0,10.0,10.0,10.0,10.5,10.5,10.5,93.7,93.7,93.7,,,,8.0,8.0,1000.0,1000.0,,0.0,0.0,0.0,,6.0,6.0,6.0,,,,6.0,6.0,6.0,,,,,,6.0,82.68520988269485,82.68520988269485,82.68520988269485,160.0,2.0
5129.0,DCNN,710.0,2012-09-27,232.00001743381395,232.00001743381395,232.00001743381395,11.5,11.5,11.5,8.7,8.7,8.7,10.1,10.1,10.1,82.9,82.9,82.9,,,,10.0,10.0,1000.0,1000.0,,0.0,0.0,0.0,,6.0,6.0,6.0,,,,6.0,6.0,6.0,,,,,,6.0,232.00001743381395,232.00001743381395,232.00001743381395,360.0,1.0
5129.0,DCNN,710.0,2012-09-28,343.6612357150714,343.6612357150714,343.6612357150714,12.9,12.9,12.9,8.9,8.9,8.9,10.9,10.9,10.9,76.9,76.9,76.9,,,,8.0,8.0,1000.0,1000.0,,0.0,0.0,0.0,,6.0,6.0,6.0,,,,6.0,6.0,6.0,,,,,,6.0,343.6612357150714,343.6612357150714,343.6612357150714,250.0,0.0
5129.0,DCNN,710.0,2012-09-29,242.46993576714505,242.46993576714505,242.46993576714505,10.5,10.5,10.5,7.4,7.4,7.4,9.0,9.0,9.0,80.9,80.9,80.9,,,,10.0,10.0,1000.0,1000.0,,0.0,0.0,0.0,,6.0,6.0,6.0,,,,6.0,6.0,6.0,,,,,,6.0,242.46993576714505,242.46993576714505,242.46993576714505,270.0,0.0
5129.0,DCNN,710.0,2012-09-30,245.4307023502215,245.4307023502215,245.4307023502215,11.0,11.0,11.0,7.9,7.9,7.9,9.5,9.5,9.5,81.3,81.3,81.3,,,,7.0,7.0,1000.0,1000.0,,0.0,0.0,0.0,,6.0,6.0,6.0,,,,6.0,6.0,6.0,,,,,,6.0,245.4307023502215,245.4307023502215,245.4307023502215,230.0,0.0
5129.0,DCNN,710.0,2012-10-01,0.0,0.0,0.0,14.0,14.0,14.0,14.0,14.0,14.0,14.0,14.0,14.0,100.0,100.0,100.0,,,,10.0,10.0,200.0,200.0,,0.0,0.0,0.0,,6.0,6.0,6.0,,,,6.0,6.0,6.0,,,,,,6.0,0.0,0.0,0.0,270.0,2.0
5129.0,DCNN,710.0,2012-10-02,84.11696538535955,84.11696538535955,84.11696538535955,11.5,11.5,11.5,10.5,10.5,10.5,11.0,11.0,11.0,93.8,93.8,93.8,,,,9.0,9.0,1000.0,1000.0,,0.0,0.0,0.0,,6.0,6.0,6.0,,,,6.0,6.0,6.0,,,,,,6.0,84.11696538535955,84.11696538535955,84.11696538535955,199.99999999999997,1.0
5129.0,DCNN,710.0,2012-10-03,245.4307023502215,245.4307023502215,245.4307023502215,11.0,11.0,11.0,7.9,7.9,7.9,9.5,9.5,9.5,81.3,81.3,81.3,,,,12.0,12.0,1000.0,1000.0,,0.0,0.0,0.0,,6.0,6.0,6.0,,,,6.0,6.0,6.0,,,,,,6.0,245.4307023502215,245.4307023502215,245.4307023502215,250.0,1.0
5129.0,DCNN,710.0,2012-10-04,137.5963159581567,137.5963159581567,137.5963159581567,8.5,8.5,8.5,6.6,6.6,6.6,7.6,7.6,7.6,87.6,87.6,87.6,,,,10.0,10.0,1000.0,1000.0,,0.0,0.0,0.0,,6.0,6.0,6.0,,,,6.0,6.0,6.0,,,,,,6.0,137.5963159581567,137.5963159581567,137.5963159581567,250.0,0.0
5129.0,DCNN,710.0,2012-10-05,100.41219014465842,100.41219014465842,100.41219014465842,11.1,11.1,11.1,9.9,9.9,9.9,10.5,10.5,10.5,92.4,92.4,92.4,,,,10.0,10.0,4000.0,4000.0,,0.0,0.0,0.0,,6.0,6.0,6.0,,,,6.0,6.0,6.0,,,,,,6.0,100.41219014465842,100.41219014465842,100.41219014465842,270.0,2.0
5129.0,DCNN,710.0,2012-10-06,15.025152634428572,15.025152634428572,15.025152634428572,7.0,7.0,7.0,6.8,6.8,6.8,6.9,6.9,6.9,98.5,98.5,98.5,,,,2.0,2.0,400.0,400.0,,0.0,0.0,0.0,,6.0,6.0,6.0,,,,6.0,6.0,6.0,,,,,,6.0,15.025152634428572,15.025152634428572,15.025152634428572,320.0,1.0
5129.0,DCNN,710.0,2012-10-07,28.983208243489194,28.983208243489194,28.983208243489194,6.0,6.0,6.0,5.5,5.5,5.5,5.8,5.8,5.8,96.9,96.9,96.9,,,,6.0,6.0,10.0,10.0,,0.0,0.0,0.0,,6.0,6.0,6.0,,,,6.0,6.0,6.0,,,,,,6.0,28.983208243489194,28.983208243489194,28.983208243489194,360.0,0.0
5129.0,DCNN,710.0,2012-10-08,165.3704197653897,165.3704197653897,165.3704197653897,11.0,11.0,11.0,9.0,9.0,9.0,10.0,10.0,10.0,87.4,87.4,87.4,,,,7.0,7.0,200.0,200.0,,0.0,0.0,0.0,,6.0,6.0,6.0,,,,6.0,6.0,6.0,,,,,,6.0,165.3704197653897,165.3704197653897,165.3704197653897,90.0,1.0
5129.0,DCNN,710.0,2012-10-09,92.97559538261143,92.97559538261143,92.97559538261143,9.0,9.0,9.0,7.8,7.8,7.8,8.4,8.4,8.4,91.9,91.9,91.9,,,,10.0,10.0,400.0,400.0,,0.0,0.0,0.0,,6.0,6.0,6.0,,,,6.0,6.0,6.0,,,,,,6.0,92.97559538261143,92.97559538261143,92.97559538261143,50.0,1.0
5129.0,DCNN,710.0,2012-10-10,230.71721817166548,230.71721817166548,230.71721817166548,9.0,9.0,9.0,5.7,5.7,5.7,7.5,7.5,7.5,79.9,79.9,79.9,,,,4.0,4.0,2000.0,2000.0,,0.0,0.0,0.0,,6.0,6.0,6.0,,,,6.0,6.0,6.0,,,,,,6.0,230.71721817166548,230.71721817166548,230.71721817166548,110.0,0.0
5129.0,DCNN,710.0,2012-10-11,275.8600312005143,275.8600312005143,275.8600312005143,10.8,10.8,10.8,7.3,7.3,7.3,9.1,9.1,9.1,78.7,78.7,78.7,,,,10.0,10.0,400.0,400.0,,0.0,0.0,0.0,,6.0,6.0,6.0,,,,6.0,6.0,6.0,,,,,,6.0,275.8600312005143,275.8600312005143,275.8600312005143,160.0,0.0
5129.0,DCNN,710.0,2012-10-12,315.5269194495836,315.5269194495836,315.5269194495836,10.0,10.0,10.0,5.7,5.7,5.7,8.0,8.0,8.0,74.3,74.3,74.3,,,,12.0,12.0,1000.0,1000.0,,0.0,0.0,0.0,,6.0,6.0,6.0,,,,6.0,6.0,6.0,,,,,,6.0,315.5269194495836,315.5269194495836,315.5269194495836,270.0,1.0
5129.0,DCNN,710.0,2012-10-13,71.9905495080218,71.9905495080218,71.9905495080218,6.0,6.0,6.0,4.8,4.8,4.8,5.5,5.5,5.5,92.3,92.3,92.3,,,,2.0,2.0,1000.0,1000.0,,0.0,0.0,0.0,,6.0,6.0,6.0,,,,6.0,6.0,6.0,,,,,,6.0,71.9905495080218,71.9905495080218,71.9905495080218,230.0,0.0
5129.0,DCNN,710.0,2012-10-14,68.30205500458457,68.30205500458457,68.30205500458457,4.0,4.0,4.0,2.8,2.8,2.8,3.5,3.5,3.5,91.6,91.6,91.6,,,,2.0,2.0,400.0,400.0,,0.0,0.0,0.0,,6.0,6.0,6.0,,,,6.0,6.0,6.0,,,,,,6.0,68.30205500458457,68.30205500458457,68.30205500458457,320.0,0.0
5129.0,DCNN,710.0,2012-10-15,161.26997160953312,161.26997160953312,161.26997160953312,7.0,7.0,7.0,4.5,4.5,4.5,5.9,5.9,5.9,83.9,83.9,83.9,,,,8.0,8.0,1000.0,1000.0,,0.0,0.0,0.0,,6.0,6.0,6.0,,,,6.0,6.0,6.0,,,,,,6.0,161.26997160953312,161.26997160953312,161.26997160953312,230.0,0.0
5129.0,DCNN,710.0,2012-10-16,365.69832468696563,365.69832468696563,365.69832468696563,10.4,10.4,10.4,5.4,5.4,5.4,8.1,8.1,8.1,71.0,71.0,71.0,,,,15.0,15.0,1000.0,1000.0,,0.0,0.0,0.0,,6.0,6.0,6.0,,,,6.0,6.0,6.0,,,,,,6.0,365.69832468696563,365.69832468696563,365.69832468696563,270.0,1.0
5129.0,DCNN,710.0,2012-10-17,156.51354047346064,156.51354047346064,156.51354047346064,12.5,12.5,12.5,10.8,10.8,10.8,11.6,11.6,11.6,89.2,89.2,89.2,,,,12.0,12.0,1000.0,1000.0,,0.0,0.0,0.0,,6.0,6.0,6.0,,,,6.0,6.0,6.0,,,,,,6.0,156.51354047346064,156.51354047346064,156.51354047346064,180.0,2.0
5129.0,DCNN,710.0,2012-10-18,85.53986988837333,85.53986988837333,85.53986988837333,12.0,12.0,12.0,11.1,11.1,11.1,11.5,11.5,11.5,93.9,93.9,93.9,,,,10.0,10.0,1000.0,1000.0,,0.0,0.0,0.0,,6.0,6.0,6.0,,,,6.0,6.0,6.0,,,,,,6.0,85.53986988837333,85.53986988837333,85.53986988837333,160.0,1.0
5129.0,DCNN,710.0,2012-10-19,101.06426148320224,101.06426148320224,101.06426148320224,11.6,11.6,11.6,10.4,10.4,10.4,11.0,11.0,11.0,92.6,92.6,92.6,,,,2.0,2.0,400.0,400.0,,0.0,0.0,0.0,,6.0,6.0,6.0,,,,6.0,6.0,6.0,,,,,,6.0,101.06426148320224,101.06426148320224,101.06426148320224,160.0,1.0
5129.0,DCNN,710.0,2012-10-20,61.98373025507438,61.98373025507438,61.98373025507438,9.0,9.0,9.0,8.2,8.2,8.2,8.6,8.6,8.6,94.6,94.6,94.6,,,,8.0,8.0,100.0,100.0,,0.0,0.0,0.0,,6.0,6.0,6.0,,,,6.0,6.0,6.0,,,,,,6.0,61.98373025507438,61.98373025507438,61.98373025507438,199.99999999999997,1.0
5129.0,DCNN,710.0,2012-10-21,79.54227763526575,79.54227763526575,79.54227763526575,9.5,9.5,9.5,8.5,8.5,8.5,9.0,9.0,9.0,93.3,93.3,93.3,,,,7.0,7.0,1000.0,1000.0,,0.0,0.0,0.0,,6.0,6.0,6.0,,,,6.0,6.0,6.0,,,,,,6.0,79.54227763526575,79.54227763526575,79.54227763526575,20.0,1.0
5129.0,DCNN,710.0,2012-10-22,17.504931940030744,17.504931940030744,17.504931940030744,12.6,12.6,12.6,12.4,12.4,12.4,12.5,12.5,12.5,98.8,98.8,98.8,,,,6.0,6.0,20.0,20.0,,0.0,0.0,0.0,,6.0,6.0,6.0,,,,6.0,6.0,6.0,,,,,,6.0,17.504931940030744,17.504931940030744,17.504931940030744,50.0,1.0
5129.0,DCNN,710.0,2012-10-23,66.47953715939707,66.47953715939707,66.47953715939707,11.5,11.5,11.5,10.7,10.7,10.7,11.1,11.1,11.1,95.1,95.1,95.1,,,,6.0,6.0,20.0,20.0,,0.0,0.0,0.0,,6.0,6.0,6.0,,,,6.0,6.0,6.0,,,,,,6.0,66.47953715939707,66.47953715939707,66.47953715939707,50.0,1.0
5129.0,DCNN,710.0,2012-10-24,69.92241592471157,69.92241592471157,69.92241592471157,12.9,12.9,12.9,12.2,12.2,12.2,12.5,12.5,12.5,95.3,95.3,95.3,,,,8.0,8.0,40.0,40.0,,0.0,0.0,0.0,,6.0,6.0,6.0,,,,6.0,6.0,6.0,,,,,,6.0,69.92241592471157,69.92241592471157,69.92241592471157,70.0,1.0
5129.0,DCNN,710.0,2012-10-25,69.1667382719338,69.1667382719338,69.1667382719338,12.1,12.1,12.1,11.3,11.3,11.3,11.7,11.7,11.7,95.1,95.1,95.1,,,,12.0,12.0,200.0,200.0,,0.0,0.0,0.0,,6.0,6.0,6.0,,,,6.0,6.0,6.0,,,,,,6.0,69.1667382719338,69.1667382719338,69.1667382719338,70.0,1.0
5129.0,DCNN,710.0,2012-10-26,236.92006200090628,236.92006200090628,236.92006200090628,7.6,7.6,7.6,3.9,3.9,3.9,6.0,6.0,6.0,77.3,77.3,77.3,,,,14.0,14.0,1000.0,1000.0,,0.0,0.0,0.0,,6.0,6.0,6.0,,,,6.0,6.0,6.0,,,,,,6.0,236.92006200090628,236.92006200090628,236.92006200090628,20.0,0.0
5129.0,DCNN,710.0,2012-10-27,144.97573902144643,144.97573902144643,144.97573902144643,3.1,3.1,3.1,0.2,0.2,0.2,2.0,2.0,2.0,81.0,81.0,81.0,,,,12.0,12.0,2000.0,2000.0,,0.0,0.0,0.0,,6.0,6.0,6.0,,,,6.0,6.0,6.0,,,,,,6.0,144.97573902144643,144.97573902144643,144.97573902144643,360.0,1.0
5129.0,DCNN,710.0,2012-10-28,121.91959855786826,121.91959855786826,121.91959855786826,3.9,3.9,3.9,1.6,1.6,1.6,3.0,3.0,3.0,84.9,84.9,84.9,,,,10.0,10.0,1000.0,1000.0,,0.0,0.0,0.0,,6.0,6.0,6.0,,,,6.0,6.0,6.0,,,,,,6.0,121.91959855786826,121.91959855786826,121.91959855786826,199.99999999999997,0.0
5129.0,DCNN,710.0,2012-10-29,151.23262259594537,151.23262259594537,151.23262259594537,8.0,8.0,8.0,5.8,5.8,5.8,7.0,7.0,7.0,85.9,85.9,85.9,,,,10.0,10.0,1000.0,1000.0,,0.0,0.0,0.0,,6.0,6.0,6.0,,,,6.0,6.0,6.0,,,,,,6.0,151.23262259594537,151.23262259594537,151.23262259594537,250.0,1.0
5129.0,DCNN,710.0,2012-10-30,129.68558371478338,129.68558371478338,129.68558371478338,6.5,6.5,6.5,4.4,4.4,4.4,5.6,5.6,5.6,86.6,86.6,86.6,,,,6.0,6.0,1000.0,1000.0,,0.0,0.0,0.0,,6.0,6.0,6.0,,,,6.0,6.0,6.0,,,,,,6.0,129.68558371478338,129.68558371478338,129.68558371478338,270.0,1.0
5129.0,DCNN,710.0,2012-10-31,186.05546557037204,186.05546557037204,186.05546557037204,9.1,9.1,9.1,6.5,6.5,6.5,7.9,7.9,7.9,83.9,83.9,83.9,,,,12.0,12.0,1000.0,1000.0,,0.0,0.0,0.0,,6.0,6.0,6.0,,,,6.0,6.0,6.0,,,,,,6.0,186.05546557037204,186.05546557037204,186.05546557037204,360.0,1.0
5129.0,DCNN,710.0,2012-11-01,151.23262259594537,151.23262259594537,151.23262259594537,8.0,8.0,8.0,5.8,5.8,5.8,7.0,7.0,7.0,85.9,85.9,85.9,,,,10.0,10.0,1000.0,1000.0,,0.0,0.0,0.0,,6.0,6.0,6.0,,,,6.0,6.0,6.0,,,,,,6.0,151.23262259594537,151.23262259594537,151.23262259594537,230.0,2.0
5129.0,DCNN,710.0,2012-11-02,138.11788895657054,138.11788895657054,138.11788895657054,4.5,4.5,4.5,2.0,2.0,2.0,3.5,3.5,3.5,83.6,83.6,83.6,,,,9.0,9.0,2000.0,2000.0,,0.0,0.0,0.0,,6.0,6.0,6.0,,,,6.0,6.0,6.0,,,,,,6.0,138.11788895657054,138.11788895657054,138.11788895657054,180.0,1.0
5129.0,DCNN,710.0,2012-11-03,127.33270016074253,127.33270016074253,127.33270016074253,5.5,5.5,5.5,3.3,3.3,3.3,4.6,4.6,4.6,85.9,85.9,85.9,,,,7.0,7.0,4000.0,4000.0,,0.0,0.0,0.0,,6.0,6.0,6.0,,,,6.0,6.0,6.0,,,,,,6.0,127.33270016074253,127.33270016074253,127.33270016074253,230.0,0.0
5129.0,DCNN,710.0,2012-11-04,29.09970331269444,29.09970331269444,29.09970331269444,5.6,5.6,5.6,5.1,5.1,5.1,5.4,5.4,5.4,96.8,96.8,96.8,,,,12.0,12.0,1000.0,1000.0,,0.0,0.0,0.0,,6.0,6.0,6.0,,,,6.0,6.0,6.0,,,,,,6.0,29.09970331269444,29.09970331269444,29.09970331269444,90.0,2.0
5129.0,DCNN,710.0,2012-11-05,173.46024354651857,173.46024354651857,173.46024354651857,6.6,6.6,6.6,3.8,3.8,3.8,5.4,5.4,5.4,82.2,82.2,82.2,,,,10.0,10.0,1000.0,1000.0,,0.0,0.0,0.0,,6.0,6.0,6.0,,,,6.0,6.0,6.0,,,,,,6.0,173.46024354651857,173.46024354651857,173.46024354651857,20.0,1.0
5129.0,DCNN,710.0,2012-11-06,65.07408722538756,65.07408722538756,65.07408722538756,2.5,2.5,2.5,1.2,1.2,1.2,2.0,2.0,2.0,91.1,91.1,91.1,,,,0.0,0.0,400.0,400.0,,0.0,0.0,0.0,,6.0,6.0,6.0,,,,6.0,6.0,6.0,,,,,,6.0,65.07408722538756,65.07408722538756,65.07408722538756,0.0,4.0
5129.0,DCNN,710.0,2012-11-07,14.826671293070294,14.826671293070294,14.826671293070294,5.0,5.0,5.0,4.8,4.8,4.8,4.9,4.9,4.9,98.3,98.3,98.3,,,,7.0,7.0,100.0,100.0,,0.0,0.0,0.0,,6.0,6.0,6.0,,,,6.0,6.0,6.0,,,,,,6.0,14.826671293070294,14.826671293070294,14.826671293070294,210.0,1.0
5129.0,DCNN,710.0,2012-11-08,140.23424195616138,140.23424195616138,140.23424195616138,8.9,8.9,8.9,7.0,7.0,7.0,8.0,8.0,8.0,87.7,87.7,87.7,,,,12.0,12.0,1000.0,1000.0,,0.0,0.0,0.0,,6.0,6.0,6.0,,,,6.0,6.0,6.0,,,,,,6.0,140.23424195616138,140.23424195616138,140.23424195616138,250.0,0.0
5129.0,DCNN,710.0,2012-11-09,290.72952600667605,290.72952600667605,290.72952600667605,8.9,8.9,8.9,4.6,4.6,4.6,7.0,7.0,7.0,74.5,74.5,74.5,,,,7.0,7.0,1000.0,1000.0,,0.0,0.0,0.0,,6.0,6.0,6.0,,,,6.0,6.0,6.0,,,,,,6.0,290.72952600667605,290.72952600667605,290.72952600667605,230.0,0.0
5129.0,DCNN,710.0,2012-11-10,45.66530633571691,45.66530633571691,45.66530633571691,8.2,8.2,8.2,7.6,7.6,7.6,7.9,7.9,7.9,95.8,95.8,95.8,,,,6.0,6.0,1000.0,1000.0,,0.0,0.0,0.0,,6.0,6.0,6.0,,,,6.0,6.0,6.0,,,,,,6.0,45.66530633571691,45.66530633571691,45.66530633571691,230.0,2.0
5129.0,DCNN,710.0,2012-11-11,134.22569405545747,134.22569405545747,134.22569405545747,3.5,3.5,3.5,0.9,0.9,0.9,2.5,2.5,2.5,82.9,82.9,82.9,,,,2.0,2.0,200.0,200.0,,0.0,0.0,0.0,,6.0,6.0,6.0,,,,6.0,6.0,6.0,,,,,,6.0,134.22569405545747,134.22569405545747,134.22569405545747,290.0,4.0
5129.0,DCNN,710.0,2012-11-12,129.68558371478338,129.68558371478338,129.68558371478338,6.5,6.5,6.5,4.4,4.4,4.4,5.6,5.6,5.6,86.6,86.6,86.6,,,,8.0,8.0,1000.0,1000.0,,0.0,0.0,0.0,,6.0,6.0,6.0,,,,6.0,6.0,6.0,,,,,,6.0,129.68558371478338,129.68558371478338,129.68558371478338,180.0,0.0
5129.0,DCNN,710.0,2012-11-13,65.57349270249044,65.57349270249044,65.57349270249044,10.4,10.4,10.4,9.6,9.6,9.6,10.0,10.0,10.0,94.8,94.8,94.8,,,,7.0,7.0,400.0,400.0,,0.0,0.0,0.0,,6.0,6.0,6.0,,,,6.0,6.0,6.0,,,,,,6.0,65.57349270249044,65.57349270249044,65.57349270249044,180.0,1.0
5129.0,DCNN,710.0,2012-11-14,79.80252826545882,79.80252826545882,79.80252826545882,10.0,10.0,10.0,9.0,9.0,9.0,9.5,9.5,9.5,93.5,93.5,93.5,,,,2.0,2.0,400.0,400.0,,0.0,0.0,0.0,,6.0,6.0,6.0,,,,6.0,6.0,6.0,,,,,,6.0,79.80252826545882,79.80252826545882,79.80252826545882,180.0,0.0
5129.0,DCNN,710.0,2012-11-15,14.449100727460069,14.449100727460069,14.449100727460069,5.5,5.5,5.5,5.3,5.3,5.3,5.4,5.4,5.4,98.4,98.4,98.4,,,,6.0,6.0,20.0,20.0,,0.0,0.0,0.0,,6.0,6.0,6.0,,,,6.0,6.0,6.0,,,,,,6.0,14.449100727460069,14.449100727460069,14.449100727460069,20.0,0.0
5129.0,DCNN,710.0,2012-11-16,100.03881555010811,100.03881555010811,100.03881555010811,6.0,6.0,6.0,4.4,4.4,4.4,5.3,5.3,5.3,89.3,89.3,89.3,,,,6.0,6.0,200.0,200.0,,0.0,0.0,0.0,,6.0,6.0,6.0,,,,6.0,6.0,6.0,,,,,,6.0,100.03881555010811,100.03881555010811,100.03881555010811,140.0,0.0
5129.0,DCNN,710.0,2012-11-17,101.06426148320224,101.06426148320224,101.06426148320224,11.6,11.6,11.6,10.4,10.4,10.4,11.0,11.0,11.0,92.6,92.6,92.6,,,,8.0,8.0,1000.0,1000.0,,0.0,0.0,0.0,,6.0,6.0,6.0,,,,6.0,6.0,6.0,,,,,,6.0,101.06426148320224,101.06426148320224,101.06426148320224,270.0,1.0
5129.0,DCNN,710.0,2012-11-18,,,,2.6,2.6,2.6,,,,,,,,,,,,,,,1000.0,1000.0,,0.0,0.0,0.0,,6.0,,,,,,6.0,,6.0,,,,,,6.0,,,,320.0,4.0
5129.0,DCNN,710.0,2012-11-19,203.9380408838988,203.9380408838988,203.9380408838988,6.9,6.9,6.9,3.6,3.6,3.6,5.5,5.5,5.5,79.5,79.5,79.5,,,,8.0,8.0,1000.0,1000.0,,0.0,0.0,0.0,,6.0,6.0,6.0,,,,6.0,6.0,6.0,,,,,,6.0,203.9380408838988,203.9380408838988,203.9380408838988,160.0,0.0
5129.0,DCNN,710.0,2012-11-20,172.45473441057254,172.45473441057254,172.45473441057254,12.5,12.5,12.5,10.6,10.6,10.6,11.5,11.5,11.5,88.1,88.1,88.1,,,,14.0,14.0,1000.0,1000.0,,0.0,0.0,0.0,,6.0,6.0,6.0,,,,6.0,6.0,6.0,,,,,,6.0,172.45473441057254,172.45473441057254,172.45473441057254,210.0,1.0
5129.0,DCNN,710.0,2012-11-21,61.98373025507438,61.98373025507438,61.98373025507438,9.0,9.0,9.0,8.2,8.2,8.2,8.6,8.6,8.6,94.6,94.6,94.6,,,,12.0,12.0,200.0,200.0,,0.0,0.0,0.0,,6.0,6.0,6.0,,,,6.0,6.0,6.0,,,,,,6.0,61.98373025507438,61.98373025507438,61.98373025507438,160.0,2.0
5129.0,DCNN,710.0,2012-11-22,215.71931445600256,215.71931445600256,215.71931445600256,11.5,11.5,11.5,8.9,8.9,8.9,10.2,10.2,10.2,84.1,84.1,84.1,,,,14.0,14.0,1000.0,1000.0,,0.0,0.0,0.0,,6.0,6.0,6.0,,,,6.0,6.0,6.0,,,,,,6.0,215.71931445600256,215.71931445600256,215.71931445600256,210.0,1.0
5129.0,DCNN,710.0,2012-11-23,14.449100727460069,14.449100727460069,14.449100727460069,5.5,5.5,5.5,5.3,5.3,5.3,5.4,5.4,5.4,98.4,98.4,98.4,,,,6.0,6.0,1000.0,1000.0,,0.0,0.0,0.0,,6.0,6.0,6.0,,,,6.0,6.0,6.0,,,,,,6.0,14.449100727460069,14.449100727460069,14.449100727460069,180.0,1.0
5129.0,DCNN,710.0,2012-11-24,14.024133021043209,14.024133021043209,14.024133021043209,6.0,6.0,6.0,5.8,5.8,5.8,5.9,5.9,5.9,98.5,98.5,98.5,,,,10.0,10.0,200.0,200.0,,0.0,0.0,0.0,,6.0,6.0,6.0,,,,6.0,6.0,6.0,,,,,,6.0,14.024133021043209,14.024133021043209,14.024133021043209,110.0,1.0
5129.0,DCNN,710.0,2012-11-25,288.48293058102826,288.48293058102826,288.48293058102826,7.0,7.0,7.0,2.1,2.1,2.1,5.0,5.0,5.0,71.2,71.2,71.2,,,,12.0,12.0,2000.0,2000.0,,0.0,0.0,0.0,,6.0,6.0,6.0,,,,6.0,6.0,6.0,,,,,,6.0,288.48293058102826,288.48293058102826,288.48293058102826,250.0,1.0
5129.0,DCNN,710.0,2012-11-26,60.7214667617291,60.7214667617291,60.7214667617291,7.9,7.9,7.9,7.0,7.0,7.0,7.5,7.5,7.5,94.3,94.3,94.3,,,,5.0,5.0,400.0,400.0,,0.0,0.0,0.0,,6.0,6.0,6.0,,,,6.0,6.0,6.0,,,,,,6.0,60.7214667617291,60.7214667617291,60.7214667617291,180.0,2.0
5129.0,DCNN,710.0,2012-11-27,90.37340738176894,90.37340738176894,90.37340738176894,7.7,7.7,7.7,6.4,6.4,6.4,7.1,7.1,7.1,91.4,91.4,91.4,,,,10.0,10.0,400.0,400.0,,0.0,0.0,0.0,,6.0,6.0,6.0,,,,6.0,6.0,6.0,,,,,,6.0,90.37340738176894,90.37340738176894,90.37340738176894,20.0,2.0
5129.0,DCNN,710.0,2012-11-28,154.59217384868913,154.59217384868913,154.59217384868913,5.6,5.6,5.6,2.9,2.9,2.9,4.5,4.5,4.5,83.0,83.0,83.0,,,,8.0,8.0,1000.0,1000.0,,0.0,0.0,0.0,,6.0,6.0,6.0,,,,6.0,6.0,6.0,,,,,,6.0,154.59217384868913,154.59217384868913,154.59217384868913,360.0,0.0
5129.0,DCNN,710.0,2012-11-29,129.11058075319218,129.11058075319218,129.11058075319218,2.0,2.0,2.0,-0.8,-0.8,-0.8,1.0,1.0,1.0,81.7,81.7,81.7,,,,8.0,8.0,1000.0,1000.0,,0.0,0.0,0.0,,6.0,6.0,6.0,,,,6.0,6.0,6.0,,,,,,6.0,129.11058075319218,129.11058075319218,129.11058075319218,360.0,0.0
5129.0,DCNN,710.0,2012-11-30,189.9077446154256,189.9077446154256,189.9077446154256,1.5,1.5,1.5,-3.0,-3.0,-3.0,0.0,0.0,0.0,72.1,72.1,72.1,,,,2.0,2.0,200.0,200.0,,0.0,0.0,0.0,,6.0,6.0,6.0,,,,6.0,6.0,6.0,,,,,,6.0,189.9077446154256,189.9077446154256,189.9077446154256,340.0,4.0
5129.0,DCNN,710.0,2012-12-01,,,,-1.0,-1.0,-1.0,,,,,,,,,,,,,5.0,5.0,10.0,10.0,,0.0,0.0,0.0,,6.0,,,,,,6.0,6.0,6.0,,,,,,6.0,,,,210.0,4.0
5129.0,DCNN,710.0,2012-12-02,74.1437182680198,74.1437182680198,74.1437182680198,-0.4,-0.4,-0.4,-2.2,-2.2,-2.2,-1.0,-1.0,-1.0,87.5,87.5,87.5,,,,2.0,2.0,1000.0,1000.0,,0.0,0.0,0.0,,6.0,6.0,6.0,,,,6.0,6.0,6.0,,,,,,6.0,74.1437182680198,74.1437182680198,74.1437182680198,320.0,4.0
5129.0,DCNN,710.0,2012-12-03,62.70636835438117,62.70636835438117,62.70636835438117,8.9,8.9,8.9,8.1,8.1,8.1,8.5,8.5,8.5,94.5,94.5,94.5,,,,10.0,10.0,200.0,200.0,,0.0,0.0,0.0,,6.0,6.0,6.0,,,,6.0,6.0,6.0,,,,,,6.0,62.70636835438117,62.70636835438117,62.70636835438117,270.0,2.0
5129.0,DCNN,710.0,2012-12-04,163.68396880908065,163.68396880908065,163.68396880908065,4.6,4.6,4.6,1.6,1.6,1.6,3.4,3.4,3.4,80.7,80.7,80.7,,,,8.0,8.0,4000.0,4000.0,,0.0,0.0,0.0,,6.0,6.0,6.0,,,,6.0,6.0,6.0,,,,,,6.0,163.68396880908065,163.68396880908065,163.68396880908065,270.0,1.0
5129.0,DCNN,710.0,2012-12-05,63.983254458243806,63.983254458243806,63.983254458243806,1.5,1.5,1.5,0.1,0.1,0.1,1.0,1.0,1.0,90.6,90.6,90.6,,,,10.0,10.0,400.0,400.0,,0.0,0.0,0.0,,6.0,6.0,6.0,,,,6.0,6.0,6.0,,,,,,6.0,63.983254458243806,63.983254458243806,63.983254458243806,360.0,1.0
5129.0,DCNN,710.0,2012-12-06,,,,-2.9,-2.9,-2.9,,,,,,,,,,,,,4.0,4.0,400.0,400.0,,0.0,0.0,0.0,,6.0,,,,,,6.0,6.0,6.0,,,,,,6.0,,,,180.0,4.0
5129.0,DCNN,710.0,2012-12-07,51.836207338600865,51.836207338600865,51.836207338600865,1.9,1.9,1.9,0.8,0.8,0.8,1.5,1.5,1.5,92.6,92.6,92.6,,,,15.0,15.0,1000.0,1000.0,,0.0,0.0,0.0,,6.0,6.0,6.0,,,,6.0,6.0,6.0,,,,,,6.0,51.836207338600865,51.836207338600865,51.836207338600865,340.0,2.0
5129.0,DCNN,710.0,2012-12-08,,,,3.0,3.0,3.0,,,,,,,,,,,,,,,1000.0,1000.0,,0.0,0.0,0.0,,6.0,,,,,,6.0,,6.0,,,,,,6.0,,,,340.0,0.0
5129.0,DCNN,710.0,2012-12-09,235.76087738563993,235.76087738563993,235.76087738563993,7.4,7.4,7.4,3.7,3.7,3.7,5.8,5.8,5.8,77.1,77.1,77.1,,,,12.0,12.0,1000.0,1000.0,,0.0,0.0,0.0,,6.0,6.0,6.0,,,,6.0,6.0,6.0,,,,,,6.0,235.76087738563993,235.76087738563993,235.76087738563993,270.0,1.0
5129.0,DCNN,710.0,2012-12-10,196.98548531346532,196.98548531346532,196.98548531346532,3.0,3.0,3.0,-1.2,-1.2,-1.2,1.5,1.5,1.5,74.0,74.0,74.0,,,,12.0,12.0,1000.0,1000.0,,0.0,0.0,0.0,,6.0,6.0,6.0,,,,6.0,6.0,6.0,,,,,,6.0,196.98548531346532,196.98548531346532,196.98548531346532,360.0,0.0
5129.0,DCNN,710.0,2012-12-11,,,,-1.0,-1.0,-1.0,,,,,,,,,,,,,7.0,7.0,200.0,200.0,,0.0,0.0,0.0,,6.0,,,,,,6.0,6.0,6.0,,,,,,6.0,,,,360.0,4.0
5129.0,DCNN,710.0,2012-12-12,,,,-4.5,-4.5,-4.5,,,,,,,,,,,,,0.0,0.0,40.0,40.0,,0.0,0.0,0.0,,6.0,,,,,,6.0,6.0,6.0,,,,,,6.0,,,,0.0,4.0
5129.0,DCNN,710.0,2012-12-13,57.05453001369798,57.05453001369798,57.05453001369798,-2.1,-2.1,-2.1,-3.6,-3.6,-3.6,-2.5,-2.5,-2.5,89.1,89.1,89.1,,,,7.0,7.0,200.0,200.0,,0.0,0.0,0.0,,6.0,6.0,6.0,,,,6.0,6.0,6.0,,,,,,6.0,57.05453001369798,57.05453001369798,57.05453001369798,70.0,4.0
5129.0,DCNN,710.0,2012-12-14,43.0073412645324,43.0073412645324,43.0073412645324,6.0,6.0,6.0,5.3,5.3,5.3,5.7,5.7,5.7,95.4,95.4,95.4,,,,16.0,16.0,400.0,400.0,,0.0,0.0,0.0,,6.0,6.0,6.0,,,,6.0,6.0,6.0,,,,,,6.0,43.0073412645324,43.0073412645324,43.0073412645324,140.0,1.0
5129.0,DCNN,710.0,2012-12-15,133.72020756877998,133.72020756877998,133.72020756877998,7.5,7.5,7.5,5.5,5.5,5.5,6.6,6.6,6.6,87.1,87.1,87.1,,,,10.0,10.0,1000.0,1000.0,,0.0,0.0,0.0,,6.0,6.0,6.0,,,,6.0,6.0,6.0,,,,,,6.0,133.72020756877998,133.72020756877998,133.72020756877998,210.0,1.0
5129.0,DCNN,710.0,2012-12-16,28.781185451254004,28.781185451254004,28.781185451254004,5.0,5.0,5.0,4.5,4.5,4.5,4.8,4.8,4.8,96.7,96.7,96.7,,,,9.0,9.0,1000.0,1000.0,,0.0,0.0,0.0,,6.0,6.0,6.0,,,,6.0,6.0,6.0,,,,,,6.0,28.781185451254004,28.781185451254004,28.781185451254004,210.0,1.0
5129.0,DCNN,710.0,2012-12-17,69.77257079091893,69.77257079091893,69.77257079091893,5.0,5.0,5.0,3.8,3.8,3.8,4.5,4.5,4.5,92.0,92.0,92.0,,,,10.0,10.0,2000.0,2000.0,,0.0,0.0,0.0,,6.0,6.0,6.0,,,,6.0,6.0,6.0,,,,,,6.0,69.77257079091893,69.77257079091893,69.77257079091893,250.0,1.0
5129.0,DCNN,710.0,2012-12-18,128.1315322216581,128.1315322216581,128.1315322216581,5.9,5.9,5.9,3.8,3.8,3.8,5.0,5.0,5.0,86.2,86.2,86.2,,,,6.0,6.0,1000.0,1000.0,,0.0,0.0,0.0,,6.0,6.0,6.0,,,,6.0,6.0,6.0,,,,,,6.0,128.1315322216581,128.1315322216581,128.1315322216581,340.0,1.0
5129.0,DCNN,710.0,2012-12-19,55.4296323479199,55.4296323479199,55.4296323479199,4.9,4.9,4.9,4.0,4.0,4.0,4.5,4.5,4.5,93.6,93.6,93.6,,,,10.0,10.0,400.0,400.0,,0.0,0.0,0.0,,6.0,6.0,6.0,,,,6.0,6.0,6.0,,,,,,6.0,55.4296323479199,55.4296323479199,55.4296323479199,140.0,1.0
5129.0,DCNN,710.0,2012-12-20,15.640754681333284,15.640754681333284,15.640754681333284,8.6,8.6,8.6,8.4,8.4,8.4,8.5,8.5,8.5,98.6,98.6,98.6,,,,7.0,7.0,200.0,200.0,,0.0,0.0,0.0,,6.0,6.0,6.0,,,,6.0,6.0,6.0,,,,,,6.0,15.640754681333284,15.640754681333284,15.640754681333284,140.0,2.0
5129.0,DCNN,710.0,2012-12-21,14.617436253920122,14.617436253920122,14.617436253920122,6.6,6.6,6.6,6.4,6.4,6.4,6.5,6.5,6.5,98.5,98.5,98.5,,,,6.0,6.0,400.0,400.0,,0.0,0.0,0.0,,6.0,6.0,6.0,,,,6.0,6.0,6.0,,,,,,6.0,14.617436253920122,14.617436253920122,14.617436253920122,270.0,1.0
5129.0,DCNN,710.0,2012-12-22,30.061131934066847,30.061131934066847,30.061131934066847,7.5,7.5,7.5,7.1,7.1,7.1,7.3,7.3,7.3,97.1,97.1,97.1,,,,10.0,10.0,1000.0,1000.0,,0.0,0.0,0.0,,6.0,6.0,6.0,,,,6.0,6.0,6.0,,,,,,6.0,30.061131934066847,30.061131934066847,30.061131934066847,160.0,2.0
5129.0,DCNN,710.0,2012-12-23,,,,11.0,11.0,11.0,,,,,,,,,,,,,,,,,,0.0,0.0,0.0,,6.0,,,,,,6.0,,,,,,,,,,,,230.0,
5129.0,DCNN,710.0,2012-12-24,,,,8.5,8.5,8.5,,,,,,,,,,,,,,,,,,0.0,0.0,0.0,,6.0,,,,,,6.0,,,,,,,,,,,,140.0,
5129.0,DCNN,710.0,2012-12-25,,,,6.8,6.8,6.8,,,,,,,,,,,,,,,,,,0.0,0.0,0.0,,6.0,,,,,,6.0,,,,,,,,,,,,180.0,
5129.0,DCNN,710.0,2012-12-26,,,,5.0,5.0,5.0,,,,,,,,,,,,,,,,,,0.0,0.0,0.0,,6.0,,,,,,6.0,,,,,,,,,,,,180.0,
5129.0,DCNN,710.0,2012-12-27,,,,6.8,6.8,6.8,,,,,,,,,,,,,,,,,,0.0,0.0,0.0,,6.0,,,,,,6.0,,,,,,,,,,,,180.0,
5129.0,DCNN,710.0,2012-12-28,15.118578801250333,15.118578801250333,15.118578801250333,8.1,8.1,8.1,7.9,7.9,7.9,8.0,8.0,8.0,98.6,98.6,98.6,,,,10.0,10.0,200.0,200.0,,0.0,0.0,0.0,,6.0,6.0,6.0,,,,6.0,6.0,6.0,,,,,,6.0,15.118578801250333,15.118578801250333,15.118578801250333,180.0,2.0
5129.0,DCNN,710.0,2012-12-29,308.4289574989414,308.4289574989414,308.4289574989414,11.0,11.0,11.0,7.0,7.0,7.0,9.1,9.1,9.1,76.5,76.5,76.5,,,,16.0,16.0,1000.0,1000.0,,0.0,0.0,0.0,,6.0,6.0,6.0,,,,6.0,6.0,6.0,,,,,,6.0,308.4289574989414,308.4289574989414,308.4289574989414,180.0,0.0
5129.0,DCNN,710.0,2012-12-30,210.4150293436385,210.4150293436385,210.4150293436385,5.5,5.5,5.5,1.7,1.7,1.7,4.0,4.0,4.0,76.7,76.7,76.7,,,,18.0,18.0,1000.0,1000.0,,0.0,0.0,0.0,,6.0,6.0,6.0,,,,6.0,6.0,6.0,,,,,,6.0,210.4150293436385,210.4150293436385,210.4150293436385,230.0,1.0
5129.0,DCNN,710.0,2012-12-31,177.7266544890069,177.7266544890069,177.7266544890069,10.5,10.5,10.5,8.3,8.3,8.3,9.4,9.4,9.4,86.0,86.0,86.0,,,,12.0,12.0,200.0,200.0,,0.0,0.0,0.0,,6.0,6.0,6.0,,,,6.0,6.0,6.0,,,,,,6.0,177.7266544890069,177.7266544890069,177.7266544890069,230.0,1.0
